CustomerID,Age,Gender,TenureYears,MonthlyCharges,TotalCharges,ContractType,InternetService,PaymentMethod,SeniorCitizen,SupportCalls,StreamingService,PaperlessBilling,Churn
CUST00001,56.0,Female,0,20.41,131.92,One year,DSL,Bank transfer,No,3,No,Yes,Yes
CUST00002,69.0,Male,9,21.12,394.45,Two year,DSL,Credit card,Yes,1,Yes,No,No
CUST00003,46.0,Female,3,61.66,2755.45,Two year,DSL,Bank transfer,No,3,Yes,No,No
CUST00004,32.0,Male,8,35.53,796.58,Month-to-month,No,Credit card,No,2,No,No,No
CUST00005,60.0,Male,9,86.45,10188.8,Two year,Fiber optic,Electronic check,Yes,3,No,Yes,Yes
CUST00006,56.0,Female,0,20.41,131.92,One year,DSL,Bank transfer,No,3,No,Yes,Yes
CUST00007,69.0,Male,9,21.12,394.45,Two year,DSL,Credit card,Yes,1,Yes,No,No
CUST00008,46.0,Female,3,61.66,2755.45,Two year,DSL,Bank transfer,No,3,Yes,No,No
CUST00009,32.0,Male,8,35.53,796.58,Month-to-month,No,Credit card,No,2,No,No,No
CUST00010,60.0,Male,9,86.45,10188.8,Two year,Fiber optic,Electronic check,Yes,3,No,Yes,Yes
CUST00011,56.0,Female,0,20.41,131.92,One year,DSL,Bank transfer,No,3,No,Yes,Yes
CUST00012,69.0,Male,9,21.12,394.45,Two year,DSL,Credit card,Yes,1,Yes,No,No
CUST00013,46.0,Female,3,61.66,2755.45,Two year,DSL,Bank transfer,No,3,Yes,No,No
CUST00014,32.0,Male,8,35.53,796.58,Month-to-month,No,Credit card,No,2,No,No,No
CUST00015,60.0,Male,9,86.45,10188.8,Two year,Fiber optic,Electronic check,Yes,3,No,Yes,Yes
CUST00016,56.0,Female,0,20.41,131.92,One year,DSL,Bank transfer,No,3,No,Yes,Yes
CUST00017,69.0,Male,9,21.12,394.45,Two year,DSL,Credit card,Yes,1,Yes,No,No
CUST00018,46.0,Female,3,61.66,2755.45,Two year,DSL,Bank transfer,No,3,Yes,No,No
CUST00019,32.0,Male,8,35.53,796.58,Month-to-month,No,Credit card,No,2,No,No,No
CUST00020,60.0,Male,9,86.45,10188.8,Two year,Fiber optic,Electronic check,Yes,3,No,Yes,Yes
CUST00021,56.0,Female,0,20.41,131.92,One year,DSL,Bank transfer,No,3,No,Yes,Yes
CUST00022,69.0,Male,9,21.12,394.45,Two year,DSL,Credit card,Yes,1,Yes,No,No
CUST00023,46.0,Female,3,61.66,2755.45,Two year,DSL,Bank transfer,No,3,Yes,No,No
CUST00024,32.0,Male,8,35.53,796.58,Month-to-month,No,Credit card,No,2,No,No,No
CUST00025,60.0,Male,9,86.45,10188.8,Two year,Fiber optic,Electronic check,Yes,3,No,Yes,Yes
CUST00026,56.0,Female,0,20.41,131.92,One year,DSL,Bank transfer,No,3,No,Yes,Yes
CUST00027,69.0,Male,9,21.12,394.45,Two year,DSL,Credit card,Yes,1,Yes,No,No
CUST00028,46.0,Female,3,61.66,2755.45,Two year,DSL,Bank transfer,No,3,Yes,No,No
CUST00029,32.0,Male,8,35.53,796.58,Month-to-month,No,Credit card,No,2,No,No,No
CUST00030,60.0,Male,9,86.45,10188.8,Two year,Fiber optic,Electronic check,Yes,3,No,Yes,Yes
CUST00031,56.0,Female,0,20.41,131.92,One year,DSL,Bank transfer,No,3,No,Yes,Yes
CUST00032,69.0,Male,9,21.12,394.45,Two year,DSL,Credit card,Yes,1,Yes,No,No
CUST00033,46.0,Female,3,61.66,2755.45,Two year,DSL,Bank transfer,No,3,Yes,No,No
CUST00034,32.0,Male,8,35.53,796.58,Month-to-month,No,Credit card,No,2,No,No,No
CUST00035,60.0,Male,9,86.45,10188.8,Two year,Fiber optic,Electronic check,Yes,3,No,Yes,Yes
CUST00036,56.0,Female,0,20.41,131.92,One year,DSL,Bank transfer,No,3,No,Yes,Yes
CUST00037,69.0,Male,9,21.12,394.45,Two year,DSL,Credit card,Yes,1,Yes,No,No
CUST00038,46.0,Female,3,61.66,2755.45,Two year,DSL,Bank transfer,No,3,Yes,No,No
CUST00039,32.0,Male,8,35.53,796.58,Month-to-month,No,Credit card,No,2,No,No,No
CUST00040,60.0,Male,9,86.45,10188.8,Two year,Fiber optic,Electronic check,Yes,3,No,Yes,Yes
CUST00041,56.0,Female,0,20.41,131.92,One year,DSL,Bank transfer,No,3,No,Yes,Yes
CUST00042,69.0,Male,9,21.12,394.45,Two year,DSL,Credit card,Yes,1,Yes,No,No
CUST00043,46.0,Female,3,61.66,2755.45,Two year,DSL,Bank transfer,No,3,Yes,No,No
CUST00044,32.0,Male,8,35.53,796.58,Month-to-month,No,Credit card,No,2,No,No,No
CUST00045,60.0,Male,9,86.45,10188.8,Two year,Fiber optic,Electronic check,Yes,3,No,Yes,Yes
CUST00046,56.0,Female,0,20.41,131.92,One year,DSL,Bank transfer,No,3,No,Yes,Yes
CUST00047,69.0,Male,9,21.12,394.45,Two year,DSL,Credit card,Yes,1,Yes,No,No
CUST00048,46.0,Female,3,61.66,2755.45,Two year,DSL,Bank transfer,No,3,Yes,No,No
CUST00049,32.0,Male,8,35.53,796.58,Month-to-month,No,Credit card,No,2,No,No,No
CUST00050,60.0,Male,9,86.45,10188.8,Two year,Fiber optic,Electronic check,Yes,3,No,Yes,Yes
CUST00051,56.0,Female,0,20.41,131.92,One year,DSL,Bank transfer,No,3,No,Yes,Yes
CUST00052,69.0,Male,9,21.12,394.45,Two year,DSL,Credit card,Yes,1,Yes,No,No
CUST00053,46.0,Female,3,61.66,2755.45,Two year,DSL,Bank transfer,No,3,Yes,No,No
CUST00054,32.0,Male,8,35.53,796.58,Month-to-month,No,Credit card,No,2,No,No,No
CUST00055,60.0,Male,9,86.45,10188.8,Two year,Fiber optic,Electronic check,Yes,3,No,Yes,Yes
CUST00056,56.0,Female,0,20.41,131.92,One year,DSL,Bank transfer,No,3,No,Yes,Yes
CUST00057,69.0,Male,9,21.12,394.45,Two year,DSL,Credit card,Yes,1,Yes,No,No
CUST00058,46.0,Female,3,61.66,2755.45,Two year,DSL,Bank transfer,No,3,Yes,No,No
CUST00059,32.0,Male,8,35.53,796.58,Month-to-month,No,Credit card,No,2,No,No,No
CUST00060,60.0,Male,9,86.45,10188.8,Two year,Fiber optic,Electronic check,Yes,3,No,Yes,Yes
CUST00061,56.0,Female,0,20.41,131.92,One year,DSL,Bank transfer,No,3,No,Yes,Yes
CUST00062,69.0,Male,9,21.12,394.45,Two year,DSL,Credit card,Yes,1,Yes,No,No
CUST00063,46.0,Female,3,61.66,2755.45,Two year,DSL,Bank transfer,No,3,Yes,No,No
CUST00064,32.0,Male,8,35.53,796.58,Month-to-month,No,Credit card,No,2,No,No,No
CUST00065,60.0,Male,9,86.45,10188.8,Two year,Fiber optic,Electronic check,Yes,3,No,Yes,Yes
CUST00066,56.0,Female,0,20.41,131.92,One year,DSL,Bank transfer,No,3,No,Yes,Yes
CUST00067,69.0,Male,9,21.12,394.45,Two year,DSL,Credit card,Yes,1,Yes,No,No
CUST00068,46.0,Female,3,61.66,2755.45,Two year,DSL,Bank transfer,No,3,Yes,No,No
CUST00069,32.0,Male,8,35.53,796.58,Month-to-month,No,Credit card,No,2,No,No,No
CUST00070,60.0,Male,9,86.45,10188.8,Two year,Fiber optic,Electronic check,Yes,3,No,Yes,Yes
CUST00071,56.0,Female,0,20.41,131.92,One year,DSL,Bank transfer,No,3,No,Yes,Yes
CUST00072,69.0,Male,9,21.12,394.45,Two year,DSL,Credit card,Yes,1,Yes,No,No
CUST00073,46.0,Female,3,61.66,2755.45,Two year,DSL,Bank transfer,No,3,Yes,No,No
CUST00074,32.0,Male,8,35.53,796.58,Month-to-month,No,Credit card,No,2,No,No,No
CUST00075,60.0,Male,9,86.45,10188.8,Two year,Fiber optic,Electronic check,Yes,3,No,Yes,Yes
CUST00076,56.0,Female,0,20.41,131.92,One year,DSL,Bank transfer,No,3,No,Yes,Yes
CUST00077,69.0,Male,9,21.12,394.45,Two year,DSL,Credit card,Yes,1,Yes,No,No
CUST00078,46.0,Female,3,61.66,2755.45,Two year,DSL,Bank transfer,No,3,Yes,No,No
CUST00079,32.0,Male,8,35.53,796.58,Month-to-month,No,Credit card,No,2,No,No,No
CUST00080,60.0,Male,9,86.45,10188.8,Two year,Fiber optic,Electronic check,Yes,3,No,Yes,Yes
CUST00081,56.0,Female,0,20.41,131.92,One year,DSL,Bank transfer,No,3,No,Yes,Yes
CUST00082,69.0,Male,9,21.12,394.45,Two year,DSL,Credit card,Yes,1,Yes,No,No
CUST00083,46.0,Female,3,61.66,2755.45,Two year,DSL,Bank transfer,No,3,Yes,No,No
CUST00084,32.0,Male,8,35.53,796.58,Month-to-month,No,Credit card,No,2,No,No,No
CUST00085,60.0,Male,9,86.45,10188.8,Two year,Fiber optic,Electronic check,Yes,3,No,Yes,Yes
CUST00086,56.0,Female,0,20.41,131.92,One year,DSL,Bank transfer,No,3,No,Yes,Yes
CUST00087,69.0,Male,9,21.12,394.45,Two year,DSL,Credit card,Yes,1,Yes,No,No
CUST00088,46.0,Female,3,61.66,2755.45,Two year,DSL,Bank transfer,No,3,Yes,No,No
CUST00089,32.0,Male,8,35.53,796.58,Month-to-month,No,Credit card,No,2,No,No,No
CUST00090,60.0,Male,9,86.45,10188.8,Two year,Fiber optic,Electronic check,Yes,3,No,Yes,Yes
CUST00091,56.0,Female,0,20.41,131.92,One year,DSL,Bank transfer,No,3,No,Yes,Yes
CUST00092,69.0,Male,9,21.12,394.45,Two year,DSL,Credit card,Yes,1,Yes,No,No
CUST00093,46.0,Female,3,61.66,2755.45,Two year,DSL,Bank transfer,No,3,Yes,No,No
CUST00094,32.0,Male,8,35.53,796.58,Month-to-month,No,Credit card,No,2,No,No,No
CUST00095,60.0,Male,9,86.45,10188.8,Two year,Fiber optic,Electronic check,Yes,3,No,Yes,Yes
CUST00096,56.0,Female,0,20.41,131.92,One year,DSL,Bank transfer,No,3,No,Yes,Yes
CUST00097,69.0,Male,9,21.12,394.45,Two year,DSL,Credit card,Yes,1,Yes,No,No
CUST00098,46.0,Female,3,61.66,2755.45,Two year,DSL,Bank transfer,No,3,Yes,No,No
CUST00099,32.0,Male,8,35.53,796.58,Month-to-month,No,Credit card,No,2,No,No,No
CUST00100,60.0,Male,9,86.45,10188.8,Two year,Fiber optic,Electronic check,Yes,3,No,Yes,Yes
CUST00101,56.0,Female,0,20.41,131.92,One year,DSL,Bank transfer,No,3,No,Yes,Yes
CUST00102,69.0,Male,9,21.12,394.45,Two year,DSL,Credit card,Yes,1,Yes,No,No
CUST00103,46.0,Female,3,61.66,2755.45,Two year,DSL,Bank transfer,No,3,Yes,No,No
CUST00104,32.0,Male,8,35.53,796.58,Month-to-month,No,Credit card,No,2,No,No,No
CUST00105,60.0,Male,9,86.45,10188.8,Two year,Fiber optic,Electronic check,Yes,3,No,Yes,Yes
CUST00106,56.0,Female,0,20.41,131.92,One year,DSL,Bank transfer,No,3,No,Yes,Yes
CUST00107,69.0,Male,9,21.12,394.45,Two year,DSL,Credit card,Yes,1,Yes,No,No
CUST00108,46.0,Female,3,61.66,2755.45,Two year,DSL,Bank transfer,No,3,Yes,No,No
CUST00109,32.0,Male,8,35.53,796.58,Month-to-month,No,Credit card,No,2,No,No,No
CUST00110,60.0,Male,9,86.45,10188.8,Two year,Fiber optic,Electronic check,Yes,3,No,Yes,Yes
CUST00111,56.0,Female,0,20.41,131.92,One year,DSL,Bank transfer,No,3,No,Yes,Yes
CUST00112,69.0,Male,9,21.12,394.45,Two year,DSL,Credit card,Yes,1,Yes,No,No
CUST00113,46.0,Female,3,61.66,2755.45,Two year,DSL,Bank transfer,No,3,Yes,No,No
CUST00114,32.0,Male,8,35.53,796.58,Month-to-month,No,Credit card,No,2,No,No,No
CUST00115,60.0,Male,9,86.45,10188.8,Two year,Fiber optic,Electronic check,Yes,3,No,Yes,Yes
CUST00116,56.0,Female,0,20.41,131.92,One year,DSL,Bank transfer,No,3,No,Yes,Yes
CUST00117,69.0,Male,9,21.12,394.45,Two year,DSL,Credit card,Yes,1,Yes,No,No
CUST00118,46.0,Female,3,61.66,2755.45,Two year,DSL,Bank transfer,No,3,Yes,No,No
CUST00119,32.0,Male,8,35.53,796.58,Month-to-month,No,Credit card,No,2,No,No,No
CUST00120,60.0,Male,9,86.45,10188.8,Two year,Fiber optic,Electronic check,Yes,3,No,Yes,Yes
CUST00121,56.0,Female,0,20.41,131.92,One year,DSL,Bank transfer,No,3,No,Yes,Yes
CUST00122,69.0,Male,9,21.12,394.45,Two year,DSL,Credit card,Yes,1,Yes,No,No
CUST00123,46.0,Female,3,61.66,2755.45,Two year,DSL,Bank transfer,No,3,Yes,No,No
CUST00124,32.0,Male,8,35.53,796.58,Month-to-month,No,Credit card,No,2,No,No,No
CUST00125,60.0,Male,9,86.45,10188.8,Two year,Fiber optic,Electronic check,Yes,3,No,Yes,Yes
CUST00126,56.0,Female,0,20.41,131.92,One year,DSL,Bank transfer,No,3,No,Yes,Yes
CUST00127,69.0,Male,9,21.12,394.45,Two year,DSL,Credit card,Yes,1,Yes,No,No
CUST00128,46.0,Female,3,61.66,2755.45,Two year,DSL,Bank transfer,No,3,Yes,No,No
CUST00129,32.0,Male,8,35.53,796.58,Month-to-month,No,Credit card,No,2,No,No,No
CUST00130,60.0,Male,9,86.45,10188.8,Two year,Fiber optic,Electronic check,Yes,3,No,Yes,Yes
CUST00131,56.0,Female,0,20.41,131.92,One year,DSL,Bank transfer,No,3,No,Yes,Yes
CUST00132,69.0,Male,9,21.12,394.45,Two year,DSL,Credit card,Yes,1,Yes,No,No
CUST00133,46.0,Female,3,61.66,2755.45,Two year,DSL,Bank transfer,No,3,Yes,No,No
CUST00134,32.0,Male,8,35.53,796.58,Month-to-month,No,Credit card,No,2,No,No,No
CUST00135,60.0,Male,9,86.45,10188.8,Two year,Fiber optic,Electronic check,Yes,3,No,Yes,Yes
CUST00136,56.0,Female,0,20.41,131.92,One year,DSL,Bank transfer,No,3,No,Yes,Yes
CUST00137,69.0,Male,9,21.12,394.45,Two year,DSL,Credit card,Yes,1,Yes,No,No
CUST00138,46.0,Female,3,61.66,2755.45,Two year,DSL,Bank transfer,No,3,Yes,No,No
CUST00139,32.0,Male,8,35.53,796.58,Month-to-month,No,Credit card,No,2,No,No,No
CUST00140,60.0,Male,9,86.45,10188.8,Two year,Fiber optic,Electronic check,Yes,3,No,Yes,Yes
CUST00141,56.0,Female,0,20.41,131.92,One year,DSL,Bank transfer,No,3,No,Yes,Yes
CUST00142,69.0,Male,9,21.12,394.45,Two year,DSL,Credit card,Yes,1,Yes,No,No
CUST00143,46.0,Female,3,61.66,2755.45,Two year,DSL,Bank transfer,No,3,Yes,No,No
CUST00144,32.0,Male,8,35.53,796.58,Month-to-month,No,Credit card,No,2,No,No,No
CUST00145,60.0,Male,9,86.45,10188.8,Two year,Fiber optic,Electronic check,Yes,3,No,Yes,Yes
CUST00146,56.0,Female,0,20.41,131.92,One year,DSL,Bank transfer,No,3,No,Yes,Yes
CUST00147,69.0,Male,9,21.12,394.45,Two year,DSL,Credit card,Yes,1,Yes,No,No
CUST00148,46.0,Female,3,61.66,2755.45,Two year,DSL,Bank transfer,No,3,Yes,No,No
CUST00149,32.0,Male,8,35.53,796.58,Month-to-month,No,Credit card,No,2,No,No,No
CUST00150,60.0,Male,9,86.45,10188.8,Two year,Fiber optic,Electronic check,Yes,3,No,Yes,Yes
CUST00151,56.0,Female,0,20.41,131.92,One year,DSL,Bank transfer,No,3,No,Yes,Yes
CUST00152,69.0,Male,9,21.12,394.45,Two year,DSL,Credit card,Yes,1,Yes,No,No
CUST00153,46.0,Female,3,61.66,2755.45,Two year,DSL,Bank transfer,No,3,Yes,No,No
CUST00154,32.0,Male,8,35.53,796.58,Month-to-month,No,Credit card,No,2,No,No,No
CUST00155,60.0,Male,9,86.45,10188.8,Two year,Fiber optic,Electronic check,Yes,3,No,Yes,Yes
CUST00156,56.0,Female,0,20.41,131.92,One year,DSL,Bank transfer,No,3,No,Yes,Yes
CUST00157,69.0,Male,9,21.12,394.45,Two year,DSL,Credit card,Yes,1,Yes,No,No
CUST00158,46.0,Female,3,61.66,2755.45,Two year,DSL,Bank transfer,No,3,Yes,No,No
CUST00159,32.0,Male,8,35.53,796.58,Month-to-month,No,Credit card,No,2,No,No,No
CUST00160,60.0,Male,9,86.45,10188.8,Two year,Fiber optic,Electronic check,Yes,3,No,Yes,Yes
CUST00161,56.0,Female,0,20.41,131.92,One year,DSL,Bank transfer,No,3,No,Yes,Yes
CUST00162,69.0,Male,9,21.12,394.45,Two year,DSL,Credit card,Yes,1,Yes,No,No
CUST00163,46.0,Female,3,61.66,2755.45,Two year,DSL,Bank transfer,No,3,Yes,No,No
CUST00164,32.0,Male,8,35.53,796.58,Month-to-month,No,Credit card,No,2,No,No,No
CUST00165,60.0,Male,9,86.45,10188.8,Two year,Fiber optic,Electronic check,Yes,3,No,Yes,Yes
CUST00166,56.0,Female,0,20.41,131.92,One year,DSL,Bank transfer,No,3,No,Yes,Yes
CUST00167,69.0,Male,9,21.12,394.45,Two year,DSL,Credit card,Yes,1,Yes,No,No
CUST00168,46.0,Female,3,61.66,2755.45,Two year,DSL,Bank transfer,No,3,Yes,No,No
CUST00169,32.0,Male,8,35.53,796.58,Month-to-month,No,Credit card,No,2,No,No,No
CUST00170,60.0,Male,9,86.45,10188.8,Two year,Fiber optic,Electronic check,Yes,3,No,Yes,Yes
CUST00171,56.0,Female,0,20.41,131.92,One year,DSL,Bank transfer,No,3,No,Yes,Yes
CUST00172,69.0,Male,9,21.12,394.45,Two year,DSL,Credit card,Yes,1,Yes,No,No
CUST00173,46.0,Female,3,61.66,2755.45,Two year,DSL,Bank transfer,No,3,Yes,No,No
CUST00174,32.0,Male,8,35.53,796.58,Month-to-month,No,Credit card,No,2,No,No,No
CUST00175,60.0,Male,9,86.45,10188.8,Two year,Fiber optic,Electronic check,Yes,3,No,Yes,Yes
CUST00176,56.0,Female,0,20.41,131.92,One year,DSL,Bank transfer,No,3,No,Yes,Yes
CUST00177,69.0,Male,9,21.12,394.45,Two year,DSL,Credit card,Yes,1,Yes,No,No
CUST00178,46.0,Female,3,61.66,2755.45,Two year,DSL,Bank transfer,No,3,Yes,No,No
CUST00179,32.0,Male,8,35.53,796.58,Month-to-month,No,Credit card,No,2,No,No,No
CUST00180,60.0,Male,9,86.45,10188.8,Two year,Fiber optic,Electronic check,Yes,3,No,Yes,Yes
CUST00181,56.0,Female,0,20.41,131.92,One year,DSL,Bank transfer,No,3,No,Yes,Yes
CUST00182,69.0,Male,9,21.12,394.45,Two year,DSL,Credit card,Yes,1,Yes,No,No
CUST00183,46.0,Female,3,61.66,2755.45,Two year,DSL,Bank transfer,No,3,Yes,No,No
CUST00184,32.0,Male,8,35.53,796.58,Month-to-month,No,Credit card,No,2,No,No,No
CUST00185,60.0,Male,9,86.45,10188.8,Two year,Fiber optic,Electronic check,Yes,3,No,Yes,Yes
CUST00186,56.0,Female,0,20.41,131.92,One year,DSL,Bank transfer,No,3,No,Yes,Yes
CUST00187,69.0,Male,9,21.12,394.45,Two year,DSL,Credit card,Yes,1,Yes,No,No
CUST00188,46.0,Female,3,61.66,2755.45,Two year,DSL,Bank transfer,No,3,Yes,No,No
CUST00189,32.0,Male,8,35.53,796.58,Month-to-month,No,Credit card,No,2,No,No,No
CUST00190,60.0,Male,9,86.45,10188.8,Two year,Fiber optic,Electronic check,Yes,3,No,Yes,Yes
CUST00191,56.0,Female,0,20.41,131.92,One year,DSL,Bank transfer,No,3,No,Yes,Yes
CUST00192,69.0,Male,9,21.12,394.45,Two year,DSL,Credit card,Yes,1,Yes,No,No
CUST00193,46.0,Female,3,61.66,2755.45,Two year,DSL,Bank transfer,No,3,Yes,No,No
CUST00194,32.0,Male,8,35.53,796.58,Month-to-month,No,Credit card,No,2,No,No,No
CUST00195,60.0,Male,9,86.45,10188.8,Two year,Fiber optic,Electronic check,Yes,3,No,Yes,Yes
CUST00196,56.0,Female,0,20.41,131.92,One year,DSL,Bank transfer,No,3,No,Yes,Yes
CUST00197,69.0,Male,9,21.12,394.45,Two year,DSL,Credit card,Yes,1,Yes,No,No
CUST00198,46.0,Female,3,61.66,2755.45,Two year,DSL,Bank transfer,No,3,Yes,No,No
CUST00199,32.0,Male,8,35.53,796.58,Month-to-month,No,Credit card,No,2,No,No,No
CUST00200,60.0,Male,9,86.45,10188.8,Two year,Fiber optic,Electronic check,Yes,3,No,Yes,Yes
CUST00201,56.0,Female,0,20.41,131.92,One year,DSL,Bank transfer,No,3,No,Yes,Yes
CUST00202,69.0,Male,9,21.12,394.45,Two year,DSL,Credit card,Yes,1,Yes,No,No
CUST00203,46.0,Female,3,61.66,2755.45,Two year,DSL,Bank transfer,No,3,Yes,No,No
CUST00204,32.0,Male,8,35.53,796.58,Month-to-month,No,Credit card,No,2,No,No,No
CUST00205,60.0,Male,9,86.45,10188.8,Two year,Fiber optic,Electronic check,Yes,3,No,Yes,Yes
CUST00206,56.0,Female,0,20.41,131.92,One year,DSL,Bank transfer,No,3,No,Yes,Yes
CUST00207,69.0,Male,9,21.12,394.45,Two year,DSL,Credit card,Yes,1,Yes,No,No
CUST00208,46.0,Female,3,61.66,2755.45,Two year,DSL,Bank transfer,No,3,Yes,No,No
CUST00209,32.0,Male,8,35.53,796.58,Month-to-month,No,Credit card,No,2,No,No,No
CUST00210,60.0,Male,9,86.45,10188.8,Two year,Fiber optic,Electronic check,Yes,3,No,Yes,Yes
CUST00211,56.0,Female,0,20.41,131.92,One year,DSL,Bank transfer,No,3,No,Yes,Yes
CUST00212,69.0,Male,9,21.12,394.45,Two year,DSL,Credit card,Yes,1,Yes,No,No
CUST00213,46.0,Female,3,61.66,2755.45,Two year,DSL,Bank transfer,No,3,Yes,No,No
CUST00214,32.0,Male,8,35.53,796.58,Month-to-month,No,Credit card,No,2,No,No,No
CUST00215,60.0,Male,9,86.45,10188.8,Two year,Fiber optic,Electronic check,Yes,3,No,Yes,Yes
CUST00216,56.0,Female,0,20.41,131.92,One year,DSL,Bank transfer,No,3,No,Yes,Yes
CUST00217,69.0,Male,9,21.12,394.45,Two year,DSL,Credit card,Yes,1,Yes,No,No
CUST00218,46.0,Female,3,61.66,2755.45,Two year,DSL,Bank transfer,No,3,Yes,No,No
CUST00219,32.0,Male,8,35.53,796.58,Month-to-month,No,Credit card,No,2,No,No,No
CUST00220,60.0,Male,9,86.45,10188.8,Two year,Fiber optic,Electronic check,Yes,3,No,Yes,Yes
CUST00221,56.0,Female,0,20.41,131.92,One year,DSL,Bank transfer,No,3,No,Yes,Yes
CUST00222,69.0,Male,9,21.12,394.45,Two year,DSL,Credit card,Yes,1,Yes,No,No
CUST00223,46.0,Female,3,61.66,2755.45,Two year,DSL,Bank transfer,No,3,Yes,No,No
CUST00224,32.0,Male,8,35.53,796.58,Month-to-month,No,Credit card,No,2,No,No,No
CUST00225,60.0,Male,9,86.45,10188.8,Two year,Fiber optic,Electronic check,Yes,3,No,Yes,Yes
CUST00226,56.0,Female,0,20.41,131.92,One year,DSL,Bank transfer,No,3,No,Yes,Yes
CUST00227,69.0,Male,9,21.12,394.45,Two year,DSL,Credit card,Yes,1,Yes,No,No
CUST00228,46.0,Female,3,61.66,2755.45,Two year,DSL,Bank transfer,No,3,Yes,No,No
CUST00229,32.0,Male,8,35.53,796.58,Month-to-month,No,Credit card,No,2,No,No,No
CUST00230,60.0,Male,9,86.45,10188.8,Two year,Fiber optic,Electronic check,Yes,3,No,Yes,Yes
CUST00231,56.0,Female,0,20.41,131.92,One year,DSL,Bank transfer,No,3,No,Yes,Yes
CUST00232,69.0,Male,9,21.12,394.45,Two year,DSL,Credit card,Yes,1,Yes,No,No
CUST00233,46.0,Female,3,61.66,2755.45,Two year,DSL,Bank transfer,No,3,Yes,No,No
CUST00234,32.0,Male,8,35.53,796.58,Month-to-month,No,Credit card,No,2,No,No,No
CUST00235,60.0,Male,9,86.45,10188.8,Two year,Fiber optic,Electronic check,Yes,3,No,Yes,Yes
CUST00236,56.0,Female,0,20.41,131.92,One year,DSL,Bank transfer,No,3,No,Yes,Yes
CUST00237,69.0,Male,9,21.12,394.45,Two year,DSL,Credit card,Yes,1,Yes,No,No
CUST00238,46.0,Female,3,61.66,2755.45,Two year,DSL,Bank transfer,No,3,Yes,No,No
CUST00239,32.0,Male,8,35.53,796.58,Month-to-month,No,Credit card,No,2,No,No,No
CUST00240,60.0,Male,9,86.45,10188.8,Two year,Fiber optic,Electronic check,Yes,3,No,Yes,Yes
CUST00241,56.0,Female,0,20.41,131.92,One year,DSL,Bank transfer,No,3,No,Yes,Yes
CUST00242,69.0,Male,9,21.12,394.45,Two year,DSL,Credit card,Yes,1,Yes,No,No
CUST00243,46.0,Female,3,61.66,2755.45,Two year,DSL,Bank transfer,No,3,Yes,No,No
CUST00244,32.0,Male,8,35.53,796.58,Month-to-month,No,Credit card,No,2,No,No,No
CUST00245,60.0,Male,9,86.45,10188.8,Two year,Fiber optic,Electronic check,Yes,3,No,Yes,Yes
CUST00246,56.0,Female,0,20.41,131.92,One year,DSL,Bank transfer,No,3,No,Yes,Yes
CUST00247,69.0,Male,9,21.12,394.45,Two year,DSL,Credit card,Yes,1,Yes,No,No
CUST00248,46.0,Female,3,61.66,2755.45,Two year,DSL,Bank transfer,No,3,Yes,No,No
CUST00249,32.0,Male,8,35.53,796.58,Month-to-month,No,Credit card,No,2,No,No,No
CUST00250,60.0,Male,9,86.45,10188.8,Two year,Fiber optic,Electronic check,Yes,3,No,Yes,Yes
CUST00251,56.0,Female,0,20.41,131.92,One year,DSL,Bank transfer,No,3,No,Yes,Yes
CUST00252,69.0,Male,9,21.12,394.45,Two year,DSL,Credit card,Yes,1,Yes,No,No
CUST00253,46.0,Female,3,61.66,2755.45,Two year,DSL,Bank transfer,No,3,Yes,No,No
CUST00254,32.0,Male,8,35.53,796.58,Month-to-month,No,Credit card,No,2,No,No,No
CUST00255,60.0,Male,9,86.45,10188.8,Two year,Fiber optic,Electronic check,Yes,3,No,Yes,Yes
CUST00256,56.0,Female,0,20.41,131.92,One year,DSL,Bank transfer,No,3,No,Yes,Yes
CUST00257,69.0,Male,9,21.12,394.45,Two year,DSL,Credit card,Yes,1,Yes,No,No
CUST00258,46.0,Female,3,61.66,2755.45,Two year,DSL,Bank transfer,No,3,Yes,No,No
CUST00259,32.0,Male,8,35.53,796.58,Month-to-month,No,Credit card,No,2,No,No,No
CUST00260,60.0,Male,9,86.45,10188.8,Two year,Fiber optic,Electronic check,Yes,3,No,Yes,Yes
CUST00261,56.0,Female,0,20.41,131.92,One year,DSL,Bank transfer,No,3,No,Yes,Yes
CUST00262,69.0,Male,9,21.12,394.45,Two year,DSL,Credit card,Yes,1,Yes,No,No
CUST00263,46.0,Female,3,61.66,2755.45,Two year,DSL,Bank transfer,No,3,Yes,No,No
CUST00264,32.0,Male,8,35.53,796.58,Month-to-month,No,Credit card,No,2,No,No,No
CUST00265,60.0,Male,9,86.45,10188.8,Two year,Fiber optic,Electronic check,Yes,3,No,Yes,Yes
CUST00266,56.0,Female,0,20.41,131.92,One year,DSL,Bank transfer,No,3,No,Yes,Yes
CUST00267,69.0,Male,9,21.12,394.45,Two year,DSL,Credit card,Yes,1,Yes,No,No
CUST00268,46.0,Female,3,61.66,2755.45,Two year,DSL,Bank transfer,No,3,Yes,No,No
CUST00269,32.0,Male,8,35.53,796.58,Month-to-month,No,Credit card,No,2,No,No,No
CUST00270,60.0,Male,9,86.45,10188.8,Two year,Fiber optic,Electronic check,Yes,3,No,Yes,Yes
CUST00271,56.0,Female,0,20.41,131.92,One year,DSL,Bank transfer,No,3,No,Yes,Yes
CUST00272,69.0,Male,9,21.12,394.45,Two year,DSL,Credit card,Yes,1,Yes,No,No
CUST00273,46.0,Female,3,61.66,2755.45,Two year,DSL,Bank transfer,No,3,Yes,No,No
CUST00274,32.0,Male,8,35.53,796.58,Month-to-month,No,Credit card,No,2,No,No,No
CUST00275,60.0,Male,9,86.45,10188.8,Two year,Fiber optic,Electronic check,Yes,3,No,Yes,Yes
CUST00276,56.0,Female,0,20.41,131.92,One year,DSL,Bank transfer,No,3,No,Yes,Yes
CUST00277,69.0,Male,9,21.12,394.45,Two year,DSL,Credit card,Yes,1,Yes,No,No
CUST00278,46.0,Female,3,61.66,2755.45,Two year,DSL,Bank transfer,No,3,Yes,No,No
CUST00279,32.0,Male,8,35.53,796.58,Month-to-month,No,Credit card,No,2,No,No,No
CUST00280,60.0,Male,9,86.45,10188.8,Two year,Fiber optic,Electronic check,Yes,3,No,Yes,Yes
CUST00281,56.0,Female,0,20.41,131.92,One year,DSL,Bank transfer,No,3,No,Yes,Yes
CUST00282,69.0,Male,9,21.12,394.45,Two year,DSL,Credit card,Yes,1,Yes,No,No
CUST00283,46.0,Female,3,61.66,2755.45,Two year,DSL,Bank transfer,No,3,Yes,No,No
CUST00284,32.0,Male,8,35.53,796.58,Month-to-month,No,Credit card,No,2,No,No,No
CUST00285,60.0,Male,9,86.45,10188.8,Two year,Fiber optic,Electronic check,Yes,3,No,Yes,Yes
CUST00286,56.0,Female,0,20.41,131.92,One year,DSL,Bank transfer,No,3,No,Yes,Yes
CUST00287,69.0,Male,9,21.12,394.45,Two year,DSL,Credit card,Yes,1,Yes,No,No
CUST00288,46.0,Female,3,61.66,2755.45,Two year,DSL,Bank transfer,No,3,Yes,No,No
CUST00289,32.0,Male,8,35.53,796.58,Month-to-month,No,Credit card,No,2,No,No,No
CUST00290,60.0,Male,9,86.45,10188.8,Two year,Fiber optic,Electronic check,Yes,3,No,Yes,Yes
CUST00291,56.0,Female,0,20.41,131.92,One year,DSL,Bank transfer,No,3,No,Yes,Yes
CUST00292,69.0,Male,9,21.12,394.45,Two year,DSL,Credit card,Yes,1,Yes,No,No
CUST00293,46.0,Female,3,61.66,2755.45,Two year,DSL,Bank transfer,No,3,Yes,No,No
CUST00294,32.0,Male,8,35.53,796.58,Month-to-month,No,Credit card,No,2,No,No,No
CUST00295,60.0,Male,9,86.45,10188.8,Two year,Fiber optic,Electronic check,Yes,3,No,Yes,Yes
CUST00296,56.0,Female,0,20.41,131.92,One year,DSL,Bank transfer,No,3,No,Yes,Yes
CUST00297,69.0,Male,9,21.12,394.45,Two year,DSL,Credit card,Yes,1,Yes,No,No
CUST00298,46.0,Female,3,61.66,2755.45,Two year,DSL,Bank transfer,No,3,Yes,No,No
CUST00299,32.0,Male,8,35.53,796.58,Month-to-month,No,Credit card,No,2,No,No,No
CUST00300,60.0,Male,9,86.45,10188.8,Two year,Fiber optic,Electronic check,Yes,3,No,Yes,Yes
CUST00301,56.0,Female,0,20.41,131.92,One year,DSL,Bank transfer,No,3,No,Yes,Yes
CUST00302,69.0,Male,9,21.12,394.45,Two year,DSL,Credit card,Yes,1,Yes,No,No
CUST00303,46.0,Female,3,61.66,2755.45,Two year,DSL,Bank transfer,No,3,Yes,No,No
CUST00304,32.0,Male,8,35.53,796.58,Month-to-month,No,Credit card,No,2,No,No,No
CUST00305,60.0,Male,9,86.45,10188.8,Two year,Fiber optic,Electronic check,Yes,3,No,Yes,Yes
CUST00306,56.0,Female,0,20.41,131.92,One year,DSL,Bank transfer,No,3,No,Yes,Yes
CUST00307,69.0,Male,9,21.12,394.45,Two year,DSL,Credit card,Yes,1,Yes,No,No
CUST00308,46.0,Female,3,61.66,2755.45,Two year,DSL,Bank transfer,No,3,Yes,No,No
CUST00309,32.0,Male,8,35.53,796.58,Month-to-month,No,Credit card,No,2,No,No,No
CUST00310,60.0,Male,9,86.45,10188.8,Two year,Fiber optic,Electronic check,Yes,3,No,Yes,Yes
CUST00311,56.0,Female,0,20.41,131.92,One year,DSL,Bank transfer,No,3,No,Yes,Yes
CUST00312,69.0,Male,9,21.12,394.45,Two year,DSL,Credit card,Yes,1,Yes,No,No
CUST00313,46.0,Female,3,61.66,2755.45,Two year,DSL,Bank transfer,No,3,Yes,No,No
CUST00314,32.0,Male,8,35.53,796.58,Month-to-month,No,Credit card,No,2,No,No,No
CUST00315,60.0,Male,9,86.45,10188.8,Two year,Fiber optic,Electronic check,Yes,3,No,Yes,Yes
CUST00316,56.0,Female,0,20.41,131.92,One year,DSL,Bank transfer,No,3,No,Yes,Yes
CUST00317,69.0,Male,9,21.12,394.45,Two year,DSL,Credit card,Yes,1,Yes,No,No
CUST00318,46.0,Female,3,61.66,2755.45,Two year,DSL,Bank transfer,No,3,Yes,No,No
CUST00319,32.0,Male,8,35.53,796.58,Month-to-month,No,Credit card,No,2,No,No,No
CUST00320,60.0,Male,9,86.45,10188.8,Two year,Fiber optic,Electronic check,Yes,3,No,Yes,Yes
CUST00321,56.0,Female,0,20.41,131.92,One year,DSL,Bank transfer,No,3,No,Yes,Yes
CUST00322,69.0,Male,9,21.12,394.45,Two year,DSL,Credit card,Yes,1,Yes,No,No
CUST00323,46.0,Female,3,61.66,2755.45,Two year,DSL,Bank transfer,No,3,Yes,No,No
CUST00324,32.0,Male,8,35.53,796.58,Month-to-month,No,Credit card,No,2,No,No,No
CUST00325,60.0,Male,9,86.45,10188.8,Two year,Fiber optic,Electronic check,Yes,3,No,Yes,Yes
CUST00326,56.0,Female,0,20.41,131.92,One year,DSL,Bank transfer,No,3,No,Yes,Yes
CUST00327,69.0,Male,9,21.12,394.45,Two year,DSL,Credit card,Yes,1,Yes,No,No
CUST00328,46.0,Female,3,61.66,2755.45,Two year,DSL,Bank transfer,No,3,Yes,No,No
CUST00329,32.0,Male,8,35.53,796.58,Month-to-month,No,Credit card,No,2,No,No,No
CUST00330,60.0,Male,9,86.45,10188.8,Two year,Fiber optic,Electronic check,Yes,3,No,Yes,Yes
CUST00331,56.0,Female,0,20.41,131.92,One year,DSL,Bank transfer,No,3,No,Yes,Yes
CUST00332,69.0,Male,9,21.12,394.45,Two year,DSL,Credit card,Yes,1,Yes,No,No
CUST00333,46.0,Female,3,61.66,2755.45,Two year,DSL,Bank transfer,No,3,Yes,No,No
CUST00334,32.0,Male,8,35.53,796.58,Month-to-month,No,Credit card,No,2,No,No,No
CUST00335,60.0,Male,9,86.45,10188.8,Two year,Fiber optic,Electronic check,Yes,3,No,Yes,Yes
CUST00336,56.0,Female,0,20.41,131.92,One year,DSL,Bank transfer,No,3,No,Yes,Yes
CUST00337,69.0,Male,9,21.12,394.45,Two year,DSL,Credit card,Yes,1,Yes,No,No
CUST00338,46.0,Female,3,61.66,2755.45,Two year,DSL,Bank transfer,No,3,Yes,No,No
CUST00339,32.0,Male,8,35.53,796.58,Month-to-month,No,Credit card,No,2,No,No,No
CUST00340,60.0,Male,9,86.45,10188.8,Two year,Fiber optic,Electronic check,Yes,3,No,Yes,Yes
CUST00341,56.0,Female,0,20.41,131.92,One year,DSL,Bank transfer,No,3,No,Yes,Yes
CUST00342,69.0,Male,9,21.12,394.45,Two year,DSL,Credit card,Yes,1,Yes,No,No
CUST00343,46.0,Female,3,61.66,2755.45,Two year,DSL,Bank transfer,No,3,Yes,No,No
CUST00344,32.0,Male,8,35.53,796.58,Month-to-month,No,Credit card,No,2,No,No,No
CUST00345,60.0,Male,9,86.45,10188.8,Two year,Fiber optic,Electronic check,Yes,3,No,Yes,Yes
CUST00346,56.0,Female,0,20.41,131.92,One year,DSL,Bank transfer,No,3,No,Yes,Yes
CUST00347,69.0,Male,9,21.12,394.45,Two year,DSL,Credit card,Yes,1,Yes,No,No
CUST00348,46.0,Female,3,61.66,2755.45,Two year,DSL,Bank transfer,No,3,Yes,No,No
CUST00349,32.0,Male,8,35.53,796.58,Month-to-month,No,Credit card,No,2,No,No,No
CUST00350,60.0,Male,9,86.45,10188.8,Two year,Fiber optic,Electronic check,Yes,3,No,Yes,Yes
CUST00351,56.0,Female,0,20.41,131.92,One year,DSL,Bank transfer,No,3,No,Yes,Yes
CUST00352,69.0,Male,9,21.12,394.45,Two year,DSL,Credit card,Yes,1,Yes,No,No
CUST00353,46.0,Female,3,61.66,2755.45,Two year,DSL,Bank transfer,No,3,Yes,No,No
CUST00354,32.0,Male,8,35.53,796.58,Month-to-month,No,Credit card,No,2,No,No,No
CUST00355,60.0,Male,9,86.45,10188.8,Two year,Fiber optic,Electronic check,Yes,3,No,Yes,Yes
CUST00356,56.0,Female,0,20.41,131.92,One year,DSL,Bank transfer,No,3,No,Yes,Yes
CUST00357,69.0,Male,9,21.12,394.45,Two year,DSL,Credit card,Yes,1,Yes,No,No
CUST00358,46.0,Female,3,61.66,2755.45,Two year,DSL,Bank transfer,No,3,Yes,No,No
CUST00359,32.0,Male,8,35.53,796.58,Month-to-month,No,Credit card,No,2,No,No,No
CUST00360,60.0,Male,9,86.45,10188.8,Two year,Fiber optic,Electronic check,Yes,3,No,Yes,Yes
CUST00361,56.0,Female,0,20.41,131.92,One year,DSL,Bank transfer,No,3,No,Yes,Yes
CUST00362,69.0,Male,9,21.12,394.45,Two year,DSL,Credit card,Yes,1,Yes,No,No
CUST00363,46.0,Female,3,61.66,2755.45,Two year,DSL,Bank transfer,No,3,Yes,No,No
CUST00364,32.0,Male,8,35.53,796.58,Month-to-month,No,Credit card,No,2,No,No,No
CUST00365,60.0,Male,9,86.45,10188.8,Two year,Fiber optic,Electronic check,Yes,3,No,Yes,Yes
CUST00366,56.0,Female,0,20.41,131.92,One year,DSL,Bank transfer,No,3,No,Yes,Yes
CUST00367,69.0,Male,9,21.12,394.45,Two year,DSL,Credit card,Yes,1,Yes,No,No
CUST00368,46.0,Female,3,61.66,2755.45,Two year,DSL,Bank transfer,No,3,Yes,No,No
CUST00369,32.0,Male,8,35.53,796.58,Month-to-month,No,Credit card,No,2,No,No,No
CUST00370,60.0,Male,9,86.45,10188.8,Two year,Fiber optic,Electronic check,Yes,3,No,Yes,Yes
CUST00371,56.0,Female,0,20.41,131.92,One year,DSL,Bank transfer,No,3,No,Yes,Yes
CUST00372,69.0,Male,9,21.12,394.45,Two year,DSL,Credit card,Yes,1,Yes,No,No
CUST00373,46.0,Female,3,61.66,2755.45,Two year,DSL,Bank transfer,No,3,Yes,No,No
CUST00374,32.0,Male,8,35.53,796.58,Month-to-month,No,Credit card,No,2,No,No,No
CUST00375,60.0,Male,9,86.45,10188.8,Two year,Fiber optic,Electronic check,Yes,3,No,Yes,Yes
CUST00376,56.0,Female,0,20.41,131.92,One year,DSL,Bank transfer,No,3,No,Yes,Yes
CUST00377,69.0,Male,9,21.12,394.45,Two year,DSL,Credit card,Yes,1,Yes,No,No
CUST00378,46.0,Female,3,61.66,2755.45,Two year,DSL,Bank transfer,No,3,Yes,No,No
CUST00379,32.0,Male,8,35.53,796.58,Month-to-month,No,Credit card,No,2,No,No,No
CUST00380,60.0,Male,9,86.45,10188.8,Two year,Fiber optic,Electronic check,Yes,3,No,Yes,Yes
CUST00381,56.0,Female,0,20.41,131.92,One year,DSL,Bank transfer,No,3,No,Yes,Yes
CUST00382,69.0,Male,9,21.12,394.45,Two year,DSL,Credit card,Yes,1,Yes,No,No
CUST00383,46.0,Female,3,61.66,2755.45,Two year,DSL,Bank transfer,No,3,Yes,No,No
CUST00384,32.0,Male,8,35.53,796.58,Month-to-month,No,Credit card,No,2,No,No,No
CUST00385,60.0,Male,9,86.45,10188.8,Two year,Fiber optic,Electronic check,Yes,3,No,Yes,Yes
CUST00386,56.0,Female,0,20.41,131.92,One year,DSL,Bank transfer,No,3,No,Yes,Yes
CUST00387,69.0,Male,9,21.12,394.45,Two year,DSL,Credit card,Yes,1,Yes,No,No
CUST00388,46.0,Female,3,61.66,2755.45,Two year,DSL,Bank transfer,No,3,Yes,No,No
CUST00389,32.0,Male,8,35.53,796.58,Month-to-month,No,Credit card,No,2,No,No,No
CUST00390,60.0,Male,9,86.45,10188.8,Two year,Fiber optic,Electronic check,Yes,3,No,Yes,Yes
CUST00391,56.0,Female,0,20.41,131.92,One year,DSL,Bank transfer,No,3,No,Yes,Yes
CUST00392,69.0,Male,9,21.12,394.45,Two year,DSL,Credit card,Yes,1,Yes,No,No
CUST00393,46.0,Female,3,61.66,2755.45,Two year,DSL,Bank transfer,No,3,Yes,No,No
CUST00394,32.0,Male,8,35.53,796.58,Month-to-month,No,Credit card,No,2,No,No,No
CUST00395,60.0,Male,9,86.45,10188.8,Two year,Fiber optic,Electronic check,Yes,3,No,Yes,Yes
CUST00396,56.0,Female,0,20.41,131.92,One year,DSL,Bank transfer,No,3,No,Yes,Yes
CUST00397,69.0,Male,9,21.12,394.45,Two year,DSL,Credit card,Yes,1,Yes,No,No
CUST00398,46.0,Female,3,61.66,2755.45,Two year,DSL,Bank transfer,No,3,Yes,No,No
CUST00399,32.0,Male,8,35.53,796.58,Month-to-month,No,Credit card,No,2,No,No,No
CUST00400,60.0,Male,9,86.45,10188.8,Two year,Fiber optic,Electronic check,Yes,3,No,Yes,Yes
CUST00401,56.0,Female,0,20.41,131.92,One year,DSL,Bank transfer,No,3,No,Yes,Yes
CUST00402,69.0,Male,9,21.12,394.45,Two year,DSL,Credit card,Yes,1,Yes,No,No
CUST00403,46.0,Female,3,61.66,2755.45,Two year,DSL,Bank transfer,No,3,Yes,No,No
CUST00404,32.0,Male,8,35.53,796.58,Month-to-month,No,Credit card,No,2,No,No,No
CUST00405,60.0,Male,9,86.45,10188.8,Two year,Fiber optic,Electronic check,Yes,3,No,Yes,Yes
CUST00406,56.0,Female,0,20.41,131.92,One year,DSL,Bank transfer,No,3,No,Yes,Yes
CUST00407,69.0,Male,9,21.12,394.45,Two year,DSL,Credit card,Yes,1,Yes,No,No
CUST00408,46.0,Female,3,61.66,2755.45,Two year,DSL,Bank transfer,No,3,Yes,No,No
CUST00409,32.0,Male,8,35.53,796.58,Month-to-month,No,Credit card,No,2,No,No,No
CUST00410,60.0,Male,9,86.45,10188.8,Two year,Fiber optic,Electronic check,Yes,3,No,Yes,Yes
CUST00411,56.0,Female,0,20.41,131.92,One year,DSL,Bank transfer,No,3,No,Yes,Yes
CUST00412,69.0,Male,9,21.12,394.45,Two year,DSL,Credit card,Yes,1,Yes,No,No
CUST00413,46.0,Female,3,61.66,2755.45,Two year,DSL,Bank transfer,No,3,Yes,No,No
CUST00414,32.0,Male,8,35.53,796.58,Month-to-month,No,Credit card,No,2,No,No,No
CUST00415,60.0,Male,9,86.45,10188.8,Two year,Fiber optic,Electronic check,Yes,3,No,Yes,Yes
CUST00416,56.0,Female,0,20.41,131.92,One year,DSL,Bank transfer,No,3,No,Yes,Yes
CUST00417,69.0,Male,9,21.12,394.45,Two year,DSL,Credit card,Yes,1,Yes,No,No
CUST00418,46.0,Female,3,61.66,2755.45,Two year,DSL,Bank transfer,No,3,Yes,No,No
CUST00419,32.0,Male,8,35.53,796.58,Month-to-month,No,Credit card,No,2,No,No,No
CUST00420,60.0,Male,9,86.45,10188.8,Two year,Fiber optic,Electronic check,Yes,3,No,Yes,Yes
CUST00421,56.0,Female,0,20.41,131.92,One year,DSL,Bank transfer,No,3,No,Yes,Yes
CUST00422,69.0,Male,9,21.12,394.45,Two year,DSL,Credit card,Yes,1,Yes,No,No
CUST00423,46.0,Female,3,61.66,2755.45,Two year,DSL,Bank transfer,No,3,Yes,No,No
CUST00424,32.0,Male,8,35.53,796.58,Month-to-month,No,Credit card,No,2,No,No,No
CUST00425,60.0,Male,9,86.45,10188.8,Two year,Fiber optic,Electronic check,Yes,3,No,Yes,Yes
CUST00426,56.0,Female,0,20.41,131.92,One year,DSL,Bank transfer,No,3,No,Yes,Yes
CUST00427,69.0,Male,9,21.12,394.45,Two year,DSL,Credit card,Yes,1,Yes,No,No
CUST00428,46.0,Female,3,61.66,2755.45,Two year,DSL,Bank transfer,No,3,Yes,No,No
CUST00429,32.0,Male,8,35.53,796.58,Month-to-month,No,Credit card,No,2,No,No,No
CUST00430,60.0,Male,9,86.45,10188.8,Two year,Fiber optic,Electronic check,Yes,3,No,Yes,Yes
CUST00431,56.0,Female,0,20.41,131.92,One year,DSL,Bank transfer,No,3,No,Yes,Yes
CUST00432,69.0,Male,9,21.12,394.45,Two year,DSL,Credit card,Yes,1,Yes,No,No
CUST00433,46.0,Female,3,61.66,2755.45,Two year,DSL,Bank transfer,No,3,Yes,No,No
CUST00434,32.0,Male,8,35.53,796.58,Month-to-month,No,Credit card,No,2,No,No,No
CUST00435,60.0,Male,9,86.45,10188.8,Two year,Fiber optic,Electronic check,Yes,3,No,Yes,Yes
CUST00436,56.0,Female,0,20.41,131.92,One year,DSL,Bank transfer,No,3,No,Yes,Yes
CUST00437,69.0,Male,9,21.12,394.45,Two year,DSL,Credit card,Yes,1,Yes,No,No
CUST00438,46.0,Female,3,61.66,2755.45,Two year,DSL,Bank transfer,No,3,Yes,No,No
CUST00439,32.0,Male,8,35.53,796.58,Month-to-month,No,Credit card,No,2,No,No,No
CUST00440,60.0,Male,9,86.45,10188.8,Two year,Fiber optic,Electronic check,Yes,3,No,Yes,Yes
CUST00441,56.0,Female,0,20.41,131.92,One year,DSL,Bank transfer,No,3,No,Yes,Yes
CUST00442,69.0,Male,9,21.12,394.45,Two year,DSL,Credit card,Yes,1,Yes,No,No
CUST00443,46.0,Female,3,61.66,2755.45,Two year,DSL,Bank transfer,No,3,Yes,No,No
CUST00444,32.0,Male,8,35.53,796.58,Month-to-month,No,Credit card,No,2,No,No,No
CUST00445,60.0,Male,9,86.45,10188.8,Two year,Fiber optic,Electronic check,Yes,3,No,Yes,Yes
CUST00446,56.0,Female,0,20.41,131.92,One year,DSL,Bank transfer,No,3,No,Yes,Yes
CUST00447,69.0,Male,9,21.12,394.45,Two year,DSL,Credit card,Yes,1,Yes,No,No
CUST00448,46.0,Female,3,61.66,2755.45,Two year,DSL,Bank transfer,No,3,Yes,No,No
CUST00449,32.0,Male,8,35.53,796.58,Month-to-month,No,Credit card,No,2,No,No,No
CUST00450,60.0,Male,9,86.45,10188.8,Two year,Fiber optic,Electronic check,Yes,3,No,Yes,Yes
CUST00451,56.0,Female,0,20.41,131.92,One year,DSL,Bank transfer,No,3,No,Yes,Yes
CUST00452,69.0,Male,9,21.12,394.45,Two year,DSL,Credit card,Yes,1,Yes,No,No
CUST00453,46.0,Female,3,61.66,2755.45,Two year,DSL,Bank transfer,No,3,Yes,No,No
CUST00454,32.0,Male,8,35.53,796.58,Month-to-month,No,Credit card,No,2,No,No,No
CUST00455,60.0,Male,9,86.45,10188.8,Two year,Fiber optic,Electronic check,Yes,3,No,Yes,Yes
CUST00456,56.0,Female,0,20.41,131.92,One year,DSL,Bank transfer,No,3,No,Yes,Yes
CUST00457,69.0,Male,9,21.12,394.45,Two year,DSL,Credit card,Yes,1,Yes,No,No
CUST00458,46.0,Female,3,61.66,2755.45,Two year,DSL,Bank transfer,No,3,Yes,No,No
CUST00459,32.0,Male,8,35.53,796.58,Month-to-month,No,Credit card,No,2,No,No,No
CUST00460,60.0,Male,9,86.45,10188.8,Two year,Fiber optic,Electronic check,Yes,3,No,Yes,Yes
CUST00461,56.0,Female,0,20.41,131.92,One year,DSL,Bank transfer,No,3,No,Yes,Yes
CUST00462,69.0,Male,9,21.12,394.45,Two year,DSL,Credit card,Yes,1,Yes,No,No
CUST00463,46.0,Female,3,61.66,2755.45,Two year,DSL,Bank transfer,No,3,Yes,No,No
CUST00464,32.0,Male,8,35.53,796.58,Month-to-month,No,Credit card,No,2,No,No,No
CUST00465,60.0,Male,9,86.45,10188.8,Two year,Fiber optic,Electronic check,Yes,3,No,Yes,Yes
CUST00466,56.0,Female,0,20.41,131.92,One year,DSL,Bank transfer,No,3,No,Yes,Yes
CUST00467,69.0,Male,9,21.12,394.45,Two year,DSL,Credit card,Yes,1,Yes,No,No
CUST00468,46.0,Female,3,61.66,2755.45,Two year,DSL,Bank transfer,No,3,Yes,No,No
CUST00469,32.0,Male,8,35.53,796.58,Month-to-month,No,Credit card,No,2,No,No,No
CUST00470,60.0,Male,9,86.45,10188.8,Two year,Fiber optic,Electronic check,Yes,3,No,Yes,Yes
CUST00471,56.0,Female,0,20.41,131.92,One year,DSL,Bank transfer,No,3,No,Yes,Yes
CUST00472,69.0,Male,9,21.12,394.45,Two year,DSL,Credit card,Yes,1,Yes,No,No
CUST00473,46.0,Female,3,61.66,2755.45,Two year,DSL,Bank transfer,No,3,Yes,No,No
CUST00474,32.0,Male,8,35.53,796.58,Month-to-month,No,Credit card,No,2,No,No,No
CUST00475,60.0,Male,9,86.45,10188.8,Two year,Fiber optic,Electronic check,Yes,3,No,Yes,Yes
CUST00476,56.0,Female,0,20.41,131.92,One year,DSL,Bank transfer,No,3,No,Yes,Yes
CUST00477,69.0,Male,9,21.12,394.45,Two year,DSL,Credit card,Yes,1,Yes,No,No
CUST00478,46.0,Female,3,61.66,2755.45,Two year,DSL,Bank transfer,No,3,Yes,No,No
CUST00479,32.0,Male,8,35.53,796.58,Month-to-month,No,Credit card,No,2,No,No,No
CUST00480,60.0,Male,9,86.45,10188.8,Two year,Fiber optic,Electronic check,Yes,3,No,Yes,Yes
CUST00481,56.0,Female,0,20.41,131.92,One year,DSL,Bank transfer,No,3,No,Yes,Yes
CUST00482,69.0,Male,9,21.12,394.45,Two year,DSL,Credit card,Yes,1,Yes,No,No
CUST00483,46.0,Female,3,61.66,2755.45,Two year,DSL,Bank transfer,No,3,Yes,No,No
CUST00484,32.0,Male,8,35.53,796.58,Month-to-month,No,Credit card,No,2,No,No,No
CUST00485,60.0,Male,9,86.45,10188.8,Two year,Fiber optic,Electronic check,Yes,3,No,Yes,Yes
CUST00486,56.0,Female,0,20.41,131.92,One year,DSL,Bank transfer,No,3,No,Yes,Yes
CUST00487,69.0,Male,9,21.12,394.45,Two year,DSL,Credit card,Yes,1,Yes,No,No
CUST00488,46.0,Female,3,61.66,2755.45,Two year,DSL,Bank transfer,No,3,Yes,No,No
CUST00489,32.0,Male,8,35.53,796.58,Month-to-month,No,Credit card,No,2,No,No,No
CUST00490,60.0,Male,9,86.45,10188.8,Two year,Fiber optic,Electronic check,Yes,3,No,Yes,Yes
CUST00491,56.0,Female,0,20.41,131.92,One year,DSL,Bank transfer,No,3,No,Yes,Yes
CUST00492,69.0,Male,9,21.12,394.45,Two year,DSL,Credit card,Yes,1,Yes,No,No
CUST00493,46.0,Female,3,61.66,2755.45,Two year,DSL,Bank transfer,No,3,Yes,No,No
CUST00494,32.0,Male,8,35.53,796.58,Month-to-month,No,Credit card,No,2,No,No,No
CUST00495,60.0,Male,9,86.45,10188.8,Two year,Fiber optic,Electronic check,Yes,3,No,Yes,Yes
CUST00496,56.0,Female,0,20.41,131.92,One year,DSL,Bank transfer,No,3,No,Yes,Yes
CUST00497,69.0,Male,9,21.12,394.45,Two year,DSL,Credit card,Yes,1,Yes,No,No
CUST00498,46.0,Female,3,61.66,2755.45,Two year,DSL,Bank transfer,No,3,Yes,No,No
CUST00499,32.0,Male,8,35.53,796.58,Month-to-month,No,Credit card,No,2,No,No,No
CUST00500,60.0,Male,9,86.45,10188.8,Two year,Fiber optic,Electronic check,Yes,3,No,Yes,Yes
CUST00501,56.0,Female,0,20.41,131.92,One year,DSL,Bank transfer,No,3,No,Yes,Yes
CUST00502,69.0,Male,9,21.12,394.45,Two year,DSL,Credit card,Yes,1,Yes,No,No
CUST00503,46.0,Female,3,61.66,2755.45,Two year,DSL,Bank transfer,No,3,Yes,No,No
CUST00504,32.0,Male,8,35.53,796.58,Month-to-month,No,Credit card,No,2,No,No,No
CUST00505,60.0,Male,9,86.45,10188.8,Two year,Fiber optic,Electronic check,Yes,3,No,Yes,Yes
CUST00506,56.0,Female,0,20.41,131.92,One year,DSL,Bank transfer,No,3,No,Yes,Yes
CUST00507,69.0,Male,9,21.12,394.45,Two year,DSL,Credit card,Yes,1,Yes,No,No
CUST00508,46.0,Female,3,61.66,2755.45,Two year,DSL,Bank transfer,No,3,Yes,No,No
CUST00509,32.0,Male,8,35.53,796.58,Month-to-month,No,Credit card,No,2,No,No,No
CUST00510,60.0,Male,9,86.45,10188.8,Two year,Fiber optic,Electronic check,Yes,3,No,Yes,Yes
CUST00511,56.0,Female,0,20.41,131.92,One year,DSL,Bank transfer,No,3,No,Yes,Yes
CUST00512,69.0,Male,9,21.12,394.45,Two year,DSL,Credit card,Yes,1,Yes,No,No
CUST00513,46.0,Female,3,61.66,2755.45,Two year,DSL,Bank transfer,No,3,Yes,No,No
CUST00514,32.0,Male,8,35.53,796.58,Month-to-month,No,Credit card,No,2,No,No,No
CUST00515,60.0,Male,9,86.45,10188.8,Two year,Fiber optic,Electronic check,Yes,3,No,Yes,Yes
CUST00516,56.0,Female,0,20.41,131.92,One year,DSL,Bank transfer,No,3,No,Yes,Yes
CUST00517,69.0,Male,9,21.12,394.45,Two year,DSL,Credit card,Yes,1,Yes,No,No
CUST00518,46.0,Female,3,61.66,2755.45,Two year,DSL,Bank transfer,No,3,Yes,No,No
CUST00519,32.0,Male,8,35.53,796.58,Month-to-month,No,Credit card,No,2,No,No,No
CUST00520,60.0,Male,9,86.45,10188.8,Two year,Fiber optic,Electronic check,Yes,3,No,Yes,Yes
CUST00521,56.0,Female,0,20.41,131.92,One year,DSL,Bank transfer,No,3,No,Yes,Yes
CUST00522,69.0,Male,9,21.12,394.45,Two year,DSL,Credit card,Yes,1,Yes,No,No
CUST00523,46.0,Female,3,61.66,2755.45,Two year,DSL,Bank transfer,No,3,Yes,No,No
CUST00524,32.0,Male,8,35.53,796.58,Month-to-month,No,Credit card,No,2,No,No,No
CUST00525,60.0,Male,9,86.45,10188.8,Two year,Fiber optic,Electronic check,Yes,3,No,Yes,Yes
CUST00526,56.0,Female,0,20.41,131.92,One year,DSL,Bank transfer,No,3,No,Yes,Yes
CUST00527,69.0,Male,9,21.12,394.45,Two year,DSL,Credit card,Yes,1,Yes,No,No
CUST00528,46.0,Female,3,61.66,2755.45,Two year,DSL,Bank transfer,No,3,Yes,No,No
CUST00529,32.0,Male,8,35.53,796.58,Month-to-month,No,Credit card,No,2,No,No,No
CUST00530,60.0,Male,9,86.45,10188.8,Two year,Fiber optic,Electronic check,Yes,3,No,Yes,Yes
CUST00531,56.0,Female,0,20.41,131.92,One year,DSL,Bank transfer,No,3,No,Yes,Yes
CUST00532,69.0,Male,9,21.12,394.45,Two year,DSL,Credit card,Yes,1,Yes,No,No
CUST00533,46.0,Female,3,61.66,2755.45,Two year,DSL,Bank transfer,No,3,Yes,No,No
CUST00534,32.0,Male,8,35.53,796.58,Month-to-month,No,Credit card,No,2,No,No,No
CUST00535,60.0,Male,9,86.45,10188.8,Two year,Fiber optic,Electronic check,Yes,3,No,Yes,Yes
CUST00536,56.0,Female,0,20.41,131.92,One year,DSL,Bank transfer,No,3,No,Yes,Yes
CUST00537,69.0,Male,9,21.12,394.45,Two year,DSL,Credit card,Yes,1,Yes,No,No
CUST00538,46.0,Female,3,61.66,2755.45,Two year,DSL,Bank transfer,No,3,Yes,No,No
CUST00539,32.0,Male,8,35.53,796.58,Month-to-month,No,Credit card,No,2,No,No,No
CUST00540,60.0,Male,9,86.45,10188.8,Two year,Fiber optic,Electronic check,Yes,3,No,Yes,Yes
CUST00541,56.0,Female,0,20.41,131.92,One year,DSL,Bank transfer,No,3,No,Yes,Yes
CUST00542,69.0,Male,9,21.12,394.45,Two year,DSL,Credit card,Yes,1,Yes,No,No
CUST00543,46.0,Female,3,61.66,2755.45,Two year,DSL,Bank transfer,No,3,Yes,No,No
CUST00544,32.0,Male,8,35.53,796.58,Month-to-month,No,Credit card,No,2,No,No,No
CUST00545,60.0,Male,9,86.45,10188.8,Two year,Fiber optic,Electronic check,Yes,3,No,Yes,Yes
CUST00546,56.0,Female,0,20.41,131.92,One year,DSL,Bank transfer,No,3,No,Yes,Yes
CUST00547,69.0,Male,9,21.12,394.45,Two year,DSL,Credit card,Yes,1,Yes,No,No
CUST00548,46.0,Female,3,61.66,2755.45,Two year,DSL,Bank transfer,No,3,Yes,No,No
CUST00549,32.0,Male,8,35.53,796.58,Month-to-month,No,Credit card,No,2,No,No,No
CUST00550,60.0,Male,9,86.45,10188.8,Two year,Fiber optic,Electronic check,Yes,3,No,Yes,Yes
CUST00551,56.0,Female,0,20.41,131.92,One year,DSL,Bank transfer,No,3,No,Yes,Yes
CUST00552,69.0,Male,9,21.12,394.45,Two year,DSL,Credit card,Yes,1,Yes,No,No
CUST00553,46.0,Female,3,61.66,2755.45,Two year,DSL,Bank transfer,No,3,Yes,No,No
CUST00554,32.0,Male,8,35.53,796.58,Month-to-month,No,Credit card,No,2,No,No,No
CUST00555,60.0,Male,9,86.45,10188.8,Two year,Fiber optic,Electronic check,Yes,3,No,Yes,Yes
CUST00556,56.0,Female,0,20.41,131.92,One year,DSL,Bank transfer,No,3,No,Yes,Yes
CUST00557,69.0,Male,9,21.12,394.45,Two year,DSL,Credit card,Yes,1,Yes,No,No
CUST00558,46.0,Female,3,61.66,2755.45,Two year,DSL,Bank transfer,No,3,Yes,No,No
CUST00559,32.0,Male,8,35.53,796.58,Month-to-month,No,Credit card,No,2,No,No,No
CUST00560,60.0,Male,9,86.45,10188.8,Two year,Fiber optic,Electronic check,Yes,3,No,Yes,Yes
CUST00561,56.0,Female,0,20.41,131.92,One year,DSL,Bank transfer,No,3,No,Yes,Yes
CUST00562,69.0,Male,9,21.12,394.45,Two year,DSL,Credit card,Yes,1,Yes,No,No
CUST00563,46.0,Female,3,61.66,2755.45,Two year,DSL,Bank transfer,No,3,Yes,No,No
CUST00564,32.0,Male,8,35.53,796.58,Month-to-month,No,Credit card,No,2,No,No,No
CUST00565,60.0,Male,9,86.45,10188.8,Two year,Fiber optic,Electronic check,Yes,3,No,Yes,Yes
CUST00566,56.0,Female,0,20.41,131.92,One year,DSL,Bank transfer,No,3,No,Yes,Yes
CUST00567,69.0,Male,9,21.12,394.45,Two year,DSL,Credit card,Yes,1,Yes,No,No
CUST00568,46.0,Female,3,61.66,2755.45,Two year,DSL,Bank transfer,No,3,Yes,No,No
CUST00569,32.0,Male,8,35.53,796.58,Month-to-month,No,Credit card,No,2,No,No,No
CUST00570,60.0,Male,9,86.45,10188.8,Two year,Fiber optic,Electronic check,Yes,3,No,Yes,Yes
CUST00571,56.0,Female,0,20.41,131.92,One year,DSL,Bank transfer,No,3,No,Yes,Yes
CUST00572,69.0,Male,9,21.12,394.45,Two year,DSL,Credit card,Yes,1,Yes,No,No
CUST00573,46.0,Female,3,61.66,2755.45,Two year,DSL,Bank transfer,No,3,Yes,No,No
CUST00574,32.0,Male,8,35.53,796.58,Month-to-month,No,Credit card,No,2,No,No,No
CUST00575,60.0,Male,9,86.45,10188.8,Two year,Fiber optic,Electronic check,Yes,3,No,Yes,Yes
CUST00576,56.0,Female,0,20.41,131.92,One year,DSL,Bank transfer,No,3,No,Yes,Yes
CUST00577,69.0,Male,9,21.12,394.45,Two year,DSL,Credit card,Yes,1,Yes,No,No
CUST00578,46.0,Female,3,61.66,2755.45,Two year,DSL,Bank transfer,No,3,Yes,No,No
CUST00579,32.0,Male,8,35.53,796.58,Month-to-month,No,Credit card,No,2,No,No,No
CUST00580,60.0,Male,9,86.45,10188.8,Two year,Fiber optic,Electronic check,Yes,3,No,Yes,Yes
CUST00581,56.0,Female,0,20.41,131.92,One year,DSL,Bank transfer,No,3,No,Yes,Yes
CUST00582,69.0,Male,9,21.12,394.45,Two year,DSL,Credit card,Yes,1,Yes,No,No
CUST00583,46.0,Female,3,61.66,2755.45,Two year,DSL,Bank transfer,No,3,Yes,No,No
CUST00584,32.0,Male,8,35.53,796.58,Month-to-month,No,Credit card,No,2,No,No,No
CUST00585,60.0,Male,9,86.45,10188.8,Two year,Fiber optic,Electronic check,Yes,3,No,Yes,Yes
CUST00586,56.0,Female,0,20.41,131.92,One year,DSL,Bank transfer,No,3,No,Yes,Yes
CUST00587,69.0,Male,9,21.12,394.45,Two year,DSL,Credit card,Yes,1,Yes,No,No
CUST00588,46.0,Female,3,61.66,2755.45,Two year,DSL,Bank transfer,No,3,Yes,No,No
CUST00589,32.0,Male,8,35.53,796.58,Month-to-month,No,Credit card,No,2,No,No,No
CUST00590,60.0,Male,9,86.45,10188.8,Two year,Fiber optic,Electronic check,Yes,3,No,Yes,Yes
CUST00591,56.0,Female,0,20.41,131.92,One year,DSL,Bank transfer,No,3,No,Yes,Yes
CUST00592,69.0,Male,9,21.12,394.45,Two year,DSL,Credit card,Yes,1,Yes,No,No
CUST00593,46.0,Female,3,61.66,2755.45,Two year,DSL,Bank transfer,No,3,Yes,No,No
CUST00594,32.0,Male,8,35.53,796.58,Month-to-month,No,Credit card,No,2,No,No,No
CUST00595,60.0,Male,9,86.45,10188.8,Two year,Fiber optic,Electronic check,Yes,3,No,Yes,Yes
CUST00596,56.0,Female,0,20.41,131.92,One year,DSL,Bank transfer,No,3,No,Yes,Yes
CUST00597,69.0,Male,9,21.12,394.45,Two year,DSL,Credit card,Yes,1,Yes,No,No
CUST00598,46.0,Female,3,61.66,2755.45,Two year,DSL,Bank transfer,No,3,Yes,No,No
CUST00599,32.0,Male,8,35.53,796.58,Month-to-month,No,Credit card,No,2,No,No,No
CUST00600,60.0,Male,9,86.45,10188.8,Two year,Fiber optic,Electronic check,Yes,3,No,Yes,Yes
CUST00601,56.0,Female,0,20.41,131.92,One year,DSL,Bank transfer,No,3,No,Yes,Yes
CUST00602,69.0,Male,9,21.12,394.45,Two year,DSL,Credit card,Yes,1,Yes,No,No
CUST00603,46.0,Female,3,61.66,2755.45,Two year,DSL,Bank transfer,No,3,Yes,No,No
CUST00604,32.0,Male,8,35.53,796.58,Month-to-month,No,Credit card,No,2,No,No,No
CUST00605,60.0,Male,9,86.45,10188.8,Two year,Fiber optic,Electronic check,Yes,3,No,Yes,Yes
CUST00606,56.0,Female,0,20.41,131.92,One year,DSL,Bank transfer,No,3,No,Yes,Yes
CUST00607,69.0,Male,9,21.12,394.45,Two year,DSL,Credit card,Yes,1,Yes,No,No
CUST00608,46.0,Female,3,61.66,2755.45,Two year,DSL,Bank transfer,No,3,Yes,No,No
CUST00609,32.0,Male,8,35.53,796.58,Month-to-month,No,Credit card,No,2,No,No,No
CUST00610,60.0,Male,9,86.45,10188.8,Two year,Fiber optic,Electronic check,Yes,3,No,Yes,Yes
CUST00611,56.0,Female,0,20.41,131.92,One year,DSL,Bank transfer,No,3,No,Yes,Yes
CUST00612,69.0,Male,9,21.12,394.45,Two year,DSL,Credit card,Yes,1,Yes,No,No
CUST00613,46.0,Female,3,61.66,2755.45,Two year,DSL,Bank transfer,No,3,Yes,No,No
CUST00614,32.0,Male,8,35.53,796.58,Month-to-month,No,Credit card,No,2,No,No,No
CUST00615,60.0,Male,9,86.45,10188.8,Two year,Fiber optic,Electronic check,Yes,3,No,Yes,Yes
CUST00616,56.0,Female,0,20.41,131.92,One year,DSL,Bank transfer,No,3,No,Yes,Yes
CUST00617,69.0,Male,9,21.12,394.45,Two year,DSL,Credit card,Yes,1,Yes,No,No
CUST00618,46.0,Female,3,61.66,2755.45,Two year,DSL,Bank transfer,No,3,Yes,No,No
CUST00619,32.0,Male,8,35.53,796.58,Month-to-month,No,Credit card,No,2,No,No,No
CUST00620,60.0,Male,9,86.45,10188.8,Two year,Fiber optic,Electronic check,Yes,3,No,Yes,Yes
CUST00621,56.0,Female,0,20.41,131.92,One year,DSL,Bank transfer,No,3,No,Yes,Yes
CUST00622,69.0,Male,9,21.12,394.45,Two year,DSL,Credit card,Yes,1,Yes,No,No
CUST00623,46.0,Female,3,61.66,2755.45,Two year,DSL,Bank transfer,No,3,Yes,No,No
CUST00624,32.0,Male,8,35.53,796.58,Month-to-month,No,Credit card,No,2,No,No,No
CUST00625,60.0,Male,9,86.45,10188.8,Two year,Fiber optic,Electronic check,Yes,3,No,Yes,Yes
CUST00626,56.0,Female,0,20.41,131.92,One year,DSL,Bank transfer,No,3,No,Yes,Yes
CUST00627,69.0,Male,9,21.12,394.45,Two year,DSL,Credit card,Yes,1,Yes,No,No
CUST00628,46.0,Female,3,61.66,2755.45,Two year,DSL,Bank transfer,No,3,Yes,No,No
CUST00629,32.0,Male,8,35.53,796.58,Month-to-month,No,Credit card,No,2,No,No,No
CUST00630,60.0,Male,9,86.45,10188.8,Two year,Fiber optic,Electronic check,Yes,3,No,Yes,Yes
CUST00631,56.0,Female,0,20.41,131.92,One year,DSL,Bank transfer,No,3,No,Yes,Yes
CUST00632,69.0,Male,9,21.12,394.45,Two year,DSL,Credit card,Yes,1,Yes,No,No
CUST00633,46.0,Female,3,61.66,2755.45,Two year,DSL,Bank transfer,No,3,Yes,No,No
CUST00634,32.0,Male,8,35.53,796.58,Month-to-month,No,Credit card,No,2,No,No,No
CUST00635,60.0,Male,9,86.45,10188.8,Two year,Fiber optic,Electronic check,Yes,3,No,Yes,Yes
CUST00636,56.0,Female,0,20.41,131.92,One year,DSL,Bank transfer,No,3,No,Yes,Yes
CUST00637,69.0,Male,9,21.12,394.45,Two year,DSL,Credit card,Yes,1,Yes,No,No
CUST00638,46.0,Female,3,61.66,2755.45,Two year,DSL,Bank transfer,No,3,Yes,No,No
CUST00639,32.0,Male,8,35.53,796.58,Month-to-month,No,Credit card,No,2,No,No,No
CUST00640,60.0,Male,9,86.45,10188.8,Two year,Fiber optic,Electronic check,Yes,3,No,Yes,Yes
CUST00641,56.0,Female,0,20.41,131.92,One year,DSL,Bank transfer,No,3,No,Yes,Yes
CUST00642,69.0,Male,9,21.12,394.45,Two year,DSL,Credit card,Yes,1,Yes,No,No
CUST00643,46.0,Female,3,61.66,2755.45,Two year,DSL,Bank transfer,No,3,Yes,No,No
CUST00644,32.0,Male,8,35.53,796.58,Month-to-month,No,Credit card,No,2,No,No,No
CUST00645,60.0,Male,9,86.45,10188.8,Two year,Fiber optic,Electronic check,Yes,3,No,Yes,Yes
CUST00646,56.0,Female,0,20.41,131.92,One year,DSL,Bank transfer,No,3,No,Yes,Yes
CUST00647,69.0,Male,9,21.12,394.45,Two year,DSL,Credit card,Yes,1,Yes,No,No
CUST00648,46.0,Female,3,61.66,2755.45,Two year,DSL,Bank transfer,No,3,Yes,No,No
CUST00649,32.0,Male,8,35.53,796.58,Month-to-month,No,Credit card,No,2,No,No,No
CUST00650,60.0,Male,9,86.45,10188.8,Two year,Fiber optic,Electronic check,Yes,3,No,Yes,Yes
CUST00651,56.0,Female,0,20.41,131.92,One year,DSL,Bank transfer,No,3,No,Yes,Yes
CUST00652,69.0,Male,9,21.12,394.45,Two year,DSL,Credit card,Yes,1,Yes,No,No
CUST00653,46.0,Female,3,61.66,2755.45,Two year,DSL,Bank transfer,No,3,Yes,No,No
CUST00654,32.0,Male,8,35.53,796.58,Month-to-month,No,Credit card,No,2,No,No,No
CUST00655,60.0,Male,9,86.45,10188.8,Two year,Fiber optic,Electronic check,Yes,3,No,Yes,Yes
CUST00656,56.0,Female,0,20.41,131.92,One year,DSL,Bank transfer,No,3,No,Yes,Yes
CUST00657,69.0,Male,9,21.12,394.45,Two year,DSL,Credit card,Yes,1,Yes,No,No
CUST00658,46.0,Female,3,61.66,2755.45,Two year,DSL,Bank transfer,No,3,Yes,No,No
CUST00659,32.0,Male,8,35.53,796.58,Month-to-month,No,Credit card,No,2,No,No,No
CUST00660,60.0,Male,9,86.45,10188.8,Two year,Fiber optic,Electronic check,Yes,3,No,Yes,Yes
CUST00661,56.0,Female,0,20.41,131.92,One year,DSL,Bank transfer,No,3,No,Yes,Yes
CUST00662,69.0,Male,9,21.12,394.45,Two year,DSL,Credit card,Yes,1,Yes,No,No
CUST00663,46.0,Female,3,61.66,2755.45,Two year,DSL,Bank transfer,No,3,Yes,No,No
CUST00664,32.0,Male,8,35.53,796.58,Month-to-month,No,Credit card,No,2,No,No,No
CUST00665,60.0,Male,9,86.45,10188.8,Two year,Fiber optic,Electronic check,Yes,3,No,Yes,Yes
CUST00666,56.0,Female,0,20.41,131.92,One year,DSL,Bank transfer,No,3,No,Yes,Yes
CUST00667,69.0,Male,9,21.12,394.45,Two year,DSL,Credit card,Yes,1,Yes,No,No
CUST00668,46.0,Female,3,61.66,2755.45,Two year,DSL,Bank transfer,No,3,Yes,No,No
CUST00669,32.0,Male,8,35.53,796.58,Month-to-month,No,Credit card,No,2,No,No,No
CUST00670,60.0,Male,9,86.45,10188.8,Two year,Fiber optic,Electronic check,Yes,3,No,Yes,Yes
CUST00671,56.0,Female,0,20.41,131.92,One year,DSL,Bank transfer,No,3,No,Yes,Yes
CUST00672,69.0,Male,9,21.12,394.45,Two year,DSL,Credit card,Yes,1,Yes,No,No
CUST00673,46.0,Female,3,61.66,2755.45,Two year,DSL,Bank transfer,No,3,Yes,No,No
CUST00674,32.0,Male,8,35.53,796.58,Month-to-month,No,Credit card,No,2,No,No,No
CUST00675,60.0,Male,9,86.45,10188.8,Two year,Fiber optic,Electronic check,Yes,3,No,Yes,Yes
CUST00676,56.0,Female,0,20.41,131.92,One year,DSL,Bank transfer,No,3,No,Yes,Yes
CUST00677,69.0,Male,9,21.12,394.45,Two year,DSL,Credit card,Yes,1,Yes,No,No
CUST00678,46.0,Female,3,61.66,2755.45,Two year,DSL,Bank transfer,No,3,Yes,No,No
CUST00679,32.0,Male,8,35.53,796.58,Month-to-month,No,Credit card,No,2,No,No,No
CUST00680,60.0,Male,9,86.45,10188.8,Two year,Fiber optic,Electronic check,Yes,3,No,Yes,Yes
CUST00681,56.0,Female,0,20.41,131.92,One year,DSL,Bank transfer,No,3,No,Yes,Yes
CUST00682,69.0,Male,9,21.12,394.45,Two year,DSL,Credit card,Yes,1,Yes,No,No
CUST00683,46.0,Female,3,61.66,2755.45,Two year,DSL,Bank transfer,No,3,Yes,No,No
CUST00684,32.0,Male,8,35.53,796.58,Month-to-month,No,Credit card,No,2,No,No,No
CUST00685,60.0,Male,9,86.45,10188.8,Two year,Fiber optic,Electronic check,Yes,3,No,Yes,Yes
CUST00686,56.0,Female,0,20.41,131.92,One year,DSL,Bank transfer,No,3,No,Yes,Yes
CUST00687,69.0,Male,9,21.12,394.45,Two year,DSL,Credit card,Yes,1,Yes,No,No
CUST00688,46.0,Female,3,61.66,2755.45,Two year,DSL,Bank transfer,No,3,Yes,No,No
CUST00689,32.0,Male,8,35.53,796.58,Month-to-month,No,Credit card,No,2,No,No,No
CUST00690,60.0,Male,9,86.45,10188.8,Two year,Fiber optic,Electronic check,Yes,3,No,Yes,Yes
CUST00691,56.0,Female,0,20.41,131.92,One year,DSL,Bank transfer,No,3,No,Yes,Yes
CUST00692,69.0,Male,9,21.12,394.45,Two year,DSL,Credit card,Yes,1,Yes,No,No
CUST00693,46.0,Female,3,61.66,2755.45,Two year,DSL,Bank transfer,No,3,Yes,No,No
CUST00694,32.0,Male,8,35.53,796.58,Month-to-month,No,Credit card,No,2,No,No,No
CUST00695,60.0,Male,9,86.45,10188.8,Two year,Fiber optic,Electronic check,Yes,3,No,Yes,Yes
CUST00696,56.0,Female,0,20.41,131.92,One year,DSL,Bank transfer,No,3,No,Yes,Yes
CUST00697,69.0,Male,9,21.12,394.45,Two year,DSL,Credit card,Yes,1,Yes,No,No
CUST00698,46.0,Female,3,61.66,2755.45,Two year,DSL,Bank transfer,No,3,Yes,No,No
CUST00699,32.0,Male,8,35.53,796.58,Month-to-month,No,Credit card,No,2,No,No,No
CUST00700,60.0,Male,9,86.45,10188.8,Two year,Fiber optic,Electronic check,Yes,3,No,Yes,Yes
CUST00701,56.0,Female,0,20.41,131.92,One year,DSL,Bank transfer,No,3,No,Yes,Yes
CUST00702,69.0,Male,9,21.12,394.45,Two year,DSL,Credit card,Yes,1,Yes,No,No
CUST00703,46.0,Female,3,61.66,2755.45,Two year,DSL,Bank transfer,No,3,Yes,No,No
CUST00704,32.0,Male,8,35.53,796.58,Month-to-month,No,Credit card,No,2,No,No,No
CUST00705,60.0,Male,9,86.45,10188.8,Two year,Fiber optic,Electronic check,Yes,3,No,Yes,Yes
CUST00706,56.0,Female,0,20.41,131.92,One year,DSL,Bank transfer,No,3,No,Yes,Yes
CUST00707,69.0,Male,9,21.12,394.45,Two year,DSL,Credit card,Yes,1,Yes,No,No
CUST00708,46.0,Female,3,61.66,2755.45,Two year,DSL,Bank transfer,No,3,Yes,No,No
CUST00709,32.0,Male,8,35.53,796.58,Month-to-month,No,Credit card,No,2,No,No,No
CUST00710,60.0,Male,9,86.45,10188.8,Two year,Fiber optic,Electronic check,Yes,3,No,Yes,Yes
CUST00711,56.0,Female,0,20.41,131.92,One year,DSL,Bank transfer,No,3,No,Yes,Yes
CUST00712,69.0,Male,9,21.12,394.45,Two year,DSL,Credit card,Yes,1,Yes,No,No
CUST00713,46.0,Female,3,61.66,2755.45,Two year,DSL,Bank transfer,No,3,Yes,No,No
CUST00714,32.0,Male,8,35.53,796.58,Month-to-month,No,Credit card,No,2,No,No,No
CUST00715,60.0,Male,9,86.45,10188.8,Two year,Fiber optic,Electronic check,Yes,3,No,Yes,Yes
CUST00716,56.0,Female,0,20.41,131.92,One year,DSL,Bank transfer,No,3,No,Yes,Yes
CUST00717,69.0,Male,9,21.12,394.45,Two year,DSL,Credit card,Yes,1,Yes,No,No
CUST00718,46.0,Female,3,61.66,2755.45,Two year,DSL,Bank transfer,No,3,Yes,No,No
CUST00719,32.0,Male,8,35.53,796.58,Month-to-month,No,Credit card,No,2,No,No,No
CUST00720,60.0,Male,9,86.45,10188.8,Two year,Fiber optic,Electronic check,Yes,3,No,Yes,Yes
CUST00721,56.0,Female,0,20.41,131.92,One year,DSL,Bank transfer,No,3,No,Yes,Yes
CUST00722,69.0,Male,9,21.12,394.45,Two year,DSL,Credit card,Yes,1,Yes,No,No
CUST00723,46.0,Female,3,61.66,2755.45,Two year,DSL,Bank transfer,No,3,Yes,No,No
CUST00724,32.0,Male,8,35.53,796.58,Month-to-month,No,Credit card,No,2,No,No,No
CUST00725,60.0,Male,9,86.45,10188.8,Two year,Fiber optic,Electronic check,Yes,3,No,Yes,Yes
CUST00726,56.0,Female,0,20.41,131.92,One year,DSL,Bank transfer,No,3,No,Yes,Yes
CUST00727,69.0,Male,9,21.12,394.45,Two year,DSL,Credit card,Yes,1,Yes,No,No
CUST00728,46.0,Female,3,61.66,2755.45,Two year,DSL,Bank transfer,No,3,Yes,No,No
CUST00729,32.0,Male,8,35.53,796.58,Month-to-month,No,Credit card,No,2,No,No,No
CUST00730,60.0,Male,9,86.45,10188.8,Two year,Fiber optic,Electronic check,Yes,3,No,Yes,Yes
CUST00731,56.0,Female,0,20.41,131.92,One year,DSL,Bank transfer,No,3,No,Yes,Yes
CUST00732,69.0,Male,9,21.12,394.45,Two year,DSL,Credit card,Yes,1,Yes,No,No
CUST00733,46.0,Female,3,61.66,2755.45,Two year,DSL,Bank transfer,No,3,Yes,No,No
CUST00734,32.0,Male,8,35.53,796.58,Month-to-month,No,Credit card,No,2,No,No,No
CUST00735,60.0,Male,9,86.45,10188.8,Two year,Fiber optic,Electronic check,Yes,3,No,Yes,Yes
CUST00736,56.0,Female,0,20.41,131.92,One year,DSL,Bank transfer,No,3,No,Yes,Yes
CUST00737,69.0,Male,9,21.12,394.45,Two year,DSL,Credit card,Yes,1,Yes,No,No
CUST00738,46.0,Female,3,61.66,2755.45,Two year,DSL,Bank transfer,No,3,Yes,No,No
CUST00739,32.0,Male,8,35.53,796.58,Month-to-month,No,Credit card,No,2,No,No,No
CUST00740,60.0,Male,9,86.45,10188.8,Two year,Fiber optic,Electronic check,Yes,3,No,Yes,Yes
CUST00741,56.0,Female,0,20.41,131.92,One year,DSL,Bank transfer,No,3,No,Yes,Yes
CUST00742,69.0,Male,9,21.12,394.45,Two year,DSL,Credit card,Yes,1,Yes,No,No
CUST00743,46.0,Female,3,61.66,2755.45,Two year,DSL,Bank transfer,No,3,Yes,No,No
CUST00744,32.0,Male,8,35.53,796.58,Month-to-month,No,Credit card,No,2,No,No,No
CUST00745,60.0,Male,9,86.45,10188.8,Two year,Fiber optic,Electronic check,Yes,3,No,Yes,Yes
CUST00746,56.0,Female,0,20.41,131.92,One year,DSL,Bank transfer,No,3,No,Yes,Yes
CUST00747,69.0,Male,9,21.12,394.45,Two year,DSL,Credit card,Yes,1,Yes,No,No
CUST00748,46.0,Female,3,61.66,2755.45,Two year,DSL,Bank transfer,No,3,Yes,No,No
CUST00749,32.0,Male,8,35.53,796.58,Month-to-month,No,Credit card,No,2,No,No,No
CUST00750,60.0,Male,9,86.45,10188.8,Two year,Fiber optic,Electronic check,Yes,3,No,Yes,Yes
CUST00751,56.0,Female,0,20.41,131.92,One year,DSL,Bank transfer,No,3,No,Yes,Yes
CUST00752,69.0,Male,9,21.12,394.45,Two year,DSL,Credit card,Yes,1,Yes,No,No
CUST00753,46.0,Female,3,61.66,2755.45,Two year,DSL,Bank transfer,No,3,Yes,No,No
CUST00754,32.0,Male,8,35.53,796.58,Month-to-month,No,Credit card,No,2,No,No,No
CUST00755,60.0,Male,9,86.45,10188.8,Two year,Fiber optic,Electronic check,Yes,3,No,Yes,Yes
CUST00756,56.0,Female,0,20.41,131.92,One year,DSL,Bank transfer,No,3,No,Yes,Yes
CUST00757,69.0,Male,9,21.12,394.45,Two year,DSL,Credit card,Yes,1,Yes,No,No
CUST00758,46.0,Female,3,61.66,2755.45,Two year,DSL,Bank transfer,No,3,Yes,No,No
CUST00759,32.0,Male,8,35.53,796.58,Month-to-month,No,Credit card,No,2,No,No,No
CUST00760,60.0,Male,9,86.45,10188.8,Two year,Fiber optic,Electronic check,Yes,3,No,Yes,Yes
CUST00761,56.0,Female,0,20.41,131.92,One year,DSL,Bank transfer,No,3,No,Yes,Yes
CUST00762,69.0,Male,9,21.12,394.45,Two year,DSL,Credit card,Yes,1,Yes,No,No
CUST00763,46.0,Female,3,61.66,2755.45,Two year,DSL,Bank transfer,No,3,Yes,No,No
CUST00764,32.0,Male,8,35.53,796.58,Month-to-month,No,Credit card,No,2,No,No,No
CUST00765,60.0,Male,9,86.45,10188.8,Two year,Fiber optic,Electronic check,Yes,3,No,Yes,Yes
CUST00766,56.0,Female,0,20.41,131.92,One year,DSL,Bank transfer,No,3,No,Yes,Yes
CUST00767,69.0,Male,9,21.12,394.45,Two year,DSL,Credit card,Yes,1,Yes,No,No
CUST00768,46.0,Female,3,61.66,2755.45,Two year,DSL,Bank transfer,No,3,Yes,No,No
CUST00769,32.0,Male,8,35.53,796.58,Month-to-month,No,Credit card,No,2,No,No,No
CUST00770,60.0,Male,9,86.45,10188.8,Two year,Fiber optic,Electronic check,Yes,3,No,Yes,Yes
CUST00771,56.0,Female,0,20.41,131.92,One year,DSL,Bank transfer,No,3,No,Yes,Yes
CUST00772,69.0,Male,9,21.12,394.45,Two year,DSL,Credit card,Yes,1,Yes,No,No
CUST00773,46.0,Female,3,61.66,2755.45,Two year,DSL,Bank transfer,No,3,Yes,No,No
CUST00774,32.0,Male,8,35.53,796.58,Month-to-month,No,Credit card,No,2,No,No,No
CUST00775,60.0,Male,9,86.45,10188.8,Two year,Fiber optic,Electronic check,Yes,3,No,Yes,Yes
CUST00776,56.0,Female,0,20.41,131.92,One year,DSL,Bank transfer,No,3,No,Yes,Yes
CUST00777,69.0,Male,9,21.12,394.45,Two year,DSL,Credit card,Yes,1,Yes,No,No
CUST00778,46.0,Female,3,61.66,2755.45,Two year,DSL,Bank transfer,No,3,Yes,No,No
CUST00779,32.0,Male,8,35.53,796.58,Month-to-month,No,Credit card,No,2,No,No,No
CUST00780,60.0,Male,9,86.45,10188.8,Two year,Fiber optic,Electronic check,Yes,3,No,Yes,Yes
CUST00781,56.0,Female,0,20.41,131.92,One year,DSL,Bank transfer,No,3,No,Yes,Yes
CUST00782,69.0,Male,9,21.12,394.45,Two year,DSL,Credit card,Yes,1,Yes,No,No
CUST00783,46.0,Female,3,61.66,2755.45,Two year,DSL,Bank transfer,No,3,Yes,No,No
CUST00784,32.0,Male,8,35.53,796.58,Month-to-month,No,Credit card,No,2,No,No,No
CUST00785,60.0,Male,9,86.45,10188.8,Two year,Fiber optic,Electronic check,Yes,3,No,Yes,Yes
CUST00786,56.0,Female,0,20.41,131.92,One year,DSL,Bank transfer,No,3,No,Yes,Yes
CUST00787,69.0,Male,9,21.12,394.45,Two year,DSL,Credit card,Yes,1,Yes,No,No
CUST00788,46.0,Female,3,61.66,2755.45,Two year,DSL,Bank transfer,No,3,Yes,No,No
CUST00789,32.0,Male,8,35.53,796.58,Month-to-month,No,Credit card,No,2,No,No,No
CUST00790,60.0,Male,9,86.45,10188.8,Two year,Fiber optic,Electronic check,Yes,3,No,Yes,Yes
CUST00791,56.0,Female,0,20.41,131.92,One year,DSL,Bank transfer,No,3,No,Yes,Yes
CUST00792,69.0,Male,9,21.12,394.45,Two year,DSL,Credit card,Yes,1,Yes,No,No
CUST00793,46.0,Female,3,61.66,2755.45,Two year,DSL,Bank transfer,No,3,Yes,No,No
CUST00794,32.0,Male,8,35.53,796.58,Month-to-month,No,Credit card,No,2,No,No,No
CUST00795,60.0,Male,9,86.45,10188.8,Two year,Fiber optic,Electronic check,Yes,3,No,Yes,Yes
CUST00796,56.0,Female,0,20.41,131.92,One year,DSL,Bank transfer,No,3,No,Yes,Yes
CUST00797,69.0,Male,9,21.12,394.45,Two year,DSL,Credit card,Yes,1,Yes,No,No
CUST00798,46.0,Female,3,61.66,2755.45,Two year,DSL,Bank transfer,No,3,Yes,No,No
CUST00799,32.0,Male,8,35.53,796.58,Month-to-month,No,Credit card,No,2,No,No,No
CUST00800,60.0,Male,9,86.45,10188.8,Two year,Fiber optic,Electronic check,Yes,3,No,Yes,Yes
CUST00801,56.0,Female,0,20.41,131.92,One year,DSL,Bank transfer,No,3,No,Yes,Yes
CUST00802,69.0,Male,9,21.12,394.45,Two year,DSL,Credit card,Yes,1,Yes,No,No
CUST00803,46.0,Female,3,61.66,2755.45,Two year,DSL,Bank transfer,No,3,Yes,No,No
CUST00804,32.0,Male,8,35.53,796.58,Month-to-month,No,Credit card,No,2,No,No,No
CUST00805,60.0,Male,9,86.45,10188.8,Two year,Fiber optic,Electronic check,Yes,3,No,Yes,Yes
CUST00806,56.0,Female,0,20.41,131.92,One year,DSL,Bank transfer,No,3,No,Yes,Yes
CUST00807,69.0,Male,9,21.12,394.45,Two year,DSL,Credit card,Yes,1,Yes,No,No
CUST00808,46.0,Female,3,61.66,2755.45,Two year,DSL,Bank transfer,No,3,Yes,No,No
CUST00809,32.0,Male,8,35.53,796.58,Month-to-month,No,Credit card,No,2,No,No,No
CUST00810,60.0,Male,9,86.45,10188.8,Two year,Fiber optic,Electronic check,Yes,3,No,Yes,Yes
CUST00811,56.0,Female,0,20.41,131.92,One year,DSL,Bank transfer,No,3,No,Yes,Yes
CUST00812,69.0,Male,9,21.12,394.45,Two year,DSL,Credit card,Yes,1,Yes,No,No
CUST00813,46.0,Female,3,61.66,2755.45,Two year,DSL,Bank transfer,No,3,Yes,No,No
CUST00814,32.0,Male,8,35.53,796.58,Month-to-month,No,Credit card,No,2,No,No,No
CUST00815,60.0,Male,9,86.45,10188.8,Two year,Fiber optic,Electronic check,Yes,3,No,Yes,Yes
CUST00816,56.0,Female,0,20.41,131.92,One year,DSL,Bank transfer,No,3,No,Yes,Yes
CUST00817,69.0,Male,9,21.12,394.45,Two year,DSL,Credit card,Yes,1,Yes,No,No
CUST00818,46.0,Female,3,61.66,2755.45,Two year,DSL,Bank transfer,No,3,Yes,No,No
CUST00819,32.0,Male,8,35.53,796.58,Month-to-month,No,Credit card,No,2,No,No,No
CUST00820,60.0,Male,9,86.45,10188.8,Two year,Fiber optic,Electronic check,Yes,3,No,Yes,Yes
CUST00821,56.0,Female,0,20.41,131.92,One year,DSL,Bank transfer,No,3,No,Yes,Yes
CUST00822,69.0,Male,9,21.12,394.45,Two year,DSL,Credit card,Yes,1,Yes,No,No
CUST00823,46.0,Female,3,61.66,2755.45,Two year,DSL,Bank transfer,No,3,Yes,No,No
CUST00824,32.0,Male,8,35.53,796.58,Month-to-month,No,Credit card,No,2,No,No,No
CUST00825,60.0,Male,9,86.45,10188.8,Two year,Fiber optic,Electronic check,Yes,3,No,Yes,Yes
CUST00826,56.0,Female,0,20.41,131.92,One year,DSL,Bank transfer,No,3,No,Yes,Yes
CUST00827,69.0,Male,9,21.12,394.45,Two year,DSL,Credit card,Yes,1,Yes,No,No
CUST00828,46.0,Female,3,61.66,2755.45,Two year,DSL,Bank transfer,No,3,Yes,No,No
CUST00829,32.0,Male,8,35.53,796.58,Month-to-month,No,Credit card,No,2,No,No,No
CUST00830,60.0,Male,9,86.45,10188.8,Two year,Fiber optic,Electronic check,Yes,3,No,Yes,Yes
CUST00831,56.0,Female,0,20.41,131.92,One year,DSL,Bank transfer,No,3,No,Yes,Yes
CUST00832,69.0,Male,9,21.12,394.45,Two year,DSL,Credit card,Yes,1,Yes,No,No
CUST00833,46.0,Female,3,61.66,2755.45,Two year,DSL,Bank transfer,No,3,Yes,No,No
CUST00834,32.0,Male,8,35.53,796.58,Month-to-month,No,Credit card,No,2,No,No,No
CUST00835,60.0,Male,9,86.45,10188.8,Two year,Fiber optic,Electronic check,Yes,3,No,Yes,Yes
CUST00836,56.0,Female,0,20.41,131.92,One year,DSL,Bank transfer,No,3,No,Yes,Yes
CUST00837,69.0,Male,9,21.12,394.45,Two year,DSL,Credit card,Yes,1,Yes,No,No
CUST00838,46.0,Female,3,61.66,2755.45,Two year,DSL,Bank transfer,No,3,Yes,No,No
CUST00839,32.0,Male,8,35.53,796.58,Month-to-month,No,Credit card,No,2,No,No,No
CUST00840,60.0,Male,9,86.45,10188.8,Two year,Fiber optic,Electronic check,Yes,3,No,Yes,Yes
CUST00841,56.0,Female,0,20.41,131.92,One year,DSL,Bank transfer,No,3,No,Yes,Yes
CUST00842,69.0,Male,9,21.12,394.45,Two year,DSL,Credit card,Yes,1,Yes,No,No
CUST00843,46.0,Female,3,61.66,2755.45,Two year,DSL,Bank transfer,No,3,Yes,No,No
CUST00844,32.0,Male,8,35.53,796.58,Month-to-month,No,Credit card,No,2,No,No,No
CUST00845,60.0,Male,9,86.45,10188.8,Two year,Fiber optic,Electronic check,Yes,3,No,Yes,Yes
CUST00846,56.0,Female,0,20.41,131.92,One year,DSL,Bank transfer,No,3,No,Yes,Yes
CUST00847,69.0,Male,9,21.12,394.45,Two year,DSL,Credit card,Yes,1,Yes,No,No
CUST00848,46.0,Female,3,61.66,2755.45,Two year,DSL,Bank transfer,No,3,Yes,No,No
CUST00849,32.0,Male,8,35.53,796.58,Month-to-month,No,Credit card,No,2,No,No,No
CUST00850,60.0,Male,9,86.45,10188.8,Two year,Fiber optic,Electronic check,Yes,3,No,Yes,Yes
CUST00851,56.0,Female,0,20.41,131.92,One year,DSL,Bank transfer,No,3,No,Yes,Yes
CUST00852,69.0,Male,9,21.12,394.45,Two year,DSL,Credit card,Yes,1,Yes,No,No
CUST00853,46.0,Female,3,61.66,2755.45,Two year,DSL,Bank transfer,No,3,Yes,No,No
CUST00854,32.0,Male,8,35.53,796.58,Month-to-month,No,Credit card,No,2,No,No,No
CUST00855,60.0,Male,9,86.45,10188.8,Two year,Fiber optic,Electronic check,Yes,3,No,Yes,Yes
CUST00856,56.0,Female,0,20.41,131.92,One year,DSL,Bank transfer,No,3,No,Yes,Yes
CUST00857,69.0,Male,9,21.12,394.45,Two year,DSL,Credit card,Yes,1,Yes,No,No
CUST00858,46.0,Female,3,61.66,2755.45,Two year,DSL,Bank transfer,No,3,Yes,No,No
CUST00859,32.0,Male,8,35.53,796.58,Month-to-month,No,Credit card,No,2,No,No,No
CUST00860,60.0,Male,9,86.45,10188.8,Two year,Fiber optic,Electronic check,Yes,3,No,Yes,Yes
CUST00861,56.0,Female,0,20.41,131.92,One year,DSL,Bank transfer,No,3,No,Yes,Yes
CUST00862,69.0,Male,9,21.12,394.45,Two year,DSL,Credit card,Yes,1,Yes,No,No
CUST00863,46.0,Female,3,61.66,2755.45,Two year,DSL,Bank transfer,No,3,Yes,No,No
CUST00864,32.0,Male,8,35.53,796.58,Month-to-month,No,Credit card,No,2,No,No,No
CUST00865,60.0,Male,9,86.45,10188.8,Two year,Fiber optic,Electronic check,Yes,3,No,Yes,Yes
CUST00866,56.0,Female,0,20.41,131.92,One year,DSL,Bank transfer,No,3,No,Yes,Yes
CUST00867,69.0,Male,9,21.12,394.45,Two year,DSL,Credit card,Yes,1,Yes,No,No
CUST00868,46.0,Female,3,61.66,2755.45,Two year,DSL,Bank transfer,No,3,Yes,No,No
CUST00869,32.0,Male,8,35.53,796.58,Month-to-month,No,Credit card,No,2,No,No,No
CUST00870,60.0,Male,9,86.45,10188.8,Two year,Fiber optic,Electronic check,Yes,3,No,Yes,Yes
CUST00871,56.0,Female,0,20.41,131.92,One year,DSL,Bank transfer,No,3,No,Yes,Yes
CUST00872,69.0,Male,9,21.12,394.45,Two year,DSL,Credit card,Yes,1,Yes,No,No
CUST00873,46.0,Female,3,61.66,2755.45,Two year,DSL,Bank transfer,No,3,Yes,No,No
CUST00874,32.0,Male,8,35.53,796.58,Month-to-month,No,Credit card,No,2,No,No,No
CUST00875,60.0,Male,9,86.45,10188.8,Two year,Fiber optic,Electronic check,Yes,3,No,Yes,Yes
CUST00876,56.0,Female,0,20.41,131.92,One year,DSL,Bank transfer,No,3,No,Yes,Yes
CUST00877,69.0,Male,9,21.12,394.45,Two year,DSL,Credit card,Yes,1,Yes,No,No
CUST00878,46.0,Female,3,61.66,2755.45,Two year,DSL,Bank transfer,No,3,Yes,No,No
CUST00879,32.0,Male,8,35.53,796.58,Month-to-month,No,Credit card,No,2,No,No,No
CUST00880,60.0,Male,9,86.45,10188.8,Two year,Fiber optic,Electronic check,Yes,3,No,Yes,Yes
CUST00881,56.0,Female,0,20.41,131.92,One year,DSL,Bank transfer,No,3,No,Yes,Yes
CUST00882,69.0,Male,9,21.12,394.45,Two year,DSL,Credit card,Yes,1,Yes,No,No
CUST00883,46.0,Female,3,61.66,2755.45,Two year,DSL,Bank transfer,No,3,Yes,No,No
CUST00884,32.0,Male,8,35.53,796.58,Month-to-month,No,Credit card,No,2,No,No,No
CUST00885,60.0,Male,9,86.45,10188.8,Two year,Fiber optic,Electronic check,Yes,3,No,Yes,Yes
CUST00886,56.0,Female,0,20.41,131.92,One year,DSL,Bank transfer,No,3,No,Yes,Yes
CUST00887,69.0,Male,9,21.12,394.45,Two year,DSL,Credit card,Yes,1,Yes,No,No
CUST00888,46.0,Female,3,61.66,2755.45,Two year,DSL,Bank transfer,No,3,Yes,No,No
CUST00889,32.0,Male,8,35.53,796.58,Month-to-month,No,Credit card,No,2,No,No,No
CUST00890,60.0,Male,9,86.45,10188.8,Two year,Fiber optic,Electronic check,Yes,3,No,Yes,Yes
CUST00891,56.0,Female,0,20.41,131.92,One year,DSL,Bank transfer,No,3,No,Yes,Yes
CUST00892,69.0,Male,9,21.12,394.45,Two year,DSL,Credit card,Yes,1,Yes,No,No
CUST00893,46.0,Female,3,61.66,2755.45,Two year,DSL,Bank transfer,No,3,Yes,No,No
CUST00894,32.0,Male,8,35.53,796.58,Month-to-month,No,Credit card,No,2,No,No,No
CUST00895,60.0,Male,9,86.45,10188.8,Two year,Fiber optic,Electronic check,Yes,3,No,Yes,Yes
CUST00896,56.0,Female,0,20.41,131.92,One year,DSL,Bank transfer,No,3,No,Yes,Yes
CUST00897,69.0,Male,9,21.12,394.45,Two year,DSL,Credit card,Yes,1,Yes,No,No
CUST00898,46.0,Female,3,61.66,2755.45,Two year,DSL,Bank transfer,No,3,Yes,No,No
CUST00899,32.0,Male,8,35.53,796.58,Month-to-month,No,Credit card,No,2,No,No,No
CUST00900,60.0,Male,9,86.45,10188.8,Two year,Fiber optic,Electronic check,Yes,3,No,Yes,Yes
CUST00901,56.0,Female,0,20.41,131.92,One year,DSL,Bank transfer,No,3,No,Yes,Yes
CUST00902,69.0,Male,9,21.12,394.45,Two year,DSL,Credit card,Yes,1,Yes,No,No
CUST00903,46.0,Female,3,61.66,2755.45,Two year,DSL,Bank transfer,No,3,Yes,No,No
CUST00904,32.0,Male,8,35.53,796.58,Month-to-month,No,Credit card,No,2,No,No,No
CUST00905,60.0,Male,9,86.45,10188.8,Two year,Fiber optic,Electronic check,Yes,3,No,Yes,Yes
CUST00906,56.0,Female,0,20.41,131.92,One year,DSL,Bank transfer,No,3,No,Yes,Yes
CUST00907,69.0,Male,9,21.12,394.45,Two year,DSL,Credit card,Yes,1,Yes,No,No
CUST00908,46.0,Female,3,61.66,2755.45,Two year,DSL,Bank transfer,No,3,Yes,No,No
CUST00909,32.0,Male,8,35.53,796.58,Month-to-month,No,Credit card,No,2,No,No,No
CUST00910,60.0,Male,9,86.45,10188.8,Two year,Fiber optic,Electronic check,Yes,3,No,Yes,Yes
CUST00911,56.0,Female,0,20.41,131.92,One year,DSL,Bank transfer,No,3,No,Yes,Yes
CUST00912,69.0,Male,9,21.12,394.45,Two year,DSL,Credit card,Yes,1,Yes,No,No
CUST00913,46.0,Female,3,61.66,2755.45,Two year,DSL,Bank transfer,No,3,Yes,No,No
CUST00914,32.0,Male,8,35.53,796.58,Month-to-month,No,Credit card,No,2,No,No,No
CUST00915,60.0,Male,9,86.45,10188.8,Two year,Fiber optic,Electronic check,Yes,3,No,Yes,Yes
CUST00916,56.0,Female,0,20.41,131.92,One year,DSL,Bank transfer,No,3,No,Yes,Yes
CUST00917,69.0,Male,9,21.12,394.45,Two year,DSL,Credit card,Yes,1,Yes,No,No
CUST00918,46.0,Female,3,61.66,2755.45,Two year,DSL,Bank transfer,No,3,Yes,No,No
CUST00919,32.0,Male,8,35.53,796.58,Month-to-month,No,Credit card,No,2,No,No,No
CUST00920,60.0,Male,9,86.45,10188.8,Two year,Fiber optic,Electronic check,Yes,3,No,Yes,Yes
CUST00921,56.0,Female,0,20.41,131.92,One year,DSL,Bank transfer,No,3,No,Yes,Yes
CUST00922,69.0,Male,9,21.12,394.45,Two year,DSL,Credit card,Yes,1,Yes,No,No
CUST00923,46.0,Female,3,61.66,2755.45,Two year,DSL,Bank transfer,No,3,Yes,No,No
CUST00924,32.0,Male,8,35.53,796.58,Month-to-month,No,Credit card,No,2,No,No,No
CUST00925,60.0,Male,9,86.45,10188.8,Two year,Fiber optic,Electronic check,Yes,3,No,Yes,Yes
CUST00926,56.0,Female,0,20.41,131.92,One year,DSL,Bank transfer,No,3,No,Yes,Yes
CUST00927,69.0,Male,9,21.12,394.45,Two year,DSL,Credit card,Yes,1,Yes,No,No
CUST00928,46.0,Female,3,61.66,2755.45,Two year,DSL,Bank transfer,No,3,Yes,No,No
CUST00929,32.0,Male,8,35.53,796.58,Month-to-month,No,Credit card,No,2,No,No,No
CUST00930,60.0,Male,9,86.45,10188.8,Two year,Fiber optic,Electronic check,Yes,3,No,Yes,Yes
CUST00931,56.0,Female,0,20.41,131.92,One year,DSL,Bank transfer,No,3,No,Yes,Yes
CUST00932,69.0,Male,9,21.12,394.45,Two year,DSL,Credit card,Yes,1,Yes,No,No
CUST00933,46.0,Female,3,61.66,2755.45,Two year,DSL,Bank transfer,No,3,Yes,No,No
CUST00934,32.0,Male,8,35.53,796.58,Month-to-month,No,Credit card,No,2,No,No,No
CUST00935,60.0,Male,9,86.45,10188.8,Two year,Fiber optic,Electronic check,Yes,3,No,Yes,Yes
CUST00936,56.0,Female,0,20.41,131.92,One year,DSL,Bank transfer,No,3,No,Yes,Yes
CUST00937,69.0,Male,9,21.12,394.45,Two year,DSL,Credit card,Yes,1,Yes,No,No
CUST00938,46.0,Female,3,61.66,2755.45,Two year,DSL,Bank transfer,No,3,Yes,No,No
CUST00939,32.0,Male,8,35.53,796.58,Month-to-month,No,Credit card,No,2,No,No,No
CUST00940,60.0,Male,9,86.45,10188.8,Two year,Fiber optic,Electronic check,Yes,3,No,Yes,Yes
CUST00941,56.0,Female,0,20.41,131.92,One year,DSL,Bank transfer,No,3,No,Yes,Yes
CUST00942,69.0,Male,9,21.12,394.45,Two year,DSL,Credit card,Yes,1,Yes,No,No
CUST00943,46.0,Female,3,61.66,2755.45,Two year,DSL,Bank transfer,No,3,Yes,No,No
CUST00944,32.0,Male,8,35.53,796.58,Month-to-month,No,Credit card,No,2,No,No,No
CUST00945,60.0,Male,9,86.45,10188.8,Two year,Fiber optic,Electronic check,Yes,3,No,Yes,Yes
CUST00946,56.0,Female,0,20.41,131.92,One year,DSL,Bank transfer,No,3,No,Yes,Yes
CUST00947,69.0,Male,9,21.12,394.45,Two year,DSL,Credit card,Yes,1,Yes,No,No
CUST00948,46.0,Female,3,61.66,2755.45,Two year,DSL,Bank transfer,No,3,Yes,No,No
CUST00949,32.0,Male,8,35.53,796.58,Month-to-month,No,Credit card,No,2,No,No,No
CUST00950,60.0,Male,9,86.45,10188.8,Two year,Fiber optic,Electronic check,Yes,3,No,Yes,Yes
CUST00951,56.0,Female,0,20.41,131.92,One year,DSL,Bank transfer,No,3,No,Yes,Yes
CUST00952,69.0,Male,9,21.12,394.45,Two year,DSL,Credit card,Yes,1,Yes,No,No
CUST00953,46.0,Female,3,61.66,2755.45,Two year,DSL,Bank transfer,No,3,Yes,No,No
CUST00954,32.0,Male,8,35.53,796.58,Month-to-month,No,Credit card,No,2,No,No,No
CUST00955,60.0,Male,9,86.45,10188.8,Two year,Fiber optic,Electronic check,Yes,3,No,Yes,Yes
CUST00956,56.0,Female,0,20.41,131.92,One year,DSL,Bank transfer,No,3,No,Yes,Yes
CUST00957,69.0,Male,9,21.12,394.45,Two year,DSL,Credit card,Yes,1,Yes,No,No
CUST00958,46.0,Female,3,61.66,2755.45,Two year,DSL,Bank transfer,No,3,Yes,No,No
CUST00959,32.0,Male,8,35.53,796.58,Month-to-month,No,Credit card,No,2,No,No,No
CUST00960,60.0,Male,9,86.45,10188.8,Two year,Fiber optic,Electronic check,Yes,3,No,Yes,Yes
CUST00961,56.0,Female,0,20.41,131.92,One year,DSL,Bank transfer,No,3,No,Yes,Yes
CUST00962,69.0,Male,9,21.12,394.45,Two year,DSL,Credit card,Yes,1,Yes,No,No
CUST00963,46.0,Female,3,61.66,2755.45,Two year,DSL,Bank transfer,No,3,Yes,No,No
CUST00964,32.0,Male,8,35.53,796.58,Month-to-month,No,Credit card,No,2,No,No,No
CUST00965,60.0,Male,9,86.45,10188.8,Two year,Fiber optic,Electronic check,Yes,3,No,Yes,Yes
CUST00966,56.0,Female,0,20.41,131.92,One year,DSL,Bank transfer,No,3,No,Yes,Yes
CUST00967,69.0,Male,9,21.12,394.45,Two year,DSL,Credit card,Yes,1,Yes,No,No
CUST00968,46.0,Female,3,61.66,2755.45,Two year,DSL,Bank transfer,No,3,Yes,No,No
CUST00969,32.0,Male,8,35.53,796.58,Month-to-month,No,Credit card,No,2,No,No,No
CUST00970,60.0,Male,9,86.45,10188.8,Two year,Fiber optic,Electronic check,Yes,3,No,Yes,Yes
CUST00971,56.0,Female,0,20.41,131.92,One year,DSL,Bank transfer,No,3,No,Yes,Yes
CUST00972,69.0,Male,9,21.12,394.45,Two year,DSL,Credit card,Yes,1,Yes,No,No
CUST00973,46.0,Female,3,61.66,2755.45,Two year,DSL,Bank transfer,No,3,Yes,No,No
CUST00974,32.0,Male,8,35.53,796.58,Month-to-month,No,Credit card,No,2,No,No,No
CUST00975,60.0,Male,9,86.45,10188.8,Two year,Fiber optic,Electronic check,Yes,3,No,Yes,Yes
CUST00976,56.0,Female,0,20.41,131.92,One year,DSL,Bank transfer,No,3,No,Yes,Yes
CUST00977,69.0,Male,9,21.12,394.45,Two year,DSL,Credit card,Yes,1,Yes,No,No
CUST00978,46.0,Female,3,61.66,2755.45,Two year,DSL,Bank transfer,No,3,Yes,No,No
CUST00979,32.0,Male,8,35.53,796.58,Month-to-month,No,Credit card,No,2,No,No,No
CUST00980,60.0,Male,9,86.45,10188.8,Two year,Fiber optic,Electronic check,Yes,3,No,Yes,Yes
CUST00981,56.0,Female,0,20.41,131.92,One year,DSL,Bank transfer,No,3,No,Yes,Yes
CUST00982,69.0,Male,9,21.12,394.45,Two year,DSL,Credit card,Yes,1,Yes,No,No
CUST00983,46.0,Female,3,61.66,2755.45,Two year,DSL,Bank transfer,No,3,Yes,No,No
CUST00984,32.0,Male,8,35.53,796.58,Month-to-month,No,Credit card,No,2,No,No,No
CUST00985,60.0,Male,9,86.45,10188.8,Two year,Fiber optic,Electronic check,Yes,3,No,Yes,Yes
CUST00986,56.0,Female,0,20.41,131.92,One year,DSL,Bank transfer,No,3,No,Yes,Yes
CUST00987,69.0,Male,9,21.12,394.45,Two year,DSL,Credit card,Yes,1,Yes,No,No
CUST00988,46.0,Female,3,61.66,2755.45,Two year,DSL,Bank transfer,No,3,Yes,No,No
CUST00989,32.0,Male,8,35.53,796.58,Month-to-month,No,Credit card,No,2,No,No,No
CUST00990,60.0,Male,9,86.45,10188.8,Two year,Fiber optic,Electronic check,Yes,3,No,Yes,Yes
CUST00991,56.0,Female,0,20.41,131.92,One year,DSL,Bank transfer,No,3,No,Yes,Yes
CUST00992,69.0,Male,9,21.12,394.45,Two year,DSL,Credit card,Yes,1,Yes,No,No
CUST00993,46.0,Female,3,61.66,2755.45,Two year,DSL,Bank transfer,No,3,Yes,No,No
CUST00994,32.0,Male,8,35.53,796.58,Month-to-month,No,Credit card,No,2,No,No,No
CUST00995,60.0,Male,9,86.45,10188.8,Two year,Fiber optic,Electronic check,Yes,3,No,Yes,Yes
CUST00996,56.0,Female,0,20.41,131.92,One year,DSL,Bank transfer,No,3,No,Yes,Yes
CUST00997,69.0,Male,9,21.12,394.45,Two year,DSL,Credit card,Yes,1,Yes,No,No
CUST00998,46.0,Female,3,61.66,2755.45,Two year,DSL,Bank transfer,No,3,Yes,No,No
CUST00999,32.0,Male,8,35.53,796.58,Month-to-month,No,Credit card,No,2,No,No,No
CUST01000,60.0,Male,9,86.45,10188.8,Two year,Fiber optic,Electronic check,Yes,3,No,Yes,Yes
CUST01001,56.0,Female,0,20.41,131.92,One year,DSL,Bank transfer,No,3,No,Yes,Yes
CUST01002,69.0,Male,9,21.12,394.45,Two year,DSL,Credit card,Yes,1,Yes,No,No
CUST01003,46.0,Female,3,61.66,2755.45,Two year,DSL,Bank transfer,No,3,Yes,No,No
CUST01004,32.0,Male,8,35.53,796.58,Month-to-month,No,Credit card,No,2,No,No,No
CUST01005,60.0,Male,9,86.45,10188.8,Two year,Fiber optic,Electronic check,Yes,3,No,Yes,Yes
CUST01006,56.0,Female,0,20.41,131.92,One year,DSL,Bank transfer,No,3,No,Yes,Yes
CUST01007,69.0,Male,9,21.12,394.45,Two year,DSL,Credit card,Yes,1,Yes,No,No
CUST01008,46.0,Female,3,61.66,2755.45,Two year,DSL,Bank transfer,No,3,Yes,No,No
CUST01009,32.0,Male,8,35.53,796.58,Month-to-month,No,Credit card,No,2,No,No,No
CUST01010,60.0,Male,9,86.45,10188.8,Two year,Fiber optic,Electronic check,Yes,3,No,Yes,Yes
CUST01011,56.0,Female,0,20.41,131.92,One year,DSL,Bank transfer,No,3,No,Yes,Yes
CUST01012,69.0,Male,9,21.12,394.45,Two year,DSL,Credit card,Yes,1,Yes,No,No
CUST01013,46.0,Female,3,61.66,2755.45,Two year,DSL,Bank transfer,No,3,Yes,No,No
CUST01014,32.0,Male,8,35.53,796.58,Month-to-month,No,Credit card,No,2,No,No,No
CUST01015,60.0,Male,9,86.45,10188.8,Two year,Fiber optic,Electronic check,Yes,3,No,Yes,Yes
CUST01016,56.0,Female,0,20.41,131.92,One year,DSL,Bank transfer,No,3,No,Yes,Yes
CUST01017,69.0,Male,9,21.12,394.45,Two year,DSL,Credit card,Yes,1,Yes,No,No
CUST01018,46.0,Female,3,61.66,2755.45,Two year,DSL,Bank transfer,No,3,Yes,No,No
CUST01019,32.0,Male,8,35.53,796.58,Month-to-month,No,Credit card,No,2,No,No,No
CUST01020,60.0,Male,9,86.45,10188.8,Two year,Fiber optic,Electronic check,Yes,3,No,Yes,Yes
CUST01021,56.0,Female,0,20.41,131.92,One year,DSL,Bank transfer,No,3,No,Yes,Yes
CUST01022,69.0,Male,9,21.12,394.45,Two year,DSL,Credit card,Yes,1,Yes,No,No
CUST01023,46.0,Female,3,61.66,2755.45,Two year,DSL,Bank transfer,No,3,Yes,No,No
CUST01024,32.0,Male,8,35.53,796.58,Month-to-month,No,Credit card,No,2,No,No,No
CUST01025,60.0,Male,9,86.45,10188.8,Two year,Fiber optic,Electronic check,Yes,3,No,Yes,Yes
CUST01026,56.0,Female,0,20.41,131.92,One year,DSL,Bank transfer,No,3,No,Yes,Yes
CUST01027,69.0,Male,9,21.12,394.45,Two year,DSL,Credit card,Yes,1,Yes,No,No
CUST01028,46.0,Female,3,61.66,2755.45,Two year,DSL,Bank transfer,No,3,Yes,No,No
CUST01029,32.0,Male,8,35.53,796.58,Month-to-month,No,Credit card,No,2,No,No,No
CUST01030,60.0,Male,9,86.45,10188.8,Two year,Fiber optic,Electronic check,Yes,3,No,Yes,Yes
CUST01031,56.0,Female,0,20.41,131.92,One year,DSL,Bank transfer,No,3,No,Yes,Yes
CUST01032,69.0,Male,9,21.12,394.45,Two year,DSL,Credit card,Yes,1,Yes,No,No
CUST01033,46.0,Female,3,61.66,2755.45,Two year,DSL,Bank transfer,No,3,Yes,No,No
CUST01034,32.0,Male,8,35.53,796.58,Month-to-month,No,Credit card,No,2,No,No,No
CUST01035,60.0,Male,9,86.45,10188.8,Two year,Fiber optic,Electronic check,Yes,3,No,Yes,Yes
CUST01036,56.0,Female,0,20.41,131.92,One year,DSL,Bank transfer,No,3,No,Yes,Yes
CUST01037,69.0,Male,9,21.12,394.45,Two year,DSL,Credit card,Yes,1,Yes,No,No
CUST01038,46.0,Female,3,61.66,2755.45,Two year,DSL,Bank transfer,No,3,Yes,No,No
CUST01039,32.0,Male,8,35.53,796.58,Month-to-month,No,Credit card,No,2,No,No,No
CUST01040,60.0,Male,9,86.45,10188.8,Two year,Fiber optic,Electronic check,Yes,3,No,Yes,Yes
CUST01041,56.0,Female,0,20.41,131.92,One year,DSL,Bank transfer,No,3,No,Yes,Yes
CUST01042,69.0,Male,9,21.12,394.45,Two year,DSL,Credit card,Yes,1,Yes,No,No
CUST01043,46.0,Female,3,61.66,2755.45,Two year,DSL,Bank transfer,No,3,Yes,No,No
CUST01044,32.0,Male,8,35.53,796.58,Month-to-month,No,Credit card,No,2,No,No,No
CUST01045,60.0,Male,9,86.45,10188.8,Two year,Fiber optic,Electronic check,Yes,3,No,Yes,Yes
CUST01046,56.0,Female,0,20.41,131.92,One year,DSL,Bank transfer,No,3,No,Yes,Yes
CUST01047,69.0,Male,9,21.12,394.45,Two year,DSL,Credit card,Yes,1,Yes,No,No
CUST01048,46.0,Female,3,61.66,2755.45,Two year,DSL,Bank transfer,No,3,Yes,No,No
CUST01049,32.0,Male,8,35.53,796.58,Month-to-month,No,Credit card,No,2,No,No,No
CUST01050,60.0,Male,9,86.45,10188.8,Two year,Fiber optic,Electronic check,Yes,3,No,Yes,Yes
CUST01051,56.0,Female,0,20.41,131.92,One year,DSL,Bank transfer,No,3,No,Yes,Yes
CUST01052,69.0,Male,9,21.12,394.45,Two year,DSL,Credit card,Yes,1,Yes,No,No
CUST01053,46.0,Female,3,61.66,2755.45,Two year,DSL,Bank transfer,No,3,Yes,No,No
CUST01054,32.0,Male,8,35.53,796.58,Month-to-month,No,Credit card,No,2,No,No,No
CUST01055,60.0,Male,9,86.45,10188.8,Two year,Fiber optic,Electronic check,Yes,3,No,Yes,Yes
CUST01056,56.0,Female,0,20.41,131.92,One year,DSL,Bank transfer,No,3,No,Yes,Yes
CUST01057,69.0,Male,9,21.12,394.45,Two year,DSL,Credit card,Yes,1,Yes,No,No
CUST01058,46.0,Female,3,61.66,2755.45,Two year,DSL,Bank transfer,No,3,Yes,No,No
CUST01059,32.0,Male,8,35.53,796.58,Month-to-month,No,Credit card,No,2,No,No,No
CUST01060,60.0,Male,9,86.45,10188.8,Two year,Fiber optic,Electronic check,Yes,3,No,Yes,Yes
CUST01061,56.0,Female,0,20.41,131.92,One year,DSL,Bank transfer,No,3,No,Yes,Yes
CUST01062,69.0,Male,9,21.12,394.45,Two year,DSL,Credit card,Yes,1,Yes,No,No
CUST01063,46.0,Female,3,61.66,2755.45,Two year,DSL,Bank transfer,No,3,Yes,No,No
CUST01064,32.0,Male,8,35.53,796.58,Month-to-month,No,Credit card,No,2,No,No,No
CUST01065,60.0,Male,9,86.45,10188.8,Two year,Fiber optic,Electronic check,Yes,3,No,Yes,Yes
CUST01066,56.0,Female,0,20.41,131.92,One year,DSL,Bank transfer,No,3,No,Yes,Yes
CUST01067,69.0,Male,9,21.12,394.45,Two year,DSL,Credit card,Yes,1,Yes,No,No
CUST01068,46.0,Female,3,61.66,2755.45,Two year,DSL,Bank transfer,No,3,Yes,No,No
CUST01069,32.0,Male,8,35.53,796.58,Month-to-month,No,Credit card,No,2,No,No,No
CUST01070,60.0,Male,9,86.45,10188.8,Two year,Fiber optic,Electronic check,Yes,3,No,Yes,Yes
CUST01071,56.0,Female,0,20.41,131.92,One year,DSL,Bank transfer,No,3,No,Yes,Yes
CUST01072,69.0,Male,9,21.12,394.45,Two year,DSL,Credit card,Yes,1,Yes,No,No
CUST01073,46.0,Female,3,61.66,2755.45,Two year,DSL,Bank transfer,No,3,Yes,No,No
CUST01074,32.0,Male,8,35.53,796.58,Month-to-month,No,Credit card,No,2,No,No,No
CUST01075,60.0,Male,9,86.45,10188.8,Two year,Fiber optic,Electronic check,Yes,3,No,Yes,Yes
CUST01076,56.0,Female,0,20.41,131.92,One year,DSL,Bank transfer,No,3,No,Yes,Yes
CUST01077,69.0,Male,9,21.12,394.45,Two year,DSL,Credit card,Yes,1,Yes,No,No
CUST01078,46.0,Female,3,61.66,2755.45,Two year,DSL,Bank transfer,No,3,Yes,No,No
CUST01079,32.0,Male,8,35.53,796.58,Month-to-month,No,Credit card,No,2,No,No,No
CUST01080,60.0,Male,9,86.45,10188.8,Two year,Fiber optic,Electronic check,Yes,3,No,Yes,Yes
CUST01081,56.0,Female,0,20.41,131.92,One year,DSL,Bank transfer,No,3,No,Yes,Yes
CUST01082,69.0,Male,9,21.12,394.45,Two year,DSL,Credit card,Yes,1,Yes,No,No
CUST01083,46.0,Female,3,61.66,2755.45,Two year,DSL,Bank transfer,No,3,Yes,No,No
CUST01084,32.0,Male,8,35.53,796.58,Month-to-month,No,Credit card,No,2,No,No,No
CUST01085,60.0,Male,9,86.45,10188.8,Two year,Fiber optic,Electronic check,Yes,3,No,Yes,Yes
CUST01086,56.0,Female,0,20.41,131.92,One year,DSL,Bank transfer,No,3,No,Yes,Yes
CUST01087,69.0,Male,9,21.12,394.45,Two year,DSL,Credit card,Yes,1,Yes,No,No
CUST01088,46.0,Female,3,61.66,2755.45,Two year,DSL,Bank transfer,No,3,Yes,No,No
CUST01089,32.0,Male,8,35.53,796.58,Month-to-month,No,Credit card,No,2,No,No,No
CUST01090,60.0,Male,9,86.45,10188.8,Two year,Fiber optic,Electronic check,Yes,3,No,Yes,Yes
CUST01091,56.0,Female,0,20.41,131.92,One year,DSL,Bank transfer,No,3,No,Yes,Yes
CUST01092,69.0,Male,9,21.12,394.45,Two year,DSL,Credit card,Yes,1,Yes,No,No
CUST01093,46.0,Female,3,61.66,2755.45,Two year,DSL,Bank transfer,No,3,Yes,No,No
CUST01094,32.0,Male,8,35.53,796.58,Month-to-month,No,Credit card,No,2,No,No,No
CUST01095,60.0,Male,9,86.45,10188.8,Two year,Fiber optic,Electronic check,Yes,3,No,Yes,Yes
CUST01096,56.0,Female,0,20.41,131.92,One year,DSL,Bank transfer,No,3,No,Yes,Yes
CUST01097,69.0,Male,9,21.12,394.45,Two year,DSL,Credit card,Yes,1,Yes,No,No
CUST01098,46.0,Female,3,61.66,2755.45,Two year,DSL,Bank transfer,No,3,Yes,No,No
CUST01099,32.0,Male,8,35.53,796.58,Month-to-month,No,Credit card,No,2,No,No,No
CUST01100,60.0,Male,9,86.45,10188.8,Two year,Fiber optic,Electronic check,Yes,3,No,Yes,Yes
CUST01101,56.0,Female,0,20.41,131.92,One year,DSL,Bank transfer,No,3,No,Yes,Yes
CUST01102,69.0,Male,9,21.12,394.45,Two year,DSL,Credit card,Yes,1,Yes,No,No
CUST01103,46.0,Female,3,61.66,2755.45,Two year,DSL,Bank transfer,No,3,Yes,No,No
CUST01104,32.0,Male,8,35.53,796.58,Month-to-month,No,Credit card,No,2,No,No,No
CUST01105,60.0,Male,9,86.45,10188.8,Two year,Fiber optic,Electronic check,Yes,3,No,Yes,Yes
CUST01106,56.0,Female,0,20.41,131.92,One year,DSL,Bank transfer,No,3,No,Yes,Yes
CUST01107,69.0,Male,9,21.12,394.45,Two year,DSL,Credit card,Yes,1,Yes,No,No
CUST01108,46.0,Female,3,61.66,2755.45,Two year,DSL,Bank transfer,No,3,Yes,No,No
CUST01109,32.0,Male,8,35.53,796.58,Month-to-month,No,Credit card,No,2,No,No,No
CUST01110,60.0,Male,9,86.45,10188.8,Two year,Fiber optic,Electronic check,Yes,3,No,Yes,Yes
CUST01111,56.0,Female,0,20.41,131.92,One year,DSL,Bank transfer,No,3,No,Yes,Yes
CUST01112,69.0,Male,9,21.12,394.45,Two year,DSL,Credit card,Yes,1,Yes,No,No
CUST01113,46.0,Female,3,61.66,2755.45,Two year,DSL,Bank transfer,No,3,Yes,No,No
CUST01114,32.0,Male,8,35.53,796.58,Month-to-month,No,Credit card,No,2,No,No,No
CUST01115,60.0,Male,9,86.45,10188.8,Two year,Fiber optic,Electronic check,Yes,3,No,Yes,Yes
CUST01116,56.0,Female,0,20.41,131.92,One year,DSL,Bank transfer,No,3,No,Yes,Yes
CUST01117,69.0,Male,9,21.12,394.45,Two year,DSL,Credit card,Yes,1,Yes,No,No
CUST01118,46.0,Female,3,61.66,2755.45,Two year,DSL,Bank transfer,No,3,Yes,No,No
CUST01119,32.0,Male,8,35.53,796.58,Month-to-month,No,Credit card,No,2,No,No,No
CUST01120,60.0,Male,9,86.45,10188.8,Two year,Fiber optic,Electronic check,Yes,3,No,Yes,Yes
CUST01121,56.0,Female,0,20.41,131.92,One year,DSL,Bank transfer,No,3,No,Yes,Yes
CUST01122,69.0,Male,9,21.12,394.45,Two year,DSL,Credit card,Yes,1,Yes,No,No
CUST01123,46.0,Female,3,61.66,2755.45,Two year,DSL,Bank transfer,No,3,Yes,No,No
CUST01124,32.0,Male,8,35.53,796.58,Month-to-month,No,Credit card,No,2,No,No,No
CUST01125,60.0,Male,9,86.45,10188.8,Two year,Fiber optic,Electronic check,Yes,3,No,Yes,Yes
CUST01126,56.0,Female,0,20.41,131.92,One year,DSL,Bank transfer,No,3,No,Yes,Yes
CUST01127,69.0,Male,9,21.12,394.45,Two year,DSL,Credit card,Yes,1,Yes,No,No
CUST01128,46.0,Female,3,61.66,2755.45,Two year,DSL,Bank transfer,No,3,Yes,No,No
CUST01129,32.0,Male,8,35.53,796.58,Month-to-month,No,Credit card,No,2,No,No,No
CUST01130,60.0,Male,9,86.45,10188.8,Two year,Fiber optic,Electronic check,Yes,3,No,Yes,Yes
CUST01131,56.0,Female,0,20.41,131.92,One year,DSL,Bank transfer,No,3,No,Yes,Yes
CUST01132,69.0,Male,9,21.12,394.45,Two year,DSL,Credit card,Yes,1,Yes,No,No
CUST01133,46.0,Female,3,61.66,2755.45,Two year,DSL,Bank transfer,No,3,Yes,No,No
CUST01134,32.0,Male,8,35.53,796.58,Month-to-month,No,Credit card,No,2,No,No,No
CUST01135,60.0,Male,9,86.45,10188.8,Two year,Fiber optic,Electronic check,Yes,3,No,Yes,Yes
CUST01136,56.0,Female,0,20.41,131.92,One year,DSL,Bank transfer,No,3,No,Yes,Yes
CUST01137,69.0,Male,9,21.12,394.45,Two year,DSL,Credit card,Yes,1,Yes,No,No
CUST01138,46.0,Female,3,61.66,2755.45,Two year,DSL,Bank transfer,No,3,Yes,No,No
CUST01139,32.0,Male,8,35.53,796.58,Month-to-month,No,Credit card,No,2,No,No,No
CUST01140,60.0,Male,9,86.45,10188.8,Two year,Fiber optic,Electronic check,Yes,3,No,Yes,Yes
CUST01141,56.0,Female,0,20.41,131.92,One year,DSL,Bank transfer,No,3,No,Yes,Yes
CUST01142,69.0,Male,9,21.12,394.45,Two year,DSL,Credit card,Yes,1,Yes,No,No
CUST01143,46.0,Female,3,61.66,2755.45,Two year,DSL,Bank transfer,No,3,Yes,No,No
CUST01144,32.0,Male,8,35.53,796.58,Month-to-month,No,Credit card,No,2,No,No,No
CUST01145,60.0,Male,9,86.45,10188.8,Two year,Fiber optic,Electronic check,Yes,3,No,Yes,Yes
CUST01146,56.0,Female,0,20.41,131.92,One year,DSL,Bank transfer,No,3,No,Yes,Yes
CUST01147,69.0,Male,9,21.12,394.45,Two year,DSL,Credit card,Yes,1,Yes,No,No
CUST01148,46.0,Female,3,61.66,2755.45,Two year,DSL,Bank transfer,No,3,Yes,No,No
CUST01149,32.0,Male,8,35.53,796.58,Month-to-month,No,Credit card,No,2,No,No,No
CUST01150,60.0,Male,9,86.45,10188.8,Two year,Fiber optic,Electronic check,Yes,3,No,Yes,Yes
CUST01151,56.0,Female,0,20.41,131.92,One year,DSL,Bank transfer,No,3,No,Yes,Yes
CUST01152,69.0,Male,9,21.12,394.45,Two year,DSL,Credit card,Yes,1,Yes,No,No
CUST01153,46.0,Female,3,61.66,2755.45,Two year,DSL,Bank transfer,No,3,Yes,No,No
CUST01154,32.0,Male,8,35.53,796.58,Month-to-month,No,Credit card,No,2,No,No,No
CUST01155,60.0,Male,9,86.45,10188.8,Two year,Fiber optic,Electronic check,Yes,3,No,Yes,Yes
CUST01156,56.0,Female,0,20.41,131.92,One year,DSL,Bank transfer,No,3,No,Yes,Yes
CUST01157,69.0,Male,9,21.12,394.45,Two year,DSL,Credit card,Yes,1,Yes,No,No
CUST01158,46.0,Female,3,61.66,2755.45,Two year,DSL,Bank transfer,No,3,Yes,No,No
CUST01159,32.0,Male,8,35.53,796.58,Month-to-month,No,Credit card,No,2,No,No,No
CUST01160,60.0,Male,9,86.45,10188.8,Two year,Fiber optic,Electronic check,Yes,3,No,Yes,Yes
CUST01161,56.0,Female,0,20.41,131.92,One year,DSL,Bank transfer,No,3,No,Yes,Yes
CUST01162,69.0,Male,9,21.12,394.45,Two year,DSL,Credit card,Yes,1,Yes,No,No
CUST01163,46.0,Female,3,61.66,2755.45,Two year,DSL,Bank transfer,No,3,Yes,No,No
CUST01164,32.0,Male,8,35.53,796.58,Month-to-month,No,Credit card,No,2,No,No,No
CUST01165,60.0,Male,9,86.45,10188.8,Two year,Fiber optic,Electronic check,Yes,3,No,Yes,Yes
CUST01166,56.0,Female,0,20.41,131.92,One year,DSL,Bank transfer,No,3,No,Yes,Yes
CUST01167,69.0,Male,9,21.12,394.45,Two year,DSL,Credit card,Yes,1,Yes,No,No
CUST01168,46.0,Female,3,61.66,2755.45,Two year,DSL,Bank transfer,No,3,Yes,No,No
CUST01169,32.0,Male,8,35.53,796.58,Month-to-month,No,Credit card,No,2,No,No,No
CUST01170,60.0,Male,9,86.45,10188.8,Two year,Fiber optic,Electronic check,Yes,3,No,Yes,Yes
CUST01171,56.0,Female,0,20.41,131.92,One year,DSL,Bank transfer,No,3,No,Yes,Yes
CUST01172,69.0,Male,9,21.12,394.45,Two year,DSL,Credit card,Yes,1,Yes,No,No
CUST01173,46.0,Female,3,61.66,2755.45,Two year,DSL,Bank transfer,No,3,Yes,No,No
CUST01174,32.0,Male,8,35.53,796.58,Month-to-month,No,Credit card,No,2,No,No,No
CUST01175,60.0,Male,9,86.45,10188.8,Two year,Fiber optic,Electronic check,Yes,3,No,Yes,Yes
CUST01176,56.0,Female,0,20.41,131.92,One year,DSL,Bank transfer,No,3,No,Yes,Yes
CUST01177,69.0,Male,9,21.12,394.45,Two year,DSL,Credit card,Yes,1,Yes,No,No
CUST01178,46.0,Female,3,61.66,2755.45,Two year,DSL,Bank transfer,No,3,Yes,No,No
CUST01179,32.0,Male,8,35.53,796.58,Month-to-month,No,Credit card,No,2,No,No,No
CUST01180,60.0,Male,9,86.45,10188.8,Two year,Fiber optic,Electronic check,Yes,3,No,Yes,Yes
CUST01181,56.0,Female,0,20.41,131.92,One year,DSL,Bank transfer,No,3,No,Yes,Yes
CUST01182,69.0,Male,9,21.12,394.45,Two year,DSL,Credit card,Yes,1,Yes,No,No
CUST01183,46.0,Female,3,61.66,2755.45,Two year,DSL,Bank transfer,No,3,Yes,No,No
CUST01184,32.0,Male,8,35.53,796.58,Month-to-month,No,Credit card,No,2,No,No,No
CUST01185,60.0,Male,9,86.45,10188.8,Two year,Fiber optic,Electronic check,Yes,3,No,Yes,Yes
CUST01186,56.0,Female,0,20.41,131.92,One year,DSL,Bank transfer,No,3,No,Yes,Yes
CUST01187,69.0,Male,9,21.12,394.45,Two year,DSL,Credit card,Yes,1,Yes,No,No
CUST01188,46.0,Female,3,61.66,2755.45,Two year,DSL,Bank transfer,No,3,Yes,No,No
CUST01189,32.0,Male,8,35.53,796.58,Month-to-month,No,Credit card,No,2,No,No,No
CUST01190,60.0,Male,9,86.45,10188.8,Two year,Fiber optic,Electronic check,Yes,3,No,Yes,Yes
CUST01191,56.0,Female,0,20.41,131.92,One year,DSL,Bank transfer,No,3,No,Yes,Yes
CUST01192,69.0,Male,9,21.12,394.45,Two year,DSL,Credit card,Yes,1,Yes,No,No
CUST01193,46.0,Female,3,61.66,2755.45,Two year,DSL,Bank transfer,No,3,Yes,No,No
CUST01194,32.0,Male,8,35.53,796.58,Month-to-month,No,Credit card,No,2,No,No,No
CUST01195,60.0,Male,9,86.45,10188.8,Two year,Fiber optic,Electronic check,Yes,3,No,Yes,Yes
CUST01196,56.0,Female,0,20.41,131.92,One year,DSL,Bank transfer,No,3,No,Yes,Yes
CUST01197,69.0,Male,9,21.12,394.45,Two year,DSL,Credit card,Yes,1,Yes,No,No
CUST01198,46.0,Female,3,61.66,2755.45,Two year,DSL,Bank transfer,No,3,Yes,No,No
CUST01199,32.0,Male,8,35.53,796.58,Month-to-month,No,Credit card,No,2,No,No,No
CUST01200,60.0,Male,9,86.45,10188.8,Two year,Fiber optic,Electronic check,Yes,3,No,Yes,Yes
CUST01201,56.0,Female,0,20.41,131.92,One year,DSL,Bank transfer,No,3,No,Yes,Yes
CUST01202,69.0,Male,9,21.12,394.45,Two year,DSL,Credit card,Yes,1,Yes,No,No
CUST01203,46.0,Female,3,61.66,2755.45,Two year,DSL,Bank transfer,No,3,Yes,No,No
CUST01204,32.0,Male,8,35.53,796.58,Month-to-month,No,Credit card,No,2,No,No,No
CUST01205,60.0,Male,9,86.45,10188.8,Two year,Fiber optic,Electronic check,Yes,3,No,Yes,Yes
CUST01206,56.0,Female,0,20.41,131.92,One year,DSL,Bank transfer,No,3,No,Yes,Yes
CUST01207,69.0,Male,9,21.12,394.45,Two year,DSL,Credit card,Yes,1,Yes,No,No
CUST01208,46.0,Female,3,61.66,2755.45,Two year,DSL,Bank transfer,No,3,Yes,No,No
CUST01209,32.0,Male,8,35.53,796.58,Month-to-month,No,Credit card,No,2,No,No,No
CUST01210,60.0,Male,9,86.45,10188.8,Two year,Fiber optic,Electronic check,Yes,3,No,Yes,Yes
CUST01211,56.0,Female,0,20.41,131.92,One year,DSL,Bank transfer,No,3,No,Yes,Yes
CUST01212,69.0,Male,9,21.12,394.45,Two year,DSL,Credit card,Yes,1,Yes,No,No
CUST01213,46.0,Female,3,61.66,2755.45,Two year,DSL,Bank transfer,No,3,Yes,No,No
CUST01214,32.0,Male,8,35.53,796.58,Month-to-month,No,Credit card,No,2,No,No,No
CUST01215,60.0,Male,9,86.45,10188.8,Two year,Fiber optic,Electronic check,Yes,3,No,Yes,Yes
CUST01216,56.0,Female,0,20.41,131.92,One year,DSL,Bank transfer,No,3,No,Yes,Yes
CUST01217,69.0,Male,9,21.12,394.45,Two year,DSL,Credit card,Yes,1,Yes,No,No
CUST01218,46.0,Female,3,61.66,2755.45,Two year,DSL,Bank transfer,No,3,Yes,No,No
CUST01219,32.0,Male,8,35.53,796.58,Month-to-month,No,Credit card,No,2,No,No,No
CUST01220,60.0,Male,9,86.45,10188.8,Two year,Fiber optic,Electronic check,Yes,3,No,Yes,Yes
CUST01221,56.0,Female,0,20.41,131.92,One year,DSL,Bank transfer,No,3,No,Yes,Yes
CUST01222,69.0,Male,9,21.12,394.45,Two year,DSL,Credit card,Yes,1,Yes,No,No
CUST01223,46.0,Female,3,61.66,2755.45,Two year,DSL,Bank transfer,No,3,Yes,No,No
CUST01224,32.0,Male,8,35.53,796.58,Month-to-month,No,Credit card,No,2,No,No,No
CUST01225,60.0,Male,9,86.45,10188.8,Two year,Fiber optic,Electronic check,Yes,3,No,Yes,Yes
CUST01226,56.0,Female,0,20.41,131.92,One year,DSL,Bank transfer,No,3,No,Yes,Yes
CUST01227,69.0,Male,9,21.12,394.45,Two year,DSL,Credit card,Yes,1,Yes,No,No
CUST01228,46.0,Female,3,61.66,2755.45,Two year,DSL,Bank transfer,No,3,Yes,No,No
CUST01229,32.0,Male,8,35.53,796.58,Month-to-month,No,Credit card,No,2,No,No,No
CUST01230,60.0,Male,9,86.45,10188.8,Two year,Fiber optic,Electronic check,Yes,3,No,Yes,Yes
CUST01231,56.0,Female,0,20.41,131.92,One year,DSL,Bank transfer,No,3,No,Yes,Yes
CUST01232,69.0,Male,9,21.12,394.45,Two year,DSL,Credit card,Yes,1,Yes,No,No
CUST01233,46.0,Female,3,61.66,2755.45,Two year,DSL,Bank transfer,No,3,Yes,No,No
CUST01234,32.0,Male,8,35.53,796.58,Month-to-month,No,Credit card,No,2,No,No,No
CUST01235,60.0,Male,9,86.45,10188.8,Two year,Fiber optic,Electronic check,Yes,3,No,Yes,Yes
CUST01236,56.0,Female,0,20.41,131.92,One year,DSL,Bank transfer,No,3,No,Yes,Yes
CUST01237,69.0,Male,9,21.12,394.45,Two year,DSL,Credit card,Yes,1,Yes,No,No
CUST01238,46.0,Female,3,61.66,2755.45,Two year,DSL,Bank transfer,No,3,Yes,No,No
CUST01239,32.0,Male,8,35.53,796.58,Month-to-month,No,Credit card,No,2,No,No,No
CUST01240,60.0,Male,9,86.45,10188.8,Two year,Fiber optic,Electronic check,Yes,3,No,Yes,Yes
CUST01241,56.0,Female,0,20.41,131.92,One year,DSL,Bank transfer,No,3,No,Yes,Yes
CUST01242,69.0,Male,9,21.12,394.45,Two year,DSL,Credit card,Yes,1,Yes,No,No
CUST01243,46.0,Female,3,61.66,2755.45,Two year,DSL,Bank transfer,No,3,Yes,No,No
CUST01244,32.0,Male,8,35.53,796.58,Month-to-month,No,Credit card,No,2,No,No,No
CUST01245,60.0,Male,9,86.45,10188.8,Two year,Fiber optic,Electronic check,Yes,3,No,Yes,Yes
CUST01246,56.0,Female,0,20.41,131.92,One year,DSL,Bank transfer,No,3,No,Yes,Yes
CUST01247,69.0,Male,9,21.12,394.45,Two year,DSL,Credit card,Yes,1,Yes,No,No
CUST01248,46.0,Female,3,61.66,2755.45,Two year,DSL,Bank transfer,No,3,Yes,No,No
CUST01249,32.0,Male,8,35.53,796.58,Month-to-month,No,Credit card,No,2,No,No,No
CUST01250,60.0,Male,9,86.45,10188.8,Two year,Fiber optic,Electronic check,Yes,3,No,Yes,Yes
CUST01251,56.0,Female,0,20.41,131.92,One year,DSL,Bank transfer,No,3,No,Yes,Yes
CUST01252,69.0,Male,9,21.12,394.45,Two year,DSL,Credit card,Yes,1,Yes,No,No
CUST01253,46.0,Female,3,61.66,2755.45,Two year,DSL,Bank transfer,No,3,Yes,No,No
CUST01254,32.0,Male,8,35.53,796.58,Month-to-month,No,Credit card,No,2,No,No,No
CUST01255,60.0,Male,9,86.45,10188.8,Two year,Fiber optic,Electronic check,Yes,3,No,Yes,Yes
CUST01256,56.0,Female,0,20.41,131.92,One year,DSL,Bank transfer,No,3,No,Yes,Yes
CUST01257,69.0,Male,9,21.12,394.45,Two year,DSL,Credit card,Yes,1,Yes,No,No
CUST01258,46.0,Female,3,61.66,2755.45,Two year,DSL,Bank transfer,No,3,Yes,No,No
CUST01259,32.0,Male,8,35.53,796.58,Month-to-month,No,Credit card,No,2,No,No,No
CUST01260,60.0,Male,9,86.45,10188.8,Two year,Fiber optic,Electronic check,Yes,3,No,Yes,Yes
CUST01261,56.0,Female,0,20.41,131.92,One year,DSL,Bank transfer,No,3,No,Yes,Yes
CUST01262,69.0,Male,9,21.12,394.45,Two year,DSL,Credit card,Yes,1,Yes,No,No
CUST01263,46.0,Female,3,61.66,2755.45,Two year,DSL,Bank transfer,No,3,Yes,No,No
CUST01264,32.0,Male,8,35.53,796.58,Month-to-month,No,Credit card,No,2,No,No,No
CUST01265,60.0,Male,9,86.45,10188.8,Two year,Fiber optic,Electronic check,Yes,3,No,Yes,Yes
CUST01266,56.0,Female,0,20.41,131.92,One year,DSL,Bank transfer,No,3,No,Yes,Yes
CUST01267,69.0,Male,9,21.12,394.45,Two year,DSL,Credit card,Yes,1,Yes,No,No
CUST01268,46.0,Female,3,61.66,2755.45,Two year,DSL,Bank transfer,No,3,Yes,No,No
CUST01269,32.0,Male,8,35.53,796.58,Month-to-month,No,Credit card,No,2,No,No,No
CUST01270,60.0,Male,9,86.45,10188.8,Two year,Fiber optic,Electronic check,Yes,3,No,Yes,Yes
CUST01271,56.0,Female,0,20.41,131.92,One year,DSL,Bank transfer,No,3,No,Yes,Yes
CUST01272,69.0,Male,9,21.12,394.45,Two year,DSL,Credit card,Yes,1,Yes,No,No
CUST01273,46.0,Female,3,61.66,2755.45,Two year,DSL,Bank transfer,No,3,Yes,No,No
CUST01274,32.0,Male,8,35.53,796.58,Month-to-month,No,Credit card,No,2,No,No,No
CUST01275,60.0,Male,9,86.45,10188.8,Two year,Fiber optic,Electronic check,Yes,3,No,Yes,Yes
CUST01276,56.0,Female,0,20.41,131.92,One year,DSL,Bank transfer,No,3,No,Yes,Yes
CUST01277,69.0,Male,9,21.12,394.45,Two year,DSL,Credit card,Yes,1,Yes,No,No
CUST01278,46.0,Female,3,61.66,2755.45,Two year,DSL,Bank transfer,No,3,Yes,No,No
CUST01279,32.0,Male,8,35.53,796.58,Month-to-month,No,Credit card,No,2,No,No,No
CUST01280,60.0,Male,9,86.45,10188.8,Two year,Fiber optic,Electronic check,Yes,3,No,Yes,Yes
CUST01281,56.0,Female,0,20.41,131.92,One year,DSL,Bank transfer,No,3,No,Yes,Yes
CUST01282,69.0,Male,9,21.12,394.45,Two year,DSL,Credit card,Yes,1,Yes,No,No
CUST01283,46.0,Female,3,61.66,2755.45,Two year,DSL,Bank transfer,No,3,Yes,No,No
CUST01284,32.0,Male,8,35.53,796.58,Month-to-month,No,Credit card,No,2,No,No,No
CUST01285,60.0,Male,9,86.45,10188.8,Two year,Fiber optic,Electronic check,Yes,3,No,Yes,Yes
CUST01286,56.0,Female,0,20.41,131.92,One year,DSL,Bank transfer,No,3,No,Yes,Yes
CUST01287,69.0,Male,9,21.12,394.45,Two year,DSL,Credit card,Yes,1,Yes,No,No
CUST01288,46.0,Female,3,61.66,2755.45,Two year,DSL,Bank transfer,No,3,Yes,No,No
CUST01289,32.0,Male,8,35.53,796.58,Month-to-month,No,Credit card,No,2,No,No,No
CUST01290,60.0,Male,9,86.45,10188.8,Two year,Fiber optic,Electronic check,Yes,3,No,Yes,Yes
CUST01291,56.0,Female,0,20.41,131.92,One year,DSL,Bank transfer,No,3,No,Yes,Yes
CUST01292,69.0,Male,9,21.12,394.45,Two year,DSL,Credit card,Yes,1,Yes,No,No
CUST01293,46.0,Female,3,61.66,2755.45,Two year,DSL,Bank transfer,No,3,Yes,No,No
CUST01294,32.0,Male,8,35.53,796.58,Month-to-month,No,Credit card,No,2,No,No,No
CUST01295,60.0,Male,9,86.45,10188.8,Two year,Fiber optic,Electronic check,Yes,3,No,Yes,Yes
CUST01296,56.0,Female,0,20.41,131.92,One year,DSL,Bank transfer,No,3,No,Yes,Yes
CUST01297,69.0,Male,9,21.12,394.45,Two year,DSL,Credit card,Yes,1,Yes,No,No
CUST01298,46.0,Female,3,61.66,2755.45,Two year,DSL,Bank transfer,No,3,Yes,No,No
CUST01299,32.0,Male,8,35.53,796.58,Month-to-month,No,Credit card,No,2,No,No,No
CUST01300,60.0,Male,9,86.45,10188.8,Two year,Fiber optic,Electronic check,Yes,3,No,Yes,Yes
CUST01301,56.0,Female,0,20.41,131.92,One year,DSL,Bank transfer,No,3,No,Yes,Yes
CUST01302,69.0,Male,9,21.12,394.45,Two year,DSL,Credit card,Yes,1,Yes,No,No
CUST01303,46.0,Female,3,61.66,2755.45,Two year,DSL,Bank transfer,No,3,Yes,No,No
CUST01304,32.0,Male,8,35.53,796.58,Month-to-month,No,Credit card,No,2,No,No,No
CUST01305,60.0,Male,9,86.45,10188.8,Two year,Fiber optic,Electronic check,Yes,3,No,Yes,Yes
CUST01306,56.0,Female,0,20.41,131.92,One year,DSL,Bank transfer,No,3,No,Yes,Yes
CUST01307,69.0,Male,9,21.12,394.45,Two year,DSL,Credit card,Yes,1,Yes,No,No
CUST01308,46.0,Female,3,61.66,2755.45,Two year,DSL,Bank transfer,No,3,Yes,No,No
CUST01309,32.0,Male,8,35.53,796.58,Month-to-month,No,Credit card,No,2,No,No,No
CUST01310,60.0,Male,9,86.45,10188.8,Two year,Fiber optic,Electronic check,Yes,3,No,Yes,Yes
CUST01311,56.0,Female,0,20.41,131.92,One year,DSL,Bank transfer,No,3,No,Yes,Yes
CUST01312,69.0,Male,9,21.12,394.45,Two year,DSL,Credit card,Yes,1,Yes,No,No
CUST01313,46.0,Female,3,61.66,2755.45,Two year,DSL,Bank transfer,No,3,Yes,No,No
CUST01314,32.0,Male,8,35.53,796.58,Month-to-month,No,Credit card,No,2,No,No,No
CUST01315,60.0,Male,9,86.45,10188.8,Two year,Fiber optic,Electronic check,Yes,3,No,Yes,Yes
CUST01316,56.0,Female,0,20.41,131.92,One year,DSL,Bank transfer,No,3,No,Yes,Yes
CUST01317,69.0,Male,9,21.12,394.45,Two year,DSL,Credit card,Yes,1,Yes,No,No
CUST01318,46.0,Female,3,61.66,2755.45,Two year,DSL,Bank transfer,No,3,Yes,No,No
CUST01319,32.0,Male,8,35.53,796.58,Month-to-month,No,Credit card,No,2,No,No,No
CUST01320,60.0,Male,9,86.45,10188.8,Two year,Fiber optic,Electronic check,Yes,3,No,Yes,Yes
CUST01321,56.0,Female,0,20.41,131.92,One year,DSL,Bank transfer,No,3,No,Yes,Yes
CUST01322,69.0,Male,9,21.12,394.45,Two year,DSL,Credit card,Yes,1,Yes,No,No
CUST01323,46.0,Female,3,61.66,2755.45,Two year,DSL,Bank transfer,No,3,Yes,No,No
CUST01324,32.0,Male,8,35.53,796.58,Month-to-month,No,Credit card,No,2,No,No,No
CUST01325,60.0,Male,9,86.45,10188.8,Two year,Fiber optic,Electronic check,Yes,3,No,Yes,Yes
CUST01326,56.0,Female,0,20.41,131.92,One year,DSL,Bank transfer,No,3,No,Yes,Yes
CUST01327,69.0,Male,9,21.12,394.45,Two year,DSL,Credit card,Yes,1,Yes,No,No
CUST01328,46.0,Female,3,61.66,2755.45,Two year,DSL,Bank transfer,No,3,Yes,No,No
CUST01329,32.0,Male,8,35.53,796.58,Month-to-month,No,Credit card,No,2,No,No,No
CUST01330,60.0,Male,9,86.45,10188.8,Two year,Fiber optic,Electronic check,Yes,3,No,Yes,Yes
CUST01331,56.0,Female,0,20.41,131.92,One year,DSL,Bank transfer,No,3,No,Yes,Yes
CUST01332,69.0,Male,9,21.12,394.45,Two year,DSL,Credit card,Yes,1,Yes,No,No
CUST01333,46.0,Female,3,61.66,2755.45,Two year,DSL,Bank transfer,No,3,Yes,No,No
CUST01334,32.0,Male,8,35.53,796.58,Month-to-month,No,Credit card,No,2,No,No,No
CUST01335,60.0,Male,9,86.45,10188.8,Two year,Fiber optic,Electronic check,Yes,3,No,Yes,Yes
CUST01336,56.0,Female,0,20.41,131.92,One year,DSL,Bank transfer,No,3,No,Yes,Yes
CUST01337,69.0,Male,9,21.12,394.45,Two year,DSL,Credit card,Yes,1,Yes,No,No
CUST01338,46.0,Female,3,61.66,2755.45,Two year,DSL,Bank transfer,No,3,Yes,No,No
CUST01339,32.0,Male,8,35.53,796.58,Month-to-month,No,Credit card,No,2,No,No,No
CUST01340,60.0,Male,9,86.45,10188.8,Two year,Fiber optic,Electronic check,Yes,3,No,Yes,Yes
CUST01341,56.0,Female,0,20.41,131.92,One year,DSL,Bank transfer,No,3,No,Yes,Yes
CUST01342,69.0,Male,9,21.12,394.45,Two year,DSL,Credit card,Yes,1,Yes,No,No
CUST01343,46.0,Female,3,61.66,2755.45,Two year,DSL,Bank transfer,No,3,Yes,No,No
CUST01344,32.0,Male,8,35.53,796.58,Month-to-month,No,Credit card,No,2,No,No,No
CUST01345,60.0,Male,9,86.45,10188.8,Two year,Fiber optic,Electronic check,Yes,3,No,Yes,Yes
CUST01346,56.0,Female,0,20.41,131.92,One year,DSL,Bank transfer,No,3,No,Yes,Yes
CUST01347,69.0,Male,9,21.12,394.45,Two year,DSL,Credit card,Yes,1,Yes,No,No
CUST01348,46.0,Female,3,61.66,2755.45,Two year,DSL,Bank transfer,No,3,Yes,No,No
CUST01349,32.0,Male,8,35.53,796.58,Month-to-month,No,Credit card,No,2,No,No,No
CUST01350,60.0,Male,9,86.45,10188.8,Two year,Fiber optic,Electronic check,Yes,3,No,Yes,Yes
CUST01351,56.0,Female,0,20.41,131.92,One year,DSL,Bank transfer,No,3,No,Yes,Yes
CUST01352,69.0,Male,9,21.12,394.45,Two year,DSL,Credit card,Yes,1,Yes,No,No
CUST01353,46.0,Female,3,61.66,2755.45,Two year,DSL,Bank transfer,No,3,Yes,No,No
CUST01354,32.0,Male,8,35.53,796.58,Month-to-month,No,Credit card,No,2,No,No,No
CUST01355,60.0,Male,9,86.45,10188.8,Two year,Fiber optic,Electronic check,Yes,3,No,Yes,Yes
CUST01356,56.0,Female,0,20.41,131.92,One year,DSL,Bank transfer,No,3,No,Yes,Yes
CUST01357,69.0,Male,9,21.12,394.45,Two year,DSL,Credit card,Yes,1,Yes,No,No
CUST01358,46.0,Female,3,61.66,2755.45,Two year,DSL,Bank transfer,No,3,Yes,No,No
CUST01359,32.0,Male,8,35.53,796.58,Month-to-month,No,Credit card,No,2,No,No,No
CUST01360,60.0,Male,9,86.45,10188.8,Two year,Fiber optic,Electronic check,Yes,3,No,Yes,Yes
CUST01361,56.0,Female,0,20.41,131.92,One year,DSL,Bank transfer,No,3,No,Yes,Yes
CUST01362,69.0,Male,9,21.12,394.45,Two year,DSL,Credit card,Yes,1,Yes,No,No
CUST01363,46.0,Female,3,61.66,2755.45,Two year,DSL,Bank transfer,No,3,Yes,No,No
CUST01364,32.0,Male,8,35.53,796.58,Month-to-month,No,Credit card,No,2,No,No,No
CUST01365,60.0,Male,9,86.45,10188.8,Two year,Fiber optic,Electronic check,Yes,3,No,Yes,Yes
CUST01366,56.0,Female,0,20.41,131.92,One year,DSL,Bank transfer,No,3,No,Yes,Yes
CUST01367,69.0,Male,9,21.12,394.45,Two year,DSL,Credit card,Yes,1,Yes,No,No
CUST01368,46.0,Female,3,61.66,2755.45,Two year,DSL,Bank transfer,No,3,Yes,No,No
CUST01369,32.0,Male,8,35.53,796.58,Month-to-month,No,Credit card,No,2,No,No,No
CUST01370,60.0,Male,9,86.45,10188.8,Two year,Fiber optic,Electronic check,Yes,3,No,Yes,Yes
CUST01371,56.0,Female,0,20.41,131.92,One year,DSL,Bank transfer,No,3,No,Yes,Yes
CUST01372,69.0,Male,9,21.12,394.45,Two year,DSL,Credit card,Yes,1,Yes,No,No
CUST01373,46.0,Female,3,61.66,2755.45,Two year,DSL,Bank transfer,No,3,Yes,No,No
CUST01374,32.0,Male,8,35.53,796.58,Month-to-month,No,Credit card,No,2,No,No,No
CUST01375,60.0,Male,9,86.45,10188.8,Two year,Fiber optic,Electronic check,Yes,3,No,Yes,Yes
CUST01376,56.0,Female,0,20.41,131.92,One year,DSL,Bank transfer,No,3,No,Yes,Yes
CUST01377,69.0,Male,9,21.12,394.45,Two year,DSL,Credit card,Yes,1,Yes,No,No
CUST01378,46.0,Female,3,61.66,2755.45,Two year,DSL,Bank transfer,No,3,Yes,No,No
CUST01379,32.0,Male,8,35.53,796.58,Month-to-month,No,Credit card,No,2,No,No,No
CUST01380,60.0,Male,9,86.45,10188.8,Two year,Fiber optic,Electronic check,Yes,3,No,Yes,Yes
CUST01381,56.0,Female,0,20.41,131.92,One year,DSL,Bank transfer,No,3,No,Yes,Yes
CUST01382,69.0,Male,9,21.12,394.45,Two year,DSL,Credit card,Yes,1,Yes,No,No
CUST01383,46.0,Female,3,61.66,2755.45,Two year,DSL,Bank transfer,No,3,Yes,No,No
CUST01384,32.0,Male,8,35.53,796.58,Month-to-month,No,Credit card,No,2,No,No,No
CUST01385,60.0,Male,9,86.45,10188.8,Two year,Fiber optic,Electronic check,Yes,3,No,Yes,Yes
CUST01386,56.0,Female,0,20.41,131.92,One year,DSL,Bank transfer,No,3,No,Yes,Yes
CUST01387,69.0,Male,9,21.12,394.45,Two year,DSL,Credit card,Yes,1,Yes,No,No
CUST01388,46.0,Female,3,61.66,2755.45,Two year,DSL,Bank transfer,No,3,Yes,No,No
CUST01389,32.0,Male,8,35.53,796.58,Month-to-month,No,Credit card,No,2,No,No,No
CUST01390,60.0,Male,9,86.45,10188.8,Two year,Fiber optic,Electronic check,Yes,3,No,Yes,Yes
CUST01391,56.0,Female,0,20.41,131.92,One year,DSL,Bank transfer,No,3,No,Yes,Yes
CUST01392,69.0,Male,9,21.12,394.45,Two year,DSL,Credit card,Yes,1,Yes,No,No
CUST01393,46.0,Female,3,61.66,2755.45,Two year,DSL,Bank transfer,No,3,Yes,No,No
CUST01394,32.0,Male,8,35.53,796.58,Month-to-month,No,Credit card,No,2,No,No,No
CUST01395,60.0,Male,9,86.45,10188.8,Two year,Fiber optic,Electronic check,Yes,3,No,Yes,Yes
CUST01396,56.0,Female,0,20.41,131.92,One year,DSL,Bank transfer,No,3,No,Yes,Yes
CUST01397,69.0,Male,9,21.12,394.45,Two year,DSL,Credit card,Yes,1,Yes,No,No
CUST01398,46.0,Female,3,61.66,2755.45,Two year,DSL,Bank transfer,No,3,Yes,No,No
CUST01399,32.0,Male,8,35.53,796.58,Month-to-month,No,Credit card,No,2,No,No,No
CUST01400,60.0,Male,9,86.45,10188.8,Two year,Fiber optic,Electronic check,Yes,3,No,Yes,Yes
CUST01401,56.0,Female,0,20.41,131.92,One year,DSL,Bank transfer,No,3,No,Yes,Yes
CUST01402,69.0,Male,9,21.12,394.45,Two year,DSL,Credit card,Yes,1,Yes,No,No
CUST01403,46.0,Female,3,61.66,2755.45,Two year,DSL,Bank transfer,No,3,Yes,No,No
CUST01404,32.0,Male,8,35.53,796.58,Month-to-month,No,Credit card,No,2,No,No,No
CUST01405,60.0,Male,9,86.45,10188.8,Two year,Fiber optic,Electronic check,Yes,3,No,Yes,Yes
CUST01406,56.0,Female,0,20.41,131.92,One year,DSL,Bank transfer,No,3,No,Yes,Yes
CUST01407,69.0,Male,9,21.12,394.45,Two year,DSL,Credit card,Yes,1,Yes,No,No
CUST01408,46.0,Female,3,61.66,2755.45,Two year,DSL,Bank transfer,No,3,Yes,No,No
CUST01409,32.0,Male,8,35.53,796.58,Month-to-month,No,Credit card,No,2,No,No,No
CUST01410,60.0,Male,9,86.45,10188.8,Two year,Fiber optic,Electronic check,Yes,3,No,Yes,Yes
CUST01411,56.0,Female,0,20.41,131.92,One year,DSL,Bank transfer,No,3,No,Yes,Yes
CUST01412,69.0,Male,9,21.12,394.45,Two year,DSL,Credit card,Yes,1,Yes,No,No
CUST01413,46.0,Female,3,61.66,2755.45,Two year,DSL,Bank transfer,No,3,Yes,No,No
CUST01414,32.0,Male,8,35.53,796.58,Month-to-month,No,Credit card,No,2,No,No,No
CUST01415,60.0,Male,9,86.45,10188.8,Two year,Fiber optic,Electronic check,Yes,3,No,Yes,Yes
CUST01416,56.0,Female,0,20.41,131.92,One year,DSL,Bank transfer,No,3,No,Yes,Yes
CUST01417,69.0,Male,9,21.12,394.45,Two year,DSL,Credit card,Yes,1,Yes,No,No
CUST01418,46.0,Female,3,61.66,2755.45,Two year,DSL,Bank transfer,No,3,Yes,No,No
CUST01419,32.0,Male,8,35.53,796.58,Month-to-month,No,Credit card,No,2,No,No,No
CUST01420,60.0,Male,9,86.45,10188.8,Two year,Fiber optic,Electronic check,Yes,3,No,Yes,Yes
CUST01421,56.0,Female,0,20.41,131.92,One year,DSL,Bank transfer,No,3,No,Yes,Yes
CUST01422,69.0,Male,9,21.12,394.45,Two year,DSL,Credit card,Yes,1,Yes,No,No
CUST01423,46.0,Female,3,61.66,2755.45,Two year,DSL,Bank transfer,No,3,Yes,No,No
CUST01424,32.0,Male,8,35.53,796.58,Month-to-month,No,Credit card,No,2,No,No,No
CUST01425,60.0,Male,9,86.45,10188.8,Two year,Fiber optic,Electronic check,Yes,3,No,Yes,Yes
CUST01426,56.0,Female,0,20.41,131.92,One year,DSL,Bank transfer,No,3,No,Yes,Yes
CUST01427,69.0,Male,9,21.12,394.45,Two year,DSL,Credit card,Yes,1,Yes,No,No
CUST01428,46.0,Female,3,61.66,2755.45,Two year,DSL,Bank transfer,No,3,Yes,No,No
CUST01429,32.0,Male,8,35.53,796.58,Month-to-month,No,Credit card,No,2,No,No,No
CUST01430,60.0,Male,9,86.45,10188.8,Two year,Fiber optic,Electronic check,Yes,3,No,Yes,Yes
CUST01431,56.0,Female,0,20.41,131.92,One year,DSL,Bank transfer,No,3,No,Yes,Yes
CUST01432,69.0,Male,9,21.12,394.45,Two year,DSL,Credit card,Yes,1,Yes,No,No
CUST01433,46.0,Female,3,61.66,2755.45,Two year,DSL,Bank transfer,No,3,Yes,No,No
CUST01434,32.0,Male,8,35.53,796.58,Month-to-month,No,Credit card,No,2,No,No,No
CUST01435,60.0,Male,9,86.45,10188.8,Two year,Fiber optic,Electronic check,Yes,3,No,Yes,Yes
CUST01436,56.0,Female,0,20.41,131.92,One year,DSL,Bank transfer,No,3,No,Yes,Yes
CUST01437,69.0,Male,9,21.12,394.45,Two year,DSL,Credit card,Yes,1,Yes,No,No
CUST01438,46.0,Female,3,61.66,2755.45,Two year,DSL,Bank transfer,No,3,Yes,No,No
CUST01439,32.0,Male,8,35.53,796.58,Month-to-month,No,Credit card,No,2,No,No,No
CUST01440,60.0,Male,9,86.45,10188.8,Two year,Fiber optic,Electronic check,Yes,3,No,Yes,Yes
CUST01441,56.0,Female,0,20.41,131.92,One year,DSL,Bank transfer,No,3,No,Yes,Yes
CUST01442,69.0,Male,9,21.12,394.45,Two year,DSL,Credit card,Yes,1,Yes,No,No
CUST01443,46.0,Female,3,61.66,2755.45,Two year,DSL,Bank transfer,No,3,Yes,No,No
CUST01444,32.0,Male,8,35.53,796.58,Month-to-month,No,Credit card,No,2,No,No,No
CUST01445,60.0,Male,9,86.45,10188.8,Two year,Fiber optic,Electronic check,Yes,3,No,Yes,Yes
CUST01446,56.0,Female,0,20.41,131.92,One year,DSL,Bank transfer,No,3,No,Yes,Yes
CUST01447,69.0,Male,9,21.12,394.45,Two year,DSL,Credit card,Yes,1,Yes,No,No
CUST01448,46.0,Female,3,61.66,2755.45,Two year,DSL,Bank transfer,No,3,Yes,No,No
CUST01449,32.0,Male,8,35.53,796.58,Month-to-month,No,Credit card,No,2,No,No,No
CUST01450,60.0,Male,9,86.45,10188.8,Two year,Fiber optic,Electronic check,Yes,3,No,Yes,Yes
CUST01451,56.0,Female,0,20.41,131.92,One year,DSL,Bank transfer,No,3,No,Yes,Yes
CUST01452,69.0,Male,9,21.12,394.45,Two year,DSL,Credit card,Yes,1,Yes,No,No
CUST01453,46.0,Female,3,61.66,2755.45,Two year,DSL,Bank transfer,No,3,Yes,No,No
CUST01454,32.0,Male,8,35.53,796.58,Month-to-month,No,Credit card,No,2,No,No,No
CUST01455,60.0,Male,9,86.45,10188.8,Two year,Fiber optic,Electronic check,Yes,3,No,Yes,Yes
CUST01456,56.0,Female,0,20.41,131.92,One year,DSL,Bank transfer,No,3,No,Yes,Yes
CUST01457,69.0,Male,9,21.12,394.45,Two year,DSL,Credit card,Yes,1,Yes,No,No
CUST01458,46.0,Female,3,61.66,2755.45,Two year,DSL,Bank transfer,No,3,Yes,No,No
CUST01459,32.0,Male,8,35.53,796.58,Month-to-month,No,Credit card,No,2,No,No,No
CUST01460,60.0,Male,9,86.45,10188.8,Two year,Fiber optic,Electronic check,Yes,3,No,Yes,Yes
CUST01461,56.0,Female,0,20.41,131.92,One year,DSL,Bank transfer,No,3,No,Yes,Yes
CUST01462,69.0,Male,9,21.12,394.45,Two year,DSL,Credit card,Yes,1,Yes,No,No
CUST01463,46.0,Female,3,61.66,2755.45,Two year,DSL,Bank transfer,No,3,Yes,No,No
CUST01464,32.0,Male,8,35.53,796.58,Month-to-month,No,Credit card,No,2,No,No,No
CUST01465,60.0,Male,9,86.45,10188.8,Two year,Fiber optic,Electronic check,Yes,3,No,Yes,Yes
CUST01466,56.0,Female,0,20.41,131.92,One year,DSL,Bank transfer,No,3,No,Yes,Yes
CUST01467,69.0,Male,9,21.12,394.45,Two year,DSL,Credit card,Yes,1,Yes,No,No
CUST01468,46.0,Female,3,61.66,2755.45,Two year,DSL,Bank transfer,No,3,Yes,No,No
CUST01469,32.0,Male,8,35.53,796.58,Month-to-month,No,Credit card,No,2,No,No,No
CUST01470,60.0,Male,9,86.45,10188.8,Two year,Fiber optic,Electronic check,Yes,3,No,Yes,Yes
CUST01471,56.0,Female,0,20.41,131.92,One year,DSL,Bank transfer,No,3,No,Yes,Yes
CUST01472,69.0,Male,9,21.12,394.45,Two year,DSL,Credit card,Yes,1,Yes,No,No
CUST01473,46.0,Female,3,61.66,2755.45,Two year,DSL,Bank transfer,No,3,Yes,No,No
CUST01474,32.0,Male,8,35.53,796.58,Month-to-month,No,Credit card,No,2,No,No,No
CUST01475,60.0,Male,9,86.45,10188.8,Two year,Fiber optic,Electronic check,Yes,3,No,Yes,Yes
CUST01476,56.0,Female,0,20.41,131.92,One year,DSL,Bank transfer,No,3,No,Yes,Yes
CUST01477,69.0,Male,9,21.12,394.45,Two year,DSL,Credit card,Yes,1,Yes,No,No
CUST01478,46.0,Female,3,61.66,2755.45,Two year,DSL,Bank transfer,No,3,Yes,No,No
CUST01479,32.0,Male,8,35.53,796.58,Month-to-month,No,Credit card,No,2,No,No,No
CUST01480,60.0,Male,9,86.45,10188.8,Two year,Fiber optic,Electronic check,Yes,3,No,Yes,Yes
CUST01481,56.0,Female,0,20.41,131.92,One year,DSL,Bank transfer,No,3,No,Yes,Yes
CUST01482,69.0,Male,9,21.12,394.45,Two year,DSL,Credit card,Yes,1,Yes,No,No
CUST01483,46.0,Female,3,61.66,2755.45,Two year,DSL,Bank transfer,No,3,Yes,No,No
CUST01484,32.0,Male,8,35.53,796.58,Month-to-month,No,Credit card,No,2,No,No,No
CUST01485,60.0,Male,9,86.45,10188.8,Two year,Fiber optic,Electronic check,Yes,3,No,Yes,Yes
CUST01486,56.0,Female,0,20.41,131.92,One year,DSL,Bank transfer,No,3,No,Yes,Yes
CUST01487,69.0,Male,9,21.12,394.45,Two year,DSL,Credit card,Yes,1,Yes,No,No
CUST01488,46.0,Female,3,61.66,2755.45,Two year,DSL,Bank transfer,No,3,Yes,No,No
CUST01489,32.0,Male,8,35.53,796.58,Month-to-month,No,Credit card,No,2,No,No,No
CUST01490,60.0,Male,9,86.45,10188.8,Two year,Fiber optic,Electronic check,Yes,3,No,Yes,Yes
CUST01491,56.0,Female,0,20.41,131.92,One year,DSL,Bank transfer,No,3,No,Yes,Yes
CUST01492,69.0,Male,9,21.12,394.45,Two year,DSL,Credit card,Yes,1,Yes,No,No
CUST01493,46.0,Female,3,61.66,2755.45,Two year,DSL,Bank transfer,No,3,Yes,No,No
CUST01494,32.0,Male,8,35.53,796.58,Month-to-month,No,Credit card,No,2,No,No,No
CUST01495,60.0,Male,9,86.45,10188.8,Two year,Fiber optic,Electronic check,Yes,3,No,Yes,Yes
CUST01496,56.0,Female,0,20.41,131.92,One year,DSL,Bank transfer,No,3,No,Yes,Yes
CUST01497,69.0,Male,9,21.12,394.45,Two year,DSL,Credit card,Yes,1,Yes,No,No
CUST01498,46.0,Female,3,61.66,2755.45,Two year,DSL,Bank transfer,No,3,Yes,No,No
CUST01499,32.0,Male,8,35.53,796.58,Month-to-month,No,Credit card,No,2,No,No,No
CUST01500,60.0,Male,9,86.45,10188.8,Two year,Fiber optic,Electronic check,Yes,3,No,Yes,Yes
CUST01501,56.0,Female,0,20.41,131.92,One year,DSL,Bank transfer,No,3,No,Yes,Yes
CUST01502,69.0,Male,9,21.12,394.45,Two year,DSL,Credit card,Yes,1,Yes,No,No
CUST01503,46.0,Female,3,61.66,2755.45,Two year,DSL,Bank transfer,No,3,Yes,No,No
CUST01504,32.0,Male,8,35.53,796.58,Month-to-month,No,Credit card,No,2,No,No,No
CUST01505,60.0,Male,9,86.45,10188.8,Two year,Fiber optic,Electronic check,Yes,3,No,Yes,Yes
CUST01506,56.0,Female,0,20.41,131.92,One year,DSL,Bank transfer,No,3,No,Yes,Yes
CUST01507,69.0,Male,9,21.12,394.45,Two year,DSL,Credit card,Yes,1,Yes,No,No
CUST01508,46.0,Female,3,61.66,2755.45,Two year,DSL,Bank transfer,No,3,Yes,No,No
CUST01509,32.0,Male,8,35.53,796.58,Month-to-month,No,Credit card,No,2,No,No,No
CUST01510,60.0,Male,9,86.45,10188.8,Two year,Fiber optic,Electronic check,Yes,3,No,Yes,Yes
CUST01511,56.0,Female,0,20.41,131.92,One year,DSL,Bank transfer,No,3,No,Yes,Yes
CUST01512,69.0,Male,9,21.12,394.45,Two year,DSL,Credit card,Yes,1,Yes,No,No
CUST01513,46.0,Female,3,61.66,2755.45,Two year,DSL,Bank transfer,No,3,Yes,No,No
CUST01514,32.0,Male,8,35.53,796.58,Month-to-month,No,Credit card,No,2,No,No,No
CUST01515,60.0,Male,9,86.45,10188.8,Two year,Fiber optic,Electronic check,Yes,3,No,Yes,Yes
CUST01516,56.0,Female,0,20.41,131.92,One year,DSL,Bank transfer,No,3,No,Yes,Yes
CUST01517,69.0,Male,9,21.12,394.45,Two year,DSL,Credit card,Yes,1,Yes,No,No
CUST01518,46.0,Female,3,61.66,2755.45,Two year,DSL,Bank transfer,No,3,Yes,No,No
CUST01519,32.0,Male,8,35.53,796.58,Month-to-month,No,Credit card,No,2,No,No,No
CUST01520,60.0,Male,9,86.45,10188.8,Two year,Fiber optic,Electronic check,Yes,3,No,Yes,Yes
CUST01521,56.0,Female,0,20.41,131.92,One year,DSL,Bank transfer,No,3,No,Yes,Yes
CUST01522,69.0,Male,9,21.12,394.45,Two year,DSL,Credit card,Yes,1,Yes,No,No
CUST01523,46.0,Female,3,61.66,2755.45,Two year,DSL,Bank transfer,No,3,Yes,No,No
CUST01524,32.0,Male,8,35.53,796.58,Month-to-month,No,Credit card,No,2,No,No,No
CUST01525,60.0,Male,9,86.45,10188.8,Two year,Fiber optic,Electronic check,Yes,3,No,Yes,Yes
CUST01526,56.0,Female,0,20.41,131.92,One year,DSL,Bank transfer,No,3,No,Yes,Yes
CUST01527,69.0,Male,9,21.12,394.45,Two year,DSL,Credit card,Yes,1,Yes,No,No
CUST01528,46.0,Female,3,61.66,2755.45,Two year,DSL,Bank transfer,No,3,Yes,No,No
CUST01529,32.0,Male,8,35.53,796.58,Month-to-month,No,Credit card,No,2,No,No,No
CUST01530,60.0,Male,9,86.45,10188.8,Two year,Fiber optic,Electronic check,Yes,3,No,Yes,Yes
CUST01531,56.0,Female,0,20.41,131.92,One year,DSL,Bank transfer,No,3,No,Yes,Yes
CUST01532,69.0,Male,9,21.12,394.45,Two year,DSL,Credit card,Yes,1,Yes,No,No
CUST01533,46.0,Female,3,61.66,2755.45,Two year,DSL,Bank transfer,No,3,Yes,No,No
CUST01534,32.0,Male,8,35.53,796.58,Month-to-month,No,Credit card,No,2,No,No,No
CUST01535,60.0,Male,9,86.45,10188.8,Two year,Fiber optic,Electronic check,Yes,3,No,Yes,Yes
CUST01536,56.0,Female,0,20.41,131.92,One year,DSL,Bank transfer,No,3,No,Yes,Yes
CUST01537,69.0,Male,9,21.12,394.45,Two year,DSL,Credit card,Yes,1,Yes,No,No
CUST01538,46.0,Female,3,61.66,2755.45,Two year,DSL,Bank transfer,No,3,Yes,No,No
CUST01539,32.0,Male,8,35.53,796.58,Month-to-month,No,Credit card,No,2,No,No,No
CUST01540,60.0,Male,9,86.45,10188.8,Two year,Fiber optic,Electronic check,Yes,3,No,Yes,Yes
CUST01541,56.0,Female,0,20.41,131.92,One year,DSL,Bank transfer,No,3,No,Yes,Yes
CUST01542,69.0,Male,9,21.12,394.45,Two year,DSL,Credit card,Yes,1,Yes,No,No
CUST01543,46.0,Female,3,61.66,2755.45,Two year,DSL,Bank transfer,No,3,Yes,No,No
CUST01544,32.0,Male,8,35.53,796.58,Month-to-month,No,Credit card,No,2,No,No,No
CUST01545,60.0,Male,9,86.45,10188.8,Two year,Fiber optic,Electronic check,Yes,3,No,Yes,Yes
CUST01546,56.0,Female,0,20.41,131.92,One year,DSL,Bank transfer,No,3,No,Yes,Yes
CUST01547,69.0,Male,9,21.12,394.45,Two year,DSL,Credit card,Yes,1,Yes,No,No
CUST01548,46.0,Female,3,61.66,2755.45,Two year,DSL,Bank transfer,No,3,Yes,No,No
CUST01549,32.0,Male,8,35.53,796.58,Month-to-month,No,Credit card,No,2,No,No,No
CUST01550,60.0,Male,9,86.45,10188.8,Two year,Fiber optic,Electronic check,Yes,3,No,Yes,Yes
CUST01551,56.0,Female,0,20.41,131.92,One year,DSL,Bank transfer,No,3,No,Yes,Yes
CUST01552,69.0,Male,9,21.12,394.45,Two year,DSL,Credit card,Yes,1,Yes,No,No
CUST01553,46.0,Female,3,61.66,2755.45,Two year,DSL,Bank transfer,No,3,Yes,No,No
CUST01554,32.0,Male,8,35.53,796.58,Month-to-month,No,Credit card,No,2,No,No,No
CUST01555,60.0,Male,9,86.45,10188.8,Two year,Fiber optic,Electronic check,Yes,3,No,Yes,Yes
CUST01556,56.0,Female,0,20.41,131.92,One year,DSL,Bank transfer,No,3,No,Yes,Yes
CUST01557,69.0,Male,9,21.12,394.45,Two year,DSL,Credit card,Yes,1,Yes,No,No
CUST01558,46.0,Female,3,61.66,2755.45,Two year,DSL,Bank transfer,No,3,Yes,No,No
CUST01559,32.0,Male,8,35.53,796.58,Month-to-month,No,Credit card,No,2,No,No,No
CUST01560,60.0,Male,9,86.45,10188.8,Two year,Fiber optic,Electronic check,Yes,3,No,Yes,Yes
CUST01561,56.0,Female,0,20.41,131.92,One year,DSL,Bank transfer,No,3,No,Yes,Yes
CUST01562,69.0,Male,9,21.12,394.45,Two year,DSL,Credit card,Yes,1,Yes,No,No
CUST01563,46.0,Female,3,61.66,2755.45,Two year,DSL,Bank transfer,No,3,Yes,No,No
CUST01564,32.0,Male,8,35.53,796.58,Month-to-month,No,Credit card,No,2,No,No,No
CUST01565,60.0,Male,9,86.45,10188.8,Two year,Fiber optic,Electronic check,Yes,3,No,Yes,Yes
CUST01566,56.0,Female,0,20.41,131.92,One year,DSL,Bank transfer,No,3,No,Yes,Yes
CUST01567,69.0,Male,9,21.12,394.45,Two year,DSL,Credit card,Yes,1,Yes,No,No
CUST01568,46.0,Female,3,61.66,2755.45,Two year,DSL,Bank transfer,No,3,Yes,No,No
CUST01569,32.0,Male,8,35.53,796.58,Month-to-month,No,Credit card,No,2,No,No,No
CUST01570,60.0,Male,9,86.45,10188.8,Two year,Fiber optic,Electronic check,Yes,3,No,Yes,Yes
CUST01571,56.0,Female,0,20.41,131.92,One year,DSL,Bank transfer,No,3,No,Yes,Yes
CUST01572,69.0,Male,9,21.12,394.45,Two year,DSL,Credit card,Yes,1,Yes,No,No
CUST01573,46.0,Female,3,61.66,2755.45,Two year,DSL,Bank transfer,No,3,Yes,No,No
CUST01574,32.0,Male,8,35.53,796.58,Month-to-month,No,Credit card,No,2,No,No,No
CUST01575,60.0,Male,9,86.45,10188.8,Two year,Fiber optic,Electronic check,Yes,3,No,Yes,Yes
CUST01576,56.0,Female,0,20.41,131.92,One year,DSL,Bank transfer,No,3,No,Yes,Yes
CUST01577,69.0,Male,9,21.12,394.45,Two year,DSL,Credit card,Yes,1,Yes,No,No
CUST01578,46.0,Female,3,61.66,2755.45,Two year,DSL,Bank transfer,No,3,Yes,No,No
CUST01579,32.0,Male,8,35.53,796.58,Month-to-month,No,Credit card,No,2,No,No,No
CUST01580,60.0,Male,9,86.45,10188.8,Two year,Fiber optic,Electronic check,Yes,3,No,Yes,Yes
CUST01581,56.0,Female,0,20.41,131.92,One year,DSL,Bank transfer,No,3,No,Yes,Yes
CUST01582,69.0,Male,9,21.12,394.45,Two year,DSL,Credit card,Yes,1,Yes,No,No
CUST01583,46.0,Female,3,61.66,2755.45,Two year,DSL,Bank transfer,No,3,Yes,No,No
CUST01584,32.0,Male,8,35.53,796.58,Month-to-month,No,Credit card,No,2,No,No,No
CUST01585,60.0,Male,9,86.45,10188.8,Two year,Fiber optic,Electronic check,Yes,3,No,Yes,Yes
CUST01586,56.0,Female,0,20.41,131.92,One year,DSL,Bank transfer,No,3,No,Yes,Yes
CUST01587,69.0,Male,9,21.12,394.45,Two year,DSL,Credit card,Yes,1,Yes,No,No
CUST01588,46.0,Female,3,61.66,2755.45,Two year,DSL,Bank transfer,No,3,Yes,No,No
CUST01589,32.0,Male,8,35.53,796.58,Month-to-month,No,Credit card,No,2,No,No,No
CUST01590,60.0,Male,9,86.45,10188.8,Two year,Fiber optic,Electronic check,Yes,3,No,Yes,Yes
CUST01591,56.0,Female,0,20.41,131.92,One year,DSL,Bank transfer,No,3,No,Yes,Yes
CUST01592,69.0,Male,9,21.12,394.45,Two year,DSL,Credit card,Yes,1,Yes,No,No
CUST01593,46.0,Female,3,61.66,2755.45,Two year,DSL,Bank transfer,No,3,Yes,No,No
CUST01594,32.0,Male,8,35.53,796.58,Month-to-month,No,Credit card,No,2,No,No,No
CUST01595,60.0,Male,9,86.45,10188.8,Two year,Fiber optic,Electronic check,Yes,3,No,Yes,Yes
CUST01596,56.0,Female,0,20.41,131.92,One year,DSL,Bank transfer,No,3,No,Yes,Yes
CUST01597,69.0,Male,9,21.12,394.45,Two year,DSL,Credit card,Yes,1,Yes,No,No
CUST01598,46.0,Female,3,61.66,2755.45,Two year,DSL,Bank transfer,No,3,Yes,No,No
CUST01599,32.0,Male,8,35.53,796.58,Month-to-month,No,Credit card,No,2,No,No,No
CUST01600,60.0,Male,9,86.45,10188.8,Two year,Fiber optic,Electronic check,Yes,3,No,Yes,Yes
CUST01601,56.0,Female,0,20.41,131.92,One year,DSL,Bank transfer,No,3,No,Yes,Yes
CUST01602,69.0,Male,9,21.12,394.45,Two year,DSL,Credit card,Yes,1,Yes,No,No
CUST01603,46.0,Female,3,61.66,2755.45,Two year,DSL,Bank transfer,No,3,Yes,No,No
CUST01604,32.0,Male,8,35.53,796.58,Month-to-month,No,Credit card,No,2,No,No,No
CUST01605,60.0,Male,9,86.45,10188.8,Two year,Fiber optic,Electronic check,Yes,3,No,Yes,Yes
CUST01606,56.0,Female,0,20.41,131.92,One year,DSL,Bank transfer,No,3,No,Yes,Yes
CUST01607,69.0,Male,9,21.12,394.45,Two year,DSL,Credit card,Yes,1,Yes,No,No
CUST01608,46.0,Female,3,61.66,2755.45,Two year,DSL,Bank transfer,No,3,Yes,No,No
CUST01609,32.0,Male,8,35.53,796.58,Month-to-month,No,Credit card,No,2,No,No,No
CUST01610,60.0,Male,9,86.45,10188.8,Two year,Fiber optic,Electronic check,Yes,3,No,Yes,Yes
CUST01611,56.0,Female,0,20.41,131.92,One year,DSL,Bank transfer,No,3,No,Yes,Yes
CUST01612,69.0,Male,9,21.12,394.45,Two year,DSL,Credit card,Yes,1,Yes,No,No
CUST01613,46.0,Female,3,61.66,2755.45,Two year,DSL,Bank transfer,No,3,Yes,No,No
CUST01614,32.0,Male,8,35.53,796.58,Month-to-month,No,Credit card,No,2,No,No,No
CUST01615,60.0,Male,9,86.45,10188.8,Two year,Fiber optic,Electronic check,Yes,3,No,Yes,Yes
CUST01616,56.0,Female,0,20.41,131.92,One year,DSL,Bank transfer,No,3,No,Yes,Yes
CUST01617,69.0,Male,9,21.12,394.45,Two year,DSL,Credit card,Yes,1,Yes,No,No
CUST01618,46.0,Female,3,61.66,2755.45,Two year,DSL,Bank transfer,No,3,Yes,No,No
CUST01619,32.0,Male,8,35.53,796.58,Month-to-month,No,Credit card,No,2,No,No,No
CUST01620,60.0,Male,9,86.45,10188.8,Two year,Fiber optic,Electronic check,Yes,3,No,Yes,Yes
CUST01621,56.0,Female,0,20.41,131.92,One year,DSL,Bank transfer,No,3,No,Yes,Yes
CUST01622,69.0,Male,9,21.12,394.45,Two year,DSL,Credit card,Yes,1,Yes,No,No
CUST01623,46.0,Female,3,61.66,2755.45,Two year,DSL,Bank transfer,No,3,Yes,No,No
CUST01624,32.0,Male,8,35.53,796.58,Month-to-month,No,Credit card,No,2,No,No,No
CUST01625,60.0,Male,9,86.45,10188.8,Two year,Fiber optic,Electronic check,Yes,3,No,Yes,Yes
CUST01626,56.0,Female,0,20.41,131.92,One year,DSL,Bank transfer,No,3,No,Yes,Yes
CUST01627,69.0,Male,9,21.12,394.45,Two year,DSL,Credit card,Yes,1,Yes,No,No
CUST01628,46.0,Female,3,61.66,2755.45,Two year,DSL,Bank transfer,No,3,Yes,No,No
CUST01629,32.0,Male,8,35.53,796.58,Month-to-month,No,Credit card,No,2,No,No,No
CUST01630,60.0,Male,9,86.45,10188.8,Two year,Fiber optic,Electronic check,Yes,3,No,Yes,Yes
CUST01631,56.0,Female,0,20.41,131.92,One year,DSL,Bank transfer,No,3,No,Yes,Yes
CUST01632,69.0,Male,9,21.12,394.45,Two year,DSL,Credit card,Yes,1,Yes,No,No
CUST01633,46.0,Female,3,61.66,2755.45,Two year,DSL,Bank transfer,No,3,Yes,No,No
CUST01634,32.0,Male,8,35.53,796.58,Month-to-month,No,Credit card,No,2,No,No,No
CUST01635,60.0,Male,9,86.45,10188.8,Two year,Fiber optic,Electronic check,Yes,3,No,Yes,Yes
CUST01636,56.0,Female,0,20.41,131.92,One year,DSL,Bank transfer,No,3,No,Yes,Yes
CUST01637,69.0,Male,9,21.12,394.45,Two year,DSL,Credit card,Yes,1,Yes,No,No
CUST01638,46.0,Female,3,61.66,2755.45,Two year,DSL,Bank transfer,No,3,Yes,No,No
CUST01639,32.0,Male,8,35.53,796.58,Month-to-month,No,Credit card,No,2,No,No,No
CUST01640,60.0,Male,9,86.45,10188.8,Two year,Fiber optic,Electronic check,Yes,3,No,Yes,Yes
CUST01641,56.0,Female,0,20.41,131.92,One year,DSL,Bank transfer,No,3,No,Yes,Yes
CUST01642,69.0,Male,9,21.12,394.45,Two year,DSL,Credit card,Yes,1,Yes,No,No
CUST01643,46.0,Female,3,61.66,2755.45,Two year,DSL,Bank transfer,No,3,Yes,No,No
CUST01644,32.0,Male,8,35.53,796.58,Month-to-month,No,Credit card,No,2,No,No,No
CUST01645,60.0,Male,9,86.45,10188.8,Two year,Fiber optic,Electronic check,Yes,3,No,Yes,Yes
CUST01646,56.0,Female,0,20.41,131.92,One year,DSL,Bank transfer,No,3,No,Yes,Yes
CUST01647,69.0,Male,9,21.12,394.45,Two year,DSL,Credit card,Yes,1,Yes,No,No
CUST01648,46.0,Female,3,61.66,2755.45,Two year,DSL,Bank transfer,No,3,Yes,No,No
CUST01649,32.0,Male,8,35.53,796.58,Month-to-month,No,Credit card,No,2,No,No,No
CUST01650,60.0,Male,9,86.45,10188.8,Two year,Fiber optic,Electronic check,Yes,3,No,Yes,Yes
CUST01651,56.0,Female,0,20.41,131.92,One year,DSL,Bank transfer,No,3,No,Yes,Yes
CUST01652,69.0,Male,9,21.12,394.45,Two year,DSL,Credit card,Yes,1,Yes,No,No
CUST01653,46.0,Female,3,61.66,2755.45,Two year,DSL,Bank transfer,No,3,Yes,No,No
CUST01654,32.0,Male,8,35.53,796.58,Month-to-month,No,Credit card,No,2,No,No,No
CUST01655,60.0,Male,9,86.45,10188.8,Two year,Fiber optic,Electronic check,Yes,3,No,Yes,Yes
CUST01656,56.0,Female,0,20.41,131.92,One year,DSL,Bank transfer,No,3,No,Yes,Yes
CUST01657,69.0,Male,9,21.12,394.45,Two year,DSL,Credit card,Yes,1,Yes,No,No
CUST01658,46.0,Female,3,61.66,2755.45,Two year,DSL,Bank transfer,No,3,Yes,No,No
CUST01659,32.0,Male,8,35.53,796.58,Month-to-month,No,Credit card,No,2,No,No,No
CUST01660,60.0,Male,9,86.45,10188.8,Two year,Fiber optic,Electronic check,Yes,3,No,Yes,Yes
CUST01661,56.0,Female,0,20.41,131.92,One year,DSL,Bank transfer,No,3,No,Yes,Yes
CUST01662,69.0,Male,9,21.12,394.45,Two year,DSL,Credit card,Yes,1,Yes,No,No
CUST01663,46.0,Female,3,61.66,2755.45,Two year,DSL,Bank transfer,No,3,Yes,No,No
CUST01664,32.0,Male,8,35.53,796.58,Month-to-month,No,Credit card,No,2,No,No,No
CUST01665,60.0,Male,9,86.45,10188.8,Two year,Fiber optic,Electronic check,Yes,3,No,Yes,Yes
CUST01666,56.0,Female,0,20.41,131.92,One year,DSL,Bank transfer,No,3,No,Yes,Yes
CUST01667,69.0,Male,9,21.12,394.45,Two year,DSL,Credit card,Yes,1,Yes,No,No
CUST01668,46.0,Female,3,61.66,2755.45,Two year,DSL,Bank transfer,No,3,Yes,No,No
CUST01669,32.0,Male,8,35.53,796.58,Month-to-month,No,Credit card,No,2,No,No,No
CUST01670,60.0,Male,9,86.45,10188.8,Two year,Fiber optic,Electronic check,Yes,3,No,Yes,Yes
CUST01671,56.0,Female,0,20.41,131.92,One year,DSL,Bank transfer,No,3,No,Yes,Yes
CUST01672,69.0,Male,9,21.12,394.45,Two year,DSL,Credit card,Yes,1,Yes,No,No
CUST01673,46.0,Female,3,61.66,2755.45,Two year,DSL,Bank transfer,No,3,Yes,No,No
CUST01674,32.0,Male,8,35.53,796.58,Month-to-month,No,Credit card,No,2,No,No,No
CUST01675,60.0,Male,9,86.45,10188.8,Two year,Fiber optic,Electronic check,Yes,3,No,Yes,Yes
CUST01676,56.0,Female,0,20.41,131.92,One year,DSL,Bank transfer,No,3,No,Yes,Yes
CUST01677,69.0,Male,9,21.12,394.45,Two year,DSL,Credit card,Yes,1,Yes,No,No
CUST01678,46.0,Female,3,61.66,2755.45,Two year,DSL,Bank transfer,No,3,Yes,No,No
CUST01679,32.0,Male,8,35.53,796.58,Month-to-month,No,Credit card,No,2,No,No,No
CUST01680,60.0,Male,9,86.45,10188.8,Two year,Fiber optic,Electronic check,Yes,3,No,Yes,Yes
CUST01681,56.0,Female,0,20.41,131.92,One year,DSL,Bank transfer,No,3,No,Yes,Yes
CUST01682,69.0,Male,9,21.12,394.45,Two year,DSL,Credit card,Yes,1,Yes,No,No
CUST01683,46.0,Female,3,61.66,2755.45,Two year,DSL,Bank transfer,No,3,Yes,No,No
CUST01684,32.0,Male,8,35.53,796.58,Month-to-month,No,Credit card,No,2,No,No,No
CUST01685,60.0,Male,9,86.45,10188.8,Two year,Fiber optic,Electronic check,Yes,3,No,Yes,Yes
CUST01686,56.0,Female,0,20.41,131.92,One year,DSL,Bank transfer,No,3,No,Yes,Yes
CUST01687,69.0,Male,9,21.12,394.45,Two year,DSL,Credit card,Yes,1,Yes,No,No
CUST01688,46.0,Female,3,61.66,2755.45,Two year,DSL,Bank transfer,No,3,Yes,No,No
CUST01689,32.0,Male,8,35.53,796.58,Month-to-month,No,Credit card,No,2,No,No,No
CUST01690,60.0,Male,9,86.45,10188.8,Two year,Fiber optic,Electronic check,Yes,3,No,Yes,Yes
CUST01691,56.0,Female,0,20.41,131.92,One year,DSL,Bank transfer,No,3,No,Yes,Yes
CUST01692,69.0,Male,9,21.12,394.45,Two year,DSL,Credit card,Yes,1,Yes,No,No
CUST01693,46.0,Female,3,61.66,2755.45,Two year,DSL,Bank transfer,No,3,Yes,No,No
CUST01694,32.0,Male,8,35.53,796.58,Month-to-month,No,Credit card,No,2,No,No,No
CUST01695,60.0,Male,9,86.45,10188.8,Two year,Fiber optic,Electronic check,Yes,3,No,Yes,Yes
CUST01696,56.0,Female,0,20.41,131.92,One year,DSL,Bank transfer,No,3,No,Yes,Yes
CUST01697,69.0,Male,9,21.12,394.45,Two year,DSL,Credit card,Yes,1,Yes,No,No
CUST01698,46.0,Female,3,61.66,2755.45,Two year,DSL,Bank transfer,No,3,Yes,No,No
CUST01699,32.0,Male,8,35.53,796.58,Month-to-month,No,Credit card,No,2,No,No,No
CUST01700,60.0,Male,9,86.45,10188.8,Two year,Fiber optic,Electronic check,Yes,3,No,Yes,Yes
CUST01701,56.0,Female,0,20.41,131.92,One year,DSL,Bank transfer,No,3,No,Yes,Yes
CUST01702,69.0,Male,9,21.12,394.45,Two year,DSL,Credit card,Yes,1,Yes,No,No
CUST01703,46.0,Female,3,61.66,2755.45,Two year,DSL,Bank transfer,No,3,Yes,No,No
CUST01704,32.0,Male,8,35.53,796.58,Month-to-month,No,Credit card,No,2,No,No,No
CUST01705,60.0,Male,9,86.45,10188.8,Two year,Fiber optic,Electronic check,Yes,3,No,Yes,Yes
CUST01706,56.0,Female,0,20.41,131.92,One year,DSL,Bank transfer,No,3,No,Yes,Yes
CUST01707,69.0,Male,9,21.12,394.45,Two year,DSL,Credit card,Yes,1,Yes,No,No
CUST01708,46.0,Female,3,61.66,2755.45,Two year,DSL,Bank transfer,No,3,Yes,No,No
CUST01709,32.0,Male,8,35.53,796.58,Month-to-month,No,Credit card,No,2,No,No,No
CUST01710,60.0,Male,9,86.45,10188.8,Two year,Fiber optic,Electronic check,Yes,3,No,Yes,Yes
CUST01711,56.0,Female,0,20.41,131.92,One year,DSL,Bank transfer,No,3,No,Yes,Yes
CUST01712,69.0,Male,9,21.12,394.45,Two year,DSL,Credit card,Yes,1,Yes,No,No
CUST01713,46.0,Female,3,61.66,2755.45,Two year,DSL,Bank transfer,No,3,Yes,No,No
CUST01714,32.0,Male,8,35.53,796.58,Month-to-month,No,Credit card,No,2,No,No,No
CUST01715,60.0,Male,9,86.45,10188.8,Two year,Fiber optic,Electronic check,Yes,3,No,Yes,Yes
CUST01716,56.0,Female,0,20.41,131.92,One year,DSL,Bank transfer,No,3,No,Yes,Yes
CUST01717,69.0,Male,9,21.12,394.45,Two year,DSL,Credit card,Yes,1,Yes,No,No
CUST01718,46.0,Female,3,61.66,2755.45,Two year,DSL,Bank transfer,No,3,Yes,No,No
CUST01719,32.0,Male,8,35.53,796.58,Month-to-month,No,Credit card,No,2,No,No,No
CUST01720,60.0,Male,9,86.45,10188.8,Two year,Fiber optic,Electronic check,Yes,3,No,Yes,Yes
CUST01721,56.0,Female,0,20.41,131.92,One year,DSL,Bank transfer,No,3,No,Yes,Yes
CUST01722,69.0,Male,9,21.12,394.45,Two year,DSL,Credit card,Yes,1,Yes,No,No
CUST01723,46.0,Female,3,61.66,2755.45,Two year,DSL,Bank transfer,No,3,Yes,No,No
CUST01724,32.0,Male,8,35.53,796.58,Month-to-month,No,Credit card,No,2,No,No,No
CUST01725,60.0,Male,9,86.45,10188.8,Two year,Fiber optic,Electronic check,Yes,3,No,Yes,Yes
CUST01726,56.0,Female,0,20.41,131.92,One year,DSL,Bank transfer,No,3,No,Yes,Yes
CUST01727,69.0,Male,9,21.12,394.45,Two year,DSL,Credit card,Yes,1,Yes,No,No
CUST01728,46.0,Female,3,61.66,2755.45,Two year,DSL,Bank transfer,No,3,Yes,No,No
CUST01729,32.0,Male,8,35.53,796.58,Month-to-month,No,Credit card,No,2,No,No,No
CUST01730,60.0,Male,9,86.45,10188.8,Two year,Fiber optic,Electronic check,Yes,3,No,Yes,Yes
CUST01731,56.0,Female,0,20.41,131.92,One year,DSL,Bank transfer,No,3,No,Yes,Yes
CUST01732,69.0,Male,9,21.12,394.45,Two year,DSL,Credit card,Yes,1,Yes,No,No
CUST01733,46.0,Female,3,61.66,2755.45,Two year,DSL,Bank transfer,No,3,Yes,No,No
CUST01734,32.0,Male,8,35.53,796.58,Month-to-month,No,Credit card,No,2,No,No,No
CUST01735,60.0,Male,9,86.45,10188.8,Two year,Fiber optic,Electronic check,Yes,3,No,Yes,Yes
CUST01736,56.0,Female,0,20.41,131.92,One year,DSL,Bank transfer,No,3,No,Yes,Yes
CUST01737,69.0,Male,9,21.12,394.45,Two year,DSL,Credit card,Yes,1,Yes,No,No
CUST01738,46.0,Female,3,61.66,2755.45,Two year,DSL,Bank transfer,No,3,Yes,No,No
CUST01739,32.0,Male,8,35.53,796.58,Month-to-month,No,Credit card,No,2,No,No,No
CUST01740,60.0,Male,9,86.45,10188.8,Two year,Fiber optic,Electronic check,Yes,3,No,Yes,Yes
CUST01741,56.0,Female,0,20.41,131.92,One year,DSL,Bank transfer,No,3,No,Yes,Yes
CUST01742,69.0,Male,9,21.12,394.45,Two year,DSL,Credit card,Yes,1,Yes,No,No
CUST01743,46.0,Female,3,61.66,2755.45,Two year,DSL,Bank transfer,No,3,Yes,No,No
CUST01744,32.0,Male,8,35.53,796.58,Month-to-month,No,Credit card,No,2,No,No,No
CUST01745,60.0,Male,9,86.45,10188.8,Two year,Fiber optic,Electronic check,Yes,3,No,Yes,Yes
CUST01746,56.0,Female,0,20.41,131.92,One year,DSL,Bank transfer,No,3,No,Yes,Yes
CUST01747,69.0,Male,9,21.12,394.45,Two year,DSL,Credit card,Yes,1,Yes,No,No
CUST01748,46.0,Female,3,61.66,2755.45,Two year,DSL,Bank transfer,No,3,Yes,No,No
CUST01749,32.0,Male,8,35.53,796.58,Month-to-month,No,Credit card,No,2,No,No,No
CUST01750,60.0,Male,9,86.45,10188.8,Two year,Fiber optic,Electronic check,Yes,3,No,Yes,Yes
CUST01751,56.0,Female,0,20.41,131.92,One year,DSL,Bank transfer,No,3,No,Yes,Yes
CUST01752,69.0,Male,9,21.12,394.45,Two year,DSL,Credit card,Yes,1,Yes,No,No
CUST01753,46.0,Female,3,61.66,2755.45,Two year,DSL,Bank transfer,No,3,Yes,No,No
CUST01754,32.0,Male,8,35.53,796.58,Month-to-month,No,Credit card,No,2,No,No,No
CUST01755,60.0,Male,9,86.45,10188.8,Two year,Fiber optic,Electronic check,Yes,3,No,Yes,Yes
CUST01756,56.0,Female,0,20.41,131.92,One year,DSL,Bank transfer,No,3,No,Yes,Yes
CUST01757,69.0,Male,9,21.12,394.45,Two year,DSL,Credit card,Yes,1,Yes,No,No
CUST01758,46.0,Female,3,61.66,2755.45,Two year,DSL,Bank transfer,No,3,Yes,No,No
CUST01759,32.0,Male,8,35.53,796.58,Month-to-month,No,Credit card,No,2,No,No,No
CUST01760,60.0,Male,9,86.45,10188.8,Two year,Fiber optic,Electronic check,Yes,3,No,Yes,Yes
CUST01761,56.0,Female,0,20.41,131.92,One year,DSL,Bank transfer,No,3,No,Yes,Yes
CUST01762,69.0,Male,9,21.12,394.45,Two year,DSL,Credit card,Yes,1,Yes,No,No
CUST01763,46.0,Female,3,61.66,2755.45,Two year,DSL,Bank transfer,No,3,Yes,No,No
CUST01764,32.0,Male,8,35.53,796.58,Month-to-month,No,Credit card,No,2,No,No,No
CUST01765,60.0,Male,9,86.45,10188.8,Two year,Fiber optic,Electronic check,Yes,3,No,Yes,Yes
CUST01766,56.0,Female,0,20.41,131.92,One year,DSL,Bank transfer,No,3,No,Yes,Yes
CUST01767,69.0,Male,9,21.12,394.45,Two year,DSL,Credit card,Yes,1,Yes,No,No
CUST01768,46.0,Female,3,61.66,2755.45,Two year,DSL,Bank transfer,No,3,Yes,No,No
CUST01769,32.0,Male,8,35.53,796.58,Month-to-month,No,Credit card,No,2,No,No,No
CUST01770,60.0,Male,9,86.45,10188.8,Two year,Fiber optic,Electronic check,Yes,3,No,Yes,Yes
CUST01771,56.0,Female,0,20.41,131.92,One year,DSL,Bank transfer,No,3,No,Yes,Yes
CUST01772,69.0,Male,9,21.12,394.45,Two year,DSL,Credit card,Yes,1,Yes,No,No
CUST01773,46.0,Female,3,61.66,2755.45,Two year,DSL,Bank transfer,No,3,Yes,No,No
CUST01774,32.0,Male,8,35.53,796.58,Month-to-month,No,Credit card,No,2,No,No,No
CUST01775,60.0,Male,9,86.45,10188.8,Two year,Fiber optic,Electronic check,Yes,3,No,Yes,Yes
CUST01776,56.0,Female,0,20.41,131.92,One year,DSL,Bank transfer,No,3,No,Yes,Yes
CUST01777,69.0,Male,9,21.12,394.45,Two year,DSL,Credit card,Yes,1,Yes,No,No
CUST01778,46.0,Female,3,61.66,2755.45,Two year,DSL,Bank transfer,No,3,Yes,No,No
CUST01779,32.0,Male,8,35.53,796.58,Month-to-month,No,Credit card,No,2,No,No,No
CUST01780,60.0,Male,9,86.45,10188.8,Two year,Fiber optic,Electronic check,Yes,3,No,Yes,Yes
CUST01781,56.0,Female,0,20.41,131.92,One year,DSL,Bank transfer,No,3,No,Yes,Yes
CUST01782,69.0,Male,9,21.12,394.45,Two year,DSL,Credit card,Yes,1,Yes,No,No
CUST01783,46.0,Female,3,61.66,2755.45,Two year,DSL,Bank transfer,No,3,Yes,No,No
CUST01784,32.0,Male,8,35.53,796.58,Month-to-month,No,Credit card,No,2,No,No,No
CUST01785,60.0,Male,9,86.45,10188.8,Two year,Fiber optic,Electronic check,Yes,3,No,Yes,Yes
CUST01786,56.0,Female,0,20.41,131.92,One year,DSL,Bank transfer,No,3,No,Yes,Yes
CUST01787,69.0,Male,9,21.12,394.45,Two year,DSL,Credit card,Yes,1,Yes,No,No
CUST01788,46.0,Female,3,61.66,2755.45,Two year,DSL,Bank transfer,No,3,Yes,No,No
CUST01789,32.0,Male,8,35.53,796.58,Month-to-month,No,Credit card,No,2,No,No,No
CUST01790,60.0,Male,9,86.45,10188.8,Two year,Fiber optic,Electronic check,Yes,3,No,Yes,Yes
CUST01791,56.0,Female,0,20.41,131.92,One year,DSL,Bank transfer,No,3,No,Yes,Yes
CUST01792,69.0,Male,9,21.12,394.45,Two year,DSL,Credit card,Yes,1,Yes,No,No
CUST01793,46.0,Female,3,61.66,2755.45,Two year,DSL,Bank transfer,No,3,Yes,No,No
CUST01794,32.0,Male,8,35.53,796.58,Month-to-month,No,Credit card,No,2,No,No,No
CUST01795,60.0,Male,9,86.45,10188.8,Two year,Fiber optic,Electronic check,Yes,3,No,Yes,Yes
CUST01796,56.0,Female,0,20.41,131.92,One year,DSL,Bank transfer,No,3,No,Yes,Yes
CUST01797,69.0,Male,9,21.12,394.45,Two year,DSL,Credit card,Yes,1,Yes,No,No
CUST01798,46.0,Female,3,61.66,2755.45,Two year,DSL,Bank transfer,No,3,Yes,No,No
CUST01799,32.0,Male,8,35.53,796.58,Month-to-month,No,Credit card,No,2,No,No,No
CUST01800,60.0,Male,9,86.45,10188.8,Two year,Fiber optic,Electronic check,Yes,3,No,Yes,Yes
CUST01801,56.0,Female,0,20.41,131.92,One year,DSL,Bank transfer,No,3,No,Yes,Yes
CUST01802,69.0,Male,9,21.12,394.45,Two year,DSL,Credit card,Yes,1,Yes,No,No
CUST01803,46.0,Female,3,61.66,2755.45,Two year,DSL,Bank transfer,No,3,Yes,No,No
CUST01804,32.0,Male,8,35.53,796.58,Month-to-month,No,Credit card,No,2,No,No,No
CUST01805,60.0,Male,9,86.45,10188.8,Two year,Fiber optic,Electronic check,Yes,3,No,Yes,Yes
CUST01806,56.0,Female,0,20.41,131.92,One year,DSL,Bank transfer,No,3,No,Yes,Yes
CUST01807,69.0,Male,9,21.12,394.45,Two year,DSL,Credit card,Yes,1,Yes,No,No
CUST01808,46.0,Female,3,61.66,2755.45,Two year,DSL,Bank transfer,No,3,Yes,No,No
CUST01809,32.0,Male,8,35.53,796.58,Month-to-month,No,Credit card,No,2,No,No,No
CUST01810,60.0,Male,9,86.45,10188.8,Two year,Fiber optic,Electronic check,Yes,3,No,Yes,Yes
CUST01811,56.0,Female,0,20.41,131.92,One year,DSL,Bank transfer,No,3,No,Yes,Yes
CUST01812,69.0,Male,9,21.12,394.45,Two year,DSL,Credit card,Yes,1,Yes,No,No
CUST01813,46.0,Female,3,61.66,2755.45,Two year,DSL,Bank transfer,No,3,Yes,No,No
CUST01814,32.0,Male,8,35.53,796.58,Month-to-month,No,Credit card,No,2,No,No,No
CUST01815,60.0,Male,9,86.45,10188.8,Two year,Fiber optic,Electronic check,Yes,3,No,Yes,Yes
CUST01816,56.0,Female,0,20.41,131.92,One year,DSL,Bank transfer,No,3,No,Yes,Yes
CUST01817,69.0,Male,9,21.12,394.45,Two year,DSL,Credit card,Yes,1,Yes,No,No
CUST01818,46.0,Female,3,61.66,2755.45,Two year,DSL,Bank transfer,No,3,Yes,No,No
CUST01819,32.0,Male,8,35.53,796.58,Month-to-month,No,Credit card,No,2,No,No,No
CUST01820,60.0,Male,9,86.45,10188.8,Two year,Fiber optic,Electronic check,Yes,3,No,Yes,Yes
CUST01821,56.0,Female,0,20.41,131.92,One year,DSL,Bank transfer,No,3,No,Yes,Yes
CUST01822,69.0,Male,9,21.12,394.45,Two year,DSL,Credit card,Yes,1,Yes,No,No
CUST01823,46.0,Female,3,61.66,2755.45,Two year,DSL,Bank transfer,No,3,Yes,No,No
CUST01824,32.0,Male,8,35.53,796.58,Month-to-month,No,Credit card,No,2,No,No,No
CUST01825,60.0,Male,9,86.45,10188.8,Two year,Fiber optic,Electronic check,Yes,3,No,Yes,Yes
CUST01826,56.0,Female,0,20.41,131.92,One year,DSL,Bank transfer,No,3,No,Yes,Yes
CUST01827,69.0,Male,9,21.12,394.45,Two year,DSL,Credit card,Yes,1,Yes,No,No
CUST01828,46.0,Female,3,61.66,2755.45,Two year,DSL,Bank transfer,No,3,Yes,No,No
CUST01829,32.0,Male,8,35.53,796.58,Month-to-month,No,Credit card,No,2,No,No,No
CUST01830,60.0,Male,9,86.45,10188.8,Two year,Fiber optic,Electronic check,Yes,3,No,Yes,Yes
CUST01831,56.0,Female,0,20.41,131.92,One year,DSL,Bank transfer,No,3,No,Yes,Yes
CUST01832,69.0,Male,9,21.12,394.45,Two year,DSL,Credit card,Yes,1,Yes,No,No
CUST01833,46.0,Female,3,61.66,2755.45,Two year,DSL,Bank transfer,No,3,Yes,No,No
CUST01834,32.0,Male,8,35.53,796.58,Month-to-month,No,Credit card,No,2,No,No,No
CUST01835,60.0,Male,9,86.45,10188.8,Two year,Fiber optic,Electronic check,Yes,3,No,Yes,Yes
CUST01836,56.0,Female,0,20.41,131.92,One year,DSL,Bank transfer,No,3,No,Yes,Yes
CUST01837,69.0,Male,9,21.12,394.45,Two year,DSL,Credit card,Yes,1,Yes,No,No
CUST01838,46.0,Female,3,61.66,2755.45,Two year,DSL,Bank transfer,No,3,Yes,No,No
CUST01839,32.0,Male,8,35.53,796.58,Month-to-month,No,Credit card,No,2,No,No,No
CUST01840,60.0,Male,9,86.45,10188.8,Two year,Fiber optic,Electronic check,Yes,3,No,Yes,Yes
CUST01841,56.0,Female,0,20.41,131.92,One year,DSL,Bank transfer,No,3,No,Yes,Yes
CUST01842,69.0,Male,9,21.12,394.45,Two year,DSL,Credit card,Yes,1,Yes,No,No
CUST01843,46.0,Female,3,61.66,2755.45,Two year,DSL,Bank transfer,No,3,Yes,No,No
CUST01844,32.0,Male,8,35.53,796.58,Month-to-month,No,Credit card,No,2,No,No,No
CUST01845,60.0,Male,9,86.45,10188.8,Two year,Fiber optic,Electronic check,Yes,3,No,Yes,Yes
CUST01846,56.0,Female,0,20.41,131.92,One year,DSL,Bank transfer,No,3,No,Yes,Yes
CUST01847,69.0,Male,9,21.12,394.45,Two year,DSL,Credit card,Yes,1,Yes,No,No
CUST01848,46.0,Female,3,61.66,2755.45,Two year,DSL,Bank transfer,No,3,Yes,No,No
CUST01849,32.0,Male,8,35.53,796.58,Month-to-month,No,Credit card,No,2,No,No,No
CUST01850,60.0,Male,9,86.45,10188.8,Two year,Fiber optic,Electronic check,Yes,3,No,Yes,Yes
CUST01851,56.0,Female,0,20.41,131.92,One year,DSL,Bank transfer,No,3,No,Yes,Yes
CUST01852,69.0,Male,9,21.12,394.45,Two year,DSL,Credit card,Yes,1,Yes,No,No
CUST01853,46.0,Female,3,61.66,2755.45,Two year,DSL,Bank transfer,No,3,Yes,No,No
CUST01854,32.0,Male,8,35.53,796.58,Month-to-month,No,Credit card,No,2,No,No,No
CUST01855,60.0,Male,9,86.45,10188.8,Two year,Fiber optic,Electronic check,Yes,3,No,Yes,Yes
CUST01856,56.0,Female,0,20.41,131.92,One year,DSL,Bank transfer,No,3,No,Yes,Yes
CUST01857,69.0,Male,9,21.12,394.45,Two year,DSL,Credit card,Yes,1,Yes,No,No
CUST01858,46.0,Female,3,61.66,2755.45,Two year,DSL,Bank transfer,No,3,Yes,No,No
CUST01859,32.0,Male,8,35.53,796.58,Month-to-month,No,Credit card,No,2,No,No,No
CUST01860,60.0,Male,9,86.45,10188.8,Two year,Fiber optic,Electronic check,Yes,3,No,Yes,Yes
CUST01861,56.0,Female,0,20.41,131.92,One year,DSL,Bank transfer,No,3,No,Yes,Yes
CUST01862,69.0,Male,9,21.12,394.45,Two year,DSL,Credit card,Yes,1,Yes,No,No
CUST01863,46.0,Female,3,61.66,2755.45,Two year,DSL,Bank transfer,No,3,Yes,No,No
CUST01864,32.0,Male,8,35.53,796.58,Month-to-month,No,Credit card,No,2,No,No,No
CUST01865,60.0,Male,9,86.45,10188.8,Two year,Fiber optic,Electronic check,Yes,3,No,Yes,Yes
CUST01866,56.0,Female,0,20.41,131.92,One year,DSL,Bank transfer,No,3,No,Yes,Yes
CUST01867,69.0,Male,9,21.12,394.45,Two year,DSL,Credit card,Yes,1,Yes,No,No
CUST01868,46.0,Female,3,61.66,2755.45,Two year,DSL,Bank transfer,No,3,Yes,No,No
CUST01869,32.0,Male,8,35.53,796.58,Month-to-month,No,Credit card,No,2,No,No,No
CUST01870,60.0,Male,9,86.45,10188.8,Two year,Fiber optic,Electronic check,Yes,3,No,Yes,Yes
CUST01871,56.0,Female,0,20.41,131.92,One year,DSL,Bank transfer,No,3,No,Yes,Yes
CUST01872,69.0,Male,9,21.12,394.45,Two year,DSL,Credit card,Yes,1,Yes,No,No
CUST01873,46.0,Female,3,61.66,2755.45,Two year,DSL,Bank transfer,No,3,Yes,No,No
CUST01874,32.0,Male,8,35.53,796.58,Month-to-month,No,Credit card,No,2,No,No,No
CUST01875,60.0,Male,9,86.45,10188.8,Two year,Fiber optic,Electronic check,Yes,3,No,Yes,Yes
CUST01876,56.0,Female,0,20.41,131.92,One year,DSL,Bank transfer,No,3,No,Yes,Yes
CUST01877,69.0,Male,9,21.12,394.45,Two year,DSL,Credit card,Yes,1,Yes,No,No
CUST01878,46.0,Female,3,61.66,2755.45,Two year,DSL,Bank transfer,No,3,Yes,No,No
CUST01879,32.0,Male,8,35.53,796.58,Month-to-month,No,Credit card,No,2,No,No,No
CUST01880,60.0,Male,9,86.45,10188.8,Two year,Fiber optic,Electronic check,Yes,3,No,Yes,Yes
CUST01881,56.0,Female,0,20.41,131.92,One year,DSL,Bank transfer,No,3,No,Yes,Yes
CUST01882,69.0,Male,9,21.12,394.45,Two year,DSL,Credit card,Yes,1,Yes,No,No
CUST01883,46.0,Female,3,61.66,2755.45,Two year,DSL,Bank transfer,No,3,Yes,No,No
CUST01884,32.0,Male,8,35.53,796.58,Month-to-month,No,Credit card,No,2,No,No,No
CUST01885,60.0,Male,9,86.45,10188.8,Two year,Fiber optic,Electronic check,Yes,3,No,Yes,Yes
CUST01886,56.0,Female,0,20.41,131.92,One year,DSL,Bank transfer,No,3,No,Yes,Yes
CUST01887,69.0,Male,9,21.12,394.45,Two year,DSL,Credit card,Yes,1,Yes,No,No
CUST01888,46.0,Female,3,61.66,2755.45,Two year,DSL,Bank transfer,No,3,Yes,No,No
CUST01889,32.0,Male,8,35.53,796.58,Month-to-month,No,Credit card,No,2,No,No,No
CUST01890,60.0,Male,9,86.45,10188.8,Two year,Fiber optic,Electronic check,Yes,3,No,Yes,Yes
CUST01891,56.0,Female,0,20.41,131.92,One year,DSL,Bank transfer,No,3,No,Yes,Yes
CUST01892,69.0,Male,9,21.12,394.45,Two year,DSL,Credit card,Yes,1,Yes,No,No
CUST01893,46.0,Female,3,61.66,2755.45,Two year,DSL,Bank transfer,No,3,Yes,No,No
CUST01894,32.0,Male,8,35.53,796.58,Month-to-month,No,Credit card,No,2,No,No,No
CUST01895,60.0,Male,9,86.45,10188.8,Two year,Fiber optic,Electronic check,Yes,3,No,Yes,Yes
CUST01896,56.0,Female,0,20.41,131.92,One year,DSL,Bank transfer,No,3,No,Yes,Yes
CUST01897,69.0,Male,9,21.12,394.45,Two year,DSL,Credit card,Yes,1,Yes,No,No
CUST01898,46.0,Female,3,61.66,2755.45,Two year,DSL,Bank transfer,No,3,Yes,No,No
CUST01899,32.0,Male,8,35.53,796.58,Month-to-month,No,Credit card,No,2,No,No,No
CUST01900,60.0,Male,9,86.45,10188.8,Two year,Fiber optic,Electronic check,Yes,3,No,Yes,Yes
CUST01901,56.0,Female,0,20.41,131.92,One year,DSL,Bank transfer,No,3,No,Yes,Yes
CUST01902,69.0,Male,9,21.12,394.45,Two year,DSL,Credit card,Yes,1,Yes,No,No
CUST01903,46.0,Female,3,61.66,2755.45,Two year,DSL,Bank transfer,No,3,Yes,No,No
CUST01904,32.0,Male,8,35.53,796.58,Month-to-month,No,Credit card,No,2,No,No,No
CUST01905,60.0,Male,9,86.45,10188.8,Two year,Fiber optic,Electronic check,Yes,3,No,Yes,Yes
CUST01906,56.0,Female,0,20.41,131.92,One year,DSL,Bank transfer,No,3,No,Yes,Yes
CUST01907,69.0,Male,9,21.12,394.45,Two year,DSL,Credit card,Yes,1,Yes,No,No
CUST01908,46.0,Female,3,61.66,2755.45,Two year,DSL,Bank transfer,No,3,Yes,No,No
CUST01909,32.0,Male,8,35.53,796.58,Month-to-month,No,Credit card,No,2,No,No,No
CUST01910,60.0,Male,9,86.45,10188.8,Two year,Fiber optic,Electronic check,Yes,3,No,Yes,Yes
CUST01911,56.0,Female,0,20.41,131.92,One year,DSL,Bank transfer,No,3,No,Yes,Yes
CUST01912,69.0,Male,9,21.12,394.45,Two year,DSL,Credit card,Yes,1,Yes,No,No
CUST01913,46.0,Female,3,61.66,2755.45,Two year,DSL,Bank transfer,No,3,Yes,No,No
CUST01914,32.0,Male,8,35.53,796.58,Month-to-month,No,Credit card,No,2,No,No,No
CUST01915,60.0,Male,9,86.45,10188.8,Two year,Fiber optic,Electronic check,Yes,3,No,Yes,Yes
CUST01916,56.0,Female,0,20.41,131.92,One year,DSL,Bank transfer,No,3,No,Yes,Yes
CUST01917,69.0,Male,9,21.12,394.45,Two year,DSL,Credit card,Yes,1,Yes,No,No
CUST01918,46.0,Female,3,61.66,2755.45,Two year,DSL,Bank transfer,No,3,Yes,No,No
CUST01919,32.0,Male,8,35.53,796.58,Month-to-month,No,Credit card,No,2,No,No,No
CUST01920,60.0,Male,9,86.45,10188.8,Two year,Fiber optic,Electronic check,Yes,3,No,Yes,Yes
CUST01921,56.0,Female,0,20.41,131.92,One year,DSL,Bank transfer,No,3,No,Yes,Yes
CUST01922,69.0,Male,9,21.12,394.45,Two year,DSL,Credit card,Yes,1,Yes,No,No
CUST01923,46.0,Female,3,61.66,2755.45,Two year,DSL,Bank transfer,No,3,Yes,No,No
CUST01924,32.0,Male,8,35.53,796.58,Month-to-month,No,Credit card,No,2,No,No,No
CUST01925,60.0,Male,9,86.45,10188.8,Two year,Fiber optic,Electronic check,Yes,3,No,Yes,Yes
CUST01926,56.0,Female,0,20.41,131.92,One year,DSL,Bank transfer,No,3,No,Yes,Yes
CUST01927,69.0,Male,9,21.12,394.45,Two year,DSL,Credit card,Yes,1,Yes,No,No
CUST01928,46.0,Female,3,61.66,2755.45,Two year,DSL,Bank transfer,No,3,Yes,No,No
CUST01929,32.0,Male,8,35.53,796.58,Month-to-month,No,Credit card,No,2,No,No,No
CUST01930,60.0,Male,9,86.45,10188.8,Two year,Fiber optic,Electronic check,Yes,3,No,Yes,Yes
CUST01931,56.0,Female,0,20.41,131.92,One year,DSL,Bank transfer,No,3,No,Yes,Yes
CUST01932,69.0,Male,9,21.12,394.45,Two year,DSL,Credit card,Yes,1,Yes,No,No
CUST01933,46.0,Female,3,61.66,2755.45,Two year,DSL,Bank transfer,No,3,Yes,No,No
CUST01934,32.0,Male,8,35.53,796.58,Month-to-month,No,Credit card,No,2,No,No,No
CUST01935,60.0,Male,9,86.45,10188.8,Two year,Fiber optic,Electronic check,Yes,3,No,Yes,Yes
CUST01936,56.0,Female,0,20.41,131.92,One year,DSL,Bank transfer,No,3,No,Yes,Yes
CUST01937,69.0,Male,9,21.12,394.45,Two year,DSL,Credit card,Yes,1,Yes,No,No
CUST01938,46.0,Female,3,61.66,2755.45,Two year,DSL,Bank transfer,No,3,Yes,No,No
CUST01939,32.0,Male,8,35.53,796.58,Month-to-month,No,Credit card,No,2,No,No,No
CUST01940,60.0,Male,9,86.45,10188.8,Two year,Fiber optic,Electronic check,Yes,3,No,Yes,Yes
CUST01941,56.0,Female,0,20.41,131.92,One year,DSL,Bank transfer,No,3,No,Yes,Yes
CUST01942,69.0,Male,9,21.12,394.45,Two year,DSL,Credit card,Yes,1,Yes,No,No
CUST01943,46.0,Female,3,61.66,2755.45,Two year,DSL,Bank transfer,No,3,Yes,No,No
CUST01944,32.0,Male,8,35.53,796.58,Month-to-month,No,Credit card,No,2,No,No,No
CUST01945,60.0,Male,9,86.45,10188.8,Two year,Fiber optic,Electronic check,Yes,3,No,Yes,Yes
CUST01946,56.0,Female,0,20.41,131.92,One year,DSL,Bank transfer,No,3,No,Yes,Yes
CUST01947,69.0,Male,9,21.12,394.45,Two year,DSL,Credit card,Yes,1,Yes,No,No
CUST01948,46.0,Female,3,61.66,2755.45,Two year,DSL,Bank transfer,No,3,Yes,No,No
CUST01949,32.0,Male,8,35.53,796.58,Month-to-month,No,Credit card,No,2,No,No,No
CUST01950,60.0,Male,9,86.45,10188.8,Two year,Fiber optic,Electronic check,Yes,3,No,Yes,Yes
CUST01951,56.0,Female,0,20.41,131.92,One year,DSL,Bank transfer,No,3,No,Yes,Yes
CUST01952,69.0,Male,9,21.12,394.45,Two year,DSL,Credit card,Yes,1,Yes,No,No
CUST01953,46.0,Female,3,61.66,2755.45,Two year,DSL,Bank transfer,No,3,Yes,No,No
CUST01954,32.0,Male,8,35.53,796.58,Month-to-month,No,Credit card,No,2,No,No,No
CUST01955,60.0,Male,9,86.45,10188.8,Two year,Fiber optic,Electronic check,Yes,3,No,Yes,Yes
CUST01956,56.0,Female,0,20.41,131.92,One year,DSL,Bank transfer,No,3,No,Yes,Yes
CUST01957,69.0,Male,9,21.12,394.45,Two year,DSL,Credit card,Yes,1,Yes,No,No
CUST01958,46.0,Female,3,61.66,2755.45,Two year,DSL,Bank transfer,No,3,Yes,No,No
CUST01959,32.0,Male,8,35.53,796.58,Month-to-month,No,Credit card,No,2,No,No,No
CUST01960,60.0,Male,9,86.45,10188.8,Two year,Fiber optic,Electronic check,Yes,3,No,Yes,Yes
CUST01961,56.0,Female,0,20.41,131.92,One year,DSL,Bank transfer,No,3,No,Yes,Yes
CUST01962,69.0,Male,9,21.12,394.45,Two year,DSL,Credit card,Yes,1,Yes,No,No
CUST01963,46.0,Female,3,61.66,2755.45,Two year,DSL,Bank transfer,No,3,Yes,No,No
CUST01964,32.0,Male,8,35.53,796.58,Month-to-month,No,Credit card,No,2,No,No,No
CUST01965,60.0,Male,9,86.45,10188.8,Two year,Fiber optic,Electronic check,Yes,3,No,Yes,Yes
CUST01966,56.0,Female,0,20.41,131.92,One year,DSL,Bank transfer,No,3,No,Yes,Yes
CUST01967,69.0,Male,9,21.12,394.45,Two year,DSL,Credit card,Yes,1,Yes,No,No
CUST01968,46.0,Female,3,61.66,2755.45,Two year,DSL,Bank transfer,No,3,Yes,No,No
CUST01969,32.0,Male,8,35.53,796.58,Month-to-month,No,Credit card,No,2,No,No,No
CUST01970,60.0,Male,9,86.45,10188.8,Two year,Fiber optic,Electronic check,Yes,3,No,Yes,Yes
CUST01971,56.0,Female,0,20.41,131.92,One year,DSL,Bank transfer,No,3,No,Yes,Yes
CUST01972,69.0,Male,9,21.12,394.45,Two year,DSL,Credit card,Yes,1,Yes,No,No
CUST01973,46.0,Female,3,61.66,2755.45,Two year,DSL,Bank transfer,No,3,Yes,No,No
CUST01974,32.0,Male,8,35.53,796.58,Month-to-month,No,Credit card,No,2,No,No,No
CUST01975,60.0,Male,9,86.45,10188.8,Two year,Fiber optic,Electronic check,Yes,3,No,Yes,Yes
CUST01976,56.0,Female,0,20.41,131.92,One year,DSL,Bank transfer,No,3,No,Yes,Yes
CUST01977,69.0,Male,9,21.12,394.45,Two year,DSL,Credit card,Yes,1,Yes,No,No
CUST01978,46.0,Female,3,61.66,2755.45,Two year,DSL,Bank transfer,No,3,Yes,No,No
CUST01979,32.0,Male,8,35.53,796.58,Month-to-month,No,Credit card,No,2,No,No,No
CUST01980,60.0,Male,9,86.45,10188.8,Two year,Fiber optic,Electronic check,Yes,3,No,Yes,Yes
CUST01981,56.0,Female,0,20.41,131.92,One year,DSL,Bank transfer,No,3,No,Yes,Yes
CUST01982,69.0,Male,9,21.12,394.45,Two year,DSL,Credit card,Yes,1,Yes,No,No
CUST01983,46.0,Female,3,61.66,2755.45,Two year,DSL,Bank transfer,No,3,Yes,No,No
CUST01984,32.0,Male,8,35.53,796.58,Month-to-month,No,Credit card,No,2,No,No,No
CUST01985,60.0,Male,9,86.45,10188.8,Two year,Fiber optic,Electronic check,Yes,3,No,Yes,Yes
CUST01986,56.0,Female,0,20.41,131.92,One year,DSL,Bank transfer,No,3,No,Yes,Yes
CUST01987,69.0,Male,9,21.12,394.45,Two year,DSL,Credit card,Yes,1,Yes,No,No
CUST01988,46.0,Female,3,61.66,2755.45,Two year,DSL,Bank transfer,No,3,Yes,No,No
CUST01989,32.0,Male,8,35.53,796.58,Month-to-month,No,Credit card,No,2,No,No,No
CUST01990,60.0,Male,9,86.45,10188.8,Two year,Fiber optic,Electronic check,Yes,3,No,Yes,Yes
CUST01991,56.0,Female,0,20.41,131.92,One year,DSL,Bank transfer,No,3,No,Yes,Yes
CUST01992,69.0,Male,9,21.12,394.45,Two year,DSL,Credit card,Yes,1,Yes,No,No
CUST01993,46.0,Female,3,61.66,2755.45,Two year,DSL,Bank transfer,No,3,Yes,No,No
CUST01994,32.0,Male,8,35.53,796.58,Month-to-month,No,Credit card,No,2,No,No,No
CUST01995,60.0,Male,9,86.45,10188.8,Two year,Fiber optic,Electronic check,Yes,3,No,Yes,Yes
CUST01996,56.0,Female,0,20.41,131.92,One year,DSL,Bank transfer,No,3,No,Yes,Yes
CUST01997,69.0,Male,9,21.12,394.45,Two year,DSL,Credit card,Yes,1,Yes,No,No
CUST01998,46.0,Female,3,61.66,2755.45,Two year,DSL,Bank transfer,No,3,Yes,No,No
CUST01999,32.0,Male,8,35.53,796.58,Month-to-month,No,Credit card,No,2,No,No,No
CUST02000,60.0,Male,9,86.45,10188.8,Two year,Fiber optic,Electronic check,Yes,3,No,Yes,Yes
CUST02001,56.0,Female,0,20.41,131.92,One year,DSL,Bank transfer,No,3,No,Yes,Yes
CUST02002,69.0,Male,9,21.12,394.45,Two year,DSL,Credit card,Yes,1,Yes,No,No
CUST02003,46.0,Female,3,61.66,2755.45,Two year,DSL,Bank transfer,No,3,Yes,No,No
CUST02004,32.0,Male,8,35.53,796.58,Month-to-month,No,Credit card,No,2,No,No,No
CUST02005,60.0,Male,9,86.45,10188.8,Two year,Fiber optic,Electronic check,Yes,3,No,Yes,Yes
CUST02006,56.0,Female,0,20.41,131.92,One year,DSL,Bank transfer,No,3,No,Yes,Yes
CUST02007,69.0,Male,9,21.12,394.45,Two year,DSL,Credit card,Yes,1,Yes,No,No
CUST02008,46.0,Female,3,61.66,2755.45,Two year,DSL,Bank transfer,No,3,Yes,No,No
CUST02009,32.0,Male,8,35.53,796.58,Month-to-month,No,Credit card,No,2,No,No,No
CUST02010,60.0,Male,9,86.45,10188.8,Two year,Fiber optic,Electronic check,Yes,3,No,Yes,Yes
CUST02011,56.0,Female,0,20.41,131.92,One year,DSL,Bank transfer,No,3,No,Yes,Yes
CUST02012,69.0,Male,9,21.12,394.45,Two year,DSL,Credit card,Yes,1,Yes,No,No
CUST02013,46.0,Female,3,61.66,2755.45,Two year,DSL,Bank transfer,No,3,Yes,No,No
CUST02014,32.0,Male,8,35.53,796.58,Month-to-month,No,Credit card,No,2,No,No,No
CUST02015,60.0,Male,9,86.45,10188.8,Two year,Fiber optic,Electronic check,Yes,3,No,Yes,Yes
CUST02016,56.0,Female,0,20.41,131.92,One year,DSL,Bank transfer,No,3,No,Yes,Yes
CUST02017,69.0,Male,9,21.12,394.45,Two year,DSL,Credit card,Yes,1,Yes,No,No
CUST02018,46.0,Female,3,61.66,2755.45,Two year,DSL,Bank transfer,No,3,Yes,No,No
CUST02019,32.0,Male,8,35.53,796.58,Month-to-month,No,Credit card,No,2,No,No,No
CUST02020,60.0,Male,9,86.45,10188.8,Two year,Fiber optic,Electronic check,Yes,3,No,Yes,Yes
CUST02021,56.0,Female,0,20.41,131.92,One year,DSL,Bank transfer,No,3,No,Yes,Yes
CUST02022,69.0,Male,9,21.12,394.45,Two year,DSL,Credit card,Yes,1,Yes,No,No
CUST02023,46.0,Female,3,61.66,2755.45,Two year,DSL,Bank transfer,No,3,Yes,No,No
CUST02024,32.0,Male,8,35.53,796.58,Month-to-month,No,Credit card,No,2,No,No,No
CUST02025,60.0,Male,9,86.45,10188.8,Two year,Fiber optic,Electronic check,Yes,3,No,Yes,Yes
CUST02026,56.0,Female,0,20.41,131.92,One year,DSL,Bank transfer,No,3,No,Yes,Yes
CUST02027,69.0,Male,9,21.12,394.45,Two year,DSL,Credit card,Yes,1,Yes,No,No
CUST02028,46.0,Female,3,61.66,2755.45,Two year,DSL,Bank transfer,No,3,Yes,No,No
CUST02029,32.0,Male,8,35.53,796.58,Month-to-month,No,Credit card,No,2,No,No,No
CUST02030,60.0,Male,9,86.45,10188.8,Two year,Fiber optic,Electronic check,Yes,3,No,Yes,Yes
CUST02031,56.0,Female,0,20.41,131.92,One year,DSL,Bank transfer,No,3,No,Yes,Yes
CUST02032,69.0,Male,9,21.12,394.45,Two year,DSL,Credit card,Yes,1,Yes,No,No
CUST02033,46.0,Female,3,61.66,2755.45,Two year,DSL,Bank transfer,No,3,Yes,No,No
CUST02034,32.0,Male,8,35.53,796.58,Month-to-month,No,Credit card,No,2,No,No,No
CUST02035,60.0,Male,9,86.45,10188.8,Two year,Fiber optic,Electronic check,Yes,3,No,Yes,Yes
CUST02036,56.0,Female,0,20.41,131.92,One year,DSL,Bank transfer,No,3,No,Yes,Yes
CUST02037,69.0,Male,9,21.12,394.45,Two year,DSL,Credit card,Yes,1,Yes,No,No
CUST02038,46.0,Female,3,61.66,2755.45,Two year,DSL,Bank transfer,No,3,Yes,No,No
CUST02039,32.0,Male,8,35.53,796.58,Month-to-month,No,Credit card,No,2,No,No,No
CUST02040,60.0,Male,9,86.45,10188.8,Two year,Fiber optic,Electronic check,Yes,3,No,Yes,Yes
CUST02041,56.0,Female,0,20.41,131.92,One year,DSL,Bank transfer,No,3,No,Yes,Yes
CUST02042,69.0,Male,9,21.12,394.45,Two year,DSL,Credit card,Yes,1,Yes,No,No
CUST02043,46.0,Female,3,61.66,2755.45,Two year,DSL,Bank transfer,No,3,Yes,No,No
CUST02044,32.0,Male,8,35.53,796.58,Month-to-month,No,Credit card,No,2,No,No,No
CUST02045,60.0,Male,9,86.45,10188.8,Two year,Fiber optic,Electronic check,Yes,3,No,Yes,Yes
CUST02046,56.0,Female,0,20.41,131.92,One year,DSL,Bank transfer,No,3,No,Yes,Yes
CUST02047,69.0,Male,9,21.12,394.45,Two year,DSL,Credit card,Yes,1,Yes,No,No
CUST02048,46.0,Female,3,61.66,2755.45,Two year,DSL,Bank transfer,No,3,Yes,No,No
CUST02049,32.0,Male,8,35.53,796.58,Month-to-month,No,Credit card,No,2,No,No,No
CUST02050,60.0,Male,9,86.45,10188.8,Two year,Fiber optic,Electronic check,Yes,3,No,Yes,Yes
CUST02051,56.0,Female,0,20.41,131.92,One year,DSL,Bank transfer,No,3,No,Yes,Yes
CUST02052,69.0,Male,9,21.12,394.45,Two year,DSL,Credit card,Yes,1,Yes,No,No
CUST02053,46.0,Female,3,61.66,2755.45,Two year,DSL,Bank transfer,No,3,Yes,No,No
CUST02054,32.0,Male,8,35.53,796.58,Month-to-month,No,Credit card,No,2,No,No,No
CUST02055,60.0,Male,9,86.45,10188.8,Two year,Fiber optic,Electronic check,Yes,3,No,Yes,Yes
CUST02056,56.0,Female,0,20.41,131.92,One year,DSL,Bank transfer,No,3,No,Yes,Yes
CUST02057,69.0,Male,9,21.12,394.45,Two year,DSL,Credit card,Yes,1,Yes,No,No
CUST02058,46.0,Female,3,61.66,2755.45,Two year,DSL,Bank transfer,No,3,Yes,No,No
CUST02059,32.0,Male,8,35.53,796.58,Month-to-month,No,Credit card,No,2,No,No,No
CUST02060,60.0,Male,9,86.45,10188.8,Two year,Fiber optic,Electronic check,Yes,3,No,Yes,Yes
CUST02061,56.0,Female,0,20.41,131.92,One year,DSL,Bank transfer,No,3,No,Yes,Yes
CUST02062,69.0,Male,9,21.12,394.45,Two year,DSL,Credit card,Yes,1,Yes,No,No
CUST02063,46.0,Female,3,61.66,2755.45,Two year,DSL,Bank transfer,No,3,Yes,No,No
CUST02064,32.0,Male,8,35.53,796.58,Month-to-month,No,Credit card,No,2,No,No,No
CUST02065,60.0,Male,9,86.45,10188.8,Two year,Fiber optic,Electronic check,Yes,3,No,Yes,Yes
CUST02066,56.0,Female,0,20.41,131.92,One year,DSL,Bank transfer,No,3,No,Yes,Yes
CUST02067,69.0,Male,9,21.12,394.45,Two year,DSL,Credit card,Yes,1,Yes,No,No
CUST02068,46.0,Female,3,61.66,2755.45,Two year,DSL,Bank transfer,No,3,Yes,No,No
CUST02069,32.0,Male,8,35.53,796.58,Month-to-month,No,Credit card,No,2,No,No,No
CUST02070,60.0,Male,9,86.45,10188.8,Two year,Fiber optic,Electronic check,Yes,3,No,Yes,Yes
CUST02071,56.0,Female,0,20.41,131.92,One year,DSL,Bank transfer,No,3,No,Yes,Yes
CUST02072,69.0,Male,9,21.12,394.45,Two year,DSL,Credit card,Yes,1,Yes,No,No
CUST02073,46.0,Female,3,61.66,2755.45,Two year,DSL,Bank transfer,No,3,Yes,No,No
CUST02074,32.0,Male,8,35.53,796.58,Month-to-month,No,Credit card,No,2,No,No,No
CUST02075,60.0,Male,9,86.45,10188.8,Two year,Fiber optic,Electronic check,Yes,3,No,Yes,Yes
CUST02076,56.0,Female,0,20.41,131.92,One year,DSL,Bank transfer,No,3,No,Yes,Yes
CUST02077,69.0,Male,9,21.12,394.45,Two year,DSL,Credit card,Yes,1,Yes,No,No
CUST02078,46.0,Female,3,61.66,2755.45,Two year,DSL,Bank transfer,No,3,Yes,No,No
CUST02079,32.0,Male,8,35.53,796.58,Month-to-month,No,Credit card,No,2,No,No,No
CUST02080,60.0,Male,9,86.45,10188.8,Two year,Fiber optic,Electronic check,Yes,3,No,Yes,Yes
CUST02081,56.0,Female,0,20.41,131.92,One year,DSL,Bank transfer,No,3,No,Yes,Yes
CUST02082,69.0,Male,9,21.12,394.45,Two year,DSL,Credit card,Yes,1,Yes,No,No
CUST02083,46.0,Female,3,61.66,2755.45,Two year,DSL,Bank transfer,No,3,Yes,No,No
CUST02084,32.0,Male,8,35.53,796.58,Month-to-month,No,Credit card,No,2,No,No,No
CUST02085,60.0,Male,9,86.45,10188.8,Two year,Fiber optic,Electronic check,Yes,3,No,Yes,Yes
CUST02086,56.0,Female,0,20.41,131.92,One year,DSL,Bank transfer,No,3,No,Yes,Yes
CUST02087,69.0,Male,9,21.12,394.45,Two year,DSL,Credit card,Yes,1,Yes,No,No
CUST02088,46.0,Female,3,61.66,2755.45,Two year,DSL,Bank transfer,No,3,Yes,No,No
CUST02089,32.0,Male,8,35.53,796.58,Month-to-month,No,Credit card,No,2,No,No,No
CUST02090,60.0,Male,9,86.45,10188.8,Two year,Fiber optic,Electronic check,Yes,3,No,Yes,Yes
CUST02091,56.0,Female,0,20.41,131.92,One year,DSL,Bank transfer,No,3,No,Yes,Yes
CUST02092,69.0,Male,9,21.12,394.45,Two year,DSL,Credit card,Yes,1,Yes,No,No
CUST02093,46.0,Female,3,61.66,2755.45,Two year,DSL,Bank transfer,No,3,Yes,No,No
CUST02094,32.0,Male,8,35.53,796.58,Month-to-month,No,Credit card,No,2,No,No,No
CUST02095,60.0,Male,9,86.45,10188.8,Two year,Fiber optic,Electronic check,Yes,3,No,Yes,Yes
CUST02096,56.0,Female,0,20.41,131.92,One year,DSL,Bank transfer,No,3,No,Yes,Yes
CUST02097,69.0,Male,9,21.12,394.45,Two year,DSL,Credit card,Yes,1,Yes,No,No
CUST02098,46.0,Female,3,61.66,2755.45,Two year,DSL,Bank transfer,No,3,Yes,No,No
CUST02099,32.0,Male,8,35.53,796.58,Month-to-month,No,Credit card,No,2,No,No,No
CUST02100,60.0,Male,9,86.45,10188.8,Two year,Fiber optic,Electronic check,Yes,3,No,Yes,Yes
CUST02101,56.0,Female,0,20.41,131.92,One year,DSL,Bank transfer,No,3,No,Yes,Yes
CUST02102,69.0,Male,9,21.12,394.45,Two year,DSL,Credit card,Yes,1,Yes,No,No
CUST02103,46.0,Female,3,61.66,2755.45,Two year,DSL,Bank transfer,No,3,Yes,No,No
CUST02104,32.0,Male,8,35.53,796.58,Month-to-month,No,Credit card,No,2,No,No,No
CUST02105,60.0,Male,9,86.45,10188.8,Two year,Fiber optic,Electronic check,Yes,3,No,Yes,Yes
CUST02106,56.0,Female,0,20.41,131.92,One year,DSL,Bank transfer,No,3,No,Yes,Yes
CUST02107,69.0,Male,9,21.12,394.45,Two year,DSL,Credit card,Yes,1,Yes,No,No
CUST02108,46.0,Female,3,61.66,2755.45,Two year,DSL,Bank transfer,No,3,Yes,No,No
CUST02109,32.0,Male,8,35.53,796.58,Month-to-month,No,Credit card,No,2,No,No,No
CUST02110,60.0,Male,9,86.45,10188.8,Two year,Fiber optic,Electronic check,Yes,3,No,Yes,Yes
CUST02111,56.0,Female,0,20.41,131.92,One year,DSL,Bank transfer,No,3,No,Yes,Yes
CUST02112,69.0,Male,9,21.12,394.45,Two year,DSL,Credit card,Yes,1,Yes,No,No
CUST02113,46.0,Female,3,61.66,2755.45,Two year,DSL,Bank transfer,No,3,Yes,No,No
CUST02114,32.0,Male,8,35.53,796.58,Month-to-month,No,Credit card,No,2,No,No,No
CUST02115,60.0,Male,9,86.45,10188.8,Two year,Fiber optic,Electronic check,Yes,3,No,Yes,Yes
CUST02116,56.0,Female,0,20.41,131.92,One year,DSL,Bank transfer,No,3,No,Yes,Yes
CUST02117,69.0,Male,9,21.12,394.45,Two year,DSL,Credit card,Yes,1,Yes,No,No
CUST02118,46.0,Female,3,61.66,2755.45,Two year,DSL,Bank transfer,No,3,Yes,No,No
CUST02119,32.0,Male,8,35.53,796.58,Month-to-month,No,Credit card,No,2,No,No,No
CUST02120,60.0,Male,9,86.45,10188.8,Two year,Fiber optic,Electronic check,Yes,3,No,Yes,Yes
CUST02121,56.0,Female,0,20.41,131.92,One year,DSL,Bank transfer,No,3,No,Yes,Yes
CUST02122,69.0,Male,9,21.12,394.45,Two year,DSL,Credit card,Yes,1,Yes,No,No
CUST02123,46.0,Female,3,61.66,2755.45,Two year,DSL,Bank transfer,No,3,Yes,No,No
CUST02124,32.0,Male,8,35.53,796.58,Month-to-month,No,Credit card,No,2,No,No,No
CUST02125,60.0,Male,9,86.45,10188.8,Two year,Fiber optic,Electronic check,Yes,3,No,Yes,Yes
CUST02126,56.0,Female,0,20.41,131.92,One year,DSL,Bank transfer,No,3,No,Yes,Yes
CUST02127,69.0,Male,9,21.12,394.45,Two year,DSL,Credit card,Yes,1,Yes,No,No
CUST02128,46.0,Female,3,61.66,2755.45,Two year,DSL,Bank transfer,No,3,Yes,No,No
CUST02129,32.0,Male,8,35.53,796.58,Month-to-month,No,Credit card,No,2,No,No,No
CUST02130,60.0,Male,9,86.45,10188.8,Two year,Fiber optic,Electronic check,Yes,3,No,Yes,Yes
CUST02131,56.0,Female,0,20.41,131.92,One year,DSL,Bank transfer,No,3,No,Yes,Yes
CUST02132,69.0,Male,9,21.12,394.45,Two year,DSL,Credit card,Yes,1,Yes,No,No
CUST02133,46.0,Female,3,61.66,2755.45,Two year,DSL,Bank transfer,No,3,Yes,No,No
CUST02134,32.0,Male,8,35.53,796.58,Month-to-month,No,Credit card,No,2,No,No,No
CUST02135,60.0,Male,9,86.45,10188.8,Two year,Fiber optic,Electronic check,Yes,3,No,Yes,Yes
CUST02136,56.0,Female,0,20.41,131.92,One year,DSL,Bank transfer,No,3,No,Yes,Yes
CUST02137,69.0,Male,9,21.12,394.45,Two year,DSL,Credit card,Yes,1,Yes,No,No
CUST02138,46.0,Female,3,61.66,2755.45,Two year,DSL,Bank transfer,No,3,Yes,No,No
CUST02139,32.0,Male,8,35.53,796.58,Month-to-month,No,Credit card,No,2,No,No,No
CUST02140,60.0,Male,9,86.45,10188.8,Two year,Fiber optic,Electronic check,Yes,3,No,Yes,Yes
CUST02141,56.0,Female,0,20.41,131.92,One year,DSL,Bank transfer,No,3,No,Yes,Yes
CUST02142,69.0,Male,9,21.12,394.45,Two year,DSL,Credit card,Yes,1,Yes,No,No
CUST02143,46.0,Female,3,61.66,2755.45,Two year,DSL,Bank transfer,No,3,Yes,No,No
CUST02144,32.0,Male,8,35.53,796.58,Month-to-month,No,Credit card,No,2,No,No,No
CUST02145,60.0,Male,9,86.45,10188.8,Two year,Fiber optic,Electronic check,Yes,3,No,Yes,Yes
CUST02146,56.0,Female,0,20.41,131.92,One year,DSL,Bank transfer,No,3,No,Yes,Yes
CUST02147,69.0,Male,9,21.12,394.45,Two year,DSL,Credit card,Yes,1,Yes,No,No
CUST02148,46.0,Female,3,61.66,2755.45,Two year,DSL,Bank transfer,No,3,Yes,No,No
CUST02149,32.0,Male,8,35.53,796.58,Month-to-month,No,Credit card,No,2,No,No,No
CUST02150,60.0,Male,9,86.45,10188.8,Two year,Fiber optic,Electronic check,Yes,3,No,Yes,Yes
CUST02151,56.0,Female,0,20.41,131.92,One year,DSL,Bank transfer,No,3,No,Yes,Yes
CUST02152,69.0,Male,9,21.12,394.45,Two year,DSL,Credit card,Yes,1,Yes,No,No
CUST02153,46.0,Female,3,61.66,2755.45,Two year,DSL,Bank transfer,No,3,Yes,No,No
CUST02154,32.0,Male,8,35.53,796.58,Month-to-month,No,Credit card,No,2,No,No,No
CUST02155,60.0,Male,9,86.45,10188.8,Two year,Fiber optic,Electronic check,Yes,3,No,Yes,Yes
CUST02156,56.0,Female,0,20.41,131.92,One year,DSL,Bank transfer,No,3,No,Yes,Yes
CUST02157,69.0,Male,9,21.12,394.45,Two year,DSL,Credit card,Yes,1,Yes,No,No
CUST02158,46.0,Female,3,61.66,2755.45,Two year,DSL,Bank transfer,No,3,Yes,No,No
CUST02159,32.0,Male,8,35.53,796.58,Month-to-month,No,Credit card,No,2,No,No,No
CUST02160,60.0,Male,9,86.45,10188.8,Two year,Fiber optic,Electronic check,Yes,3,No,Yes,Yes
CUST02161,56.0,Female,0,20.41,131.92,One year,DSL,Bank transfer,No,3,No,Yes,Yes
CUST02162,69.0,Male,9,21.12,394.45,Two year,DSL,Credit card,Yes,1,Yes,No,No
CUST02163,46.0,Female,3,61.66,2755.45,Two year,DSL,Bank transfer,No,3,Yes,No,No
CUST02164,32.0,Male,8,35.53,796.58,Month-to-month,No,Credit card,No,2,No,No,No
CUST02165,60.0,Male,9,86.45,10188.8,Two year,Fiber optic,Electronic check,Yes,3,No,Yes,Yes
CUST02166,56.0,Female,0,20.41,131.92,One year,DSL,Bank transfer,No,3,No,Yes,Yes
CUST02167,69.0,Male,9,21.12,394.45,Two year,DSL,Credit card,Yes,1,Yes,No,No
CUST02168,46.0,Female,3,61.66,2755.45,Two year,DSL,Bank transfer,No,3,Yes,No,No
CUST02169,32.0,Male,8,35.53,796.58,Month-to-month,No,Credit card,No,2,No,No,No
CUST02170,60.0,Male,9,86.45,10188.8,Two year,Fiber optic,Electronic check,Yes,3,No,Yes,Yes
CUST02171,56.0,Female,0,20.41,131.92,One year,DSL,Bank transfer,No,3,No,Yes,Yes
CUST02172,69.0,Male,9,21.12,394.45,Two year,DSL,Credit card,Yes,1,Yes,No,No
CUST02173,46.0,Female,3,61.66,2755.45,Two year,DSL,Bank transfer,No,3,Yes,No,No
CUST02174,32.0,Male,8,35.53,796.58,Month-to-month,No,Credit card,No,2,No,No,No
CUST02175,60.0,Male,9,86.45,10188.8,Two year,Fiber optic,Electronic check,Yes,3,No,Yes,Yes
CUST02176,56.0,Female,0,20.41,131.92,One year,DSL,Bank transfer,No,3,No,Yes,Yes
CUST02177,69.0,Male,9,21.12,394.45,Two year,DSL,Credit card,Yes,1,Yes,No,No
CUST02178,46.0,Female,3,61.66,2755.45,Two year,DSL,Bank transfer,No,3,Yes,No,No
CUST02179,32.0,Male,8,35.53,796.58,Month-to-month,No,Credit card,No,2,No,No,No
CUST02180,60.0,Male,9,86.45,10188.8,Two year,Fiber optic,Electronic check,Yes,3,No,Yes,Yes
CUST02181,56.0,Female,0,20.41,131.92,One year,DSL,Bank transfer,No,3,No,Yes,Yes
CUST02182,69.0,Male,9,21.12,394.45,Two year,DSL,Credit card,Yes,1,Yes,No,No
CUST02183,46.0,Female,3,61.66,2755.45,Two year,DSL,Bank transfer,No,3,Yes,No,No
CUST02184,32.0,Male,8,35.53,796.58,Month-to-month,No,Credit card,No,2,No,No,No
CUST02185,60.0,Male,9,86.45,10188.8,Two year,Fiber optic,Electronic check,Yes,3,No,Yes,Yes
CUST02186,56.0,Female,0,20.41,131.92,One year,DSL,Bank transfer,No,3,No,Yes,Yes
CUST02187,69.0,Male,9,21.12,394.45,Two year,DSL,Credit card,Yes,1,Yes,No,No
CUST02188,46.0,Female,3,61.66,2755.45,Two year,DSL,Bank transfer,No,3,Yes,No,No
CUST02189,32.0,Male,8,35.53,796.58,Month-to-month,No,Credit card,No,2,No,No,No
CUST02190,60.0,Male,9,86.45,10188.8,Two year,Fiber optic,Electronic check,Yes,3,No,Yes,Yes
CUST02191,56.0,Female,0,20.41,131.92,One year,DSL,Bank transfer,No,3,No,Yes,Yes
CUST02192,69.0,Male,9,21.12,394.45,Two year,DSL,Credit card,Yes,1,Yes,No,No
CUST02193,46.0,Female,3,61.66,2755.45,Two year,DSL,Bank transfer,No,3,Yes,No,No
CUST02194,32.0,Male,8,35.53,796.58,Month-to-month,No,Credit card,No,2,No,No,No
CUST02195,60.0,Male,9,86.45,10188.8,Two year,Fiber optic,Electronic check,Yes,3,No,Yes,Yes
CUST02196,56.0,Female,0,20.41,131.92,One year,DSL,Bank transfer,No,3,No,Yes,Yes
CUST02197,69.0,Male,9,21.12,394.45,Two year,DSL,Credit card,Yes,1,Yes,No,No
CUST02198,46.0,Female,3,61.66,2755.45,Two year,DSL,Bank transfer,No,3,Yes,No,No
CUST02199,32.0,Male,8,35.53,796.58,Month-to-month,No,Credit card,No,2,No,No,No
CUST02200,60.0,Male,9,86.45,10188.8,Two year,Fiber optic,Electronic check,Yes,3,No,Yes,Yes
CUST02201,56.0,Female,0,20.41,131.92,One year,DSL,Bank transfer,No,3,No,Yes,Yes
CUST02202,69.0,Male,9,21.12,394.45,Two year,DSL,Credit card,Yes,1,Yes,No,No
CUST02203,46.0,Female,3,61.66,2755.45,Two year,DSL,Bank transfer,No,3,Yes,No,No
CUST02204,32.0,Male,8,35.53,796.58,Month-to-month,No,Credit card,No,2,No,No,No
CUST02205,60.0,Male,9,86.45,10188.8,Two year,Fiber optic,Electronic check,Yes,3,No,Yes,Yes
CUST02206,56.0,Female,0,20.41,131.92,One year,DSL,Bank transfer,No,3,No,Yes,Yes
CUST02207,69.0,Male,9,21.12,394.45,Two year,DSL,Credit card,Yes,1,Yes,No,No
CUST02208,46.0,Female,3,61.66,2755.45,Two year,DSL,Bank transfer,No,3,Yes,No,No
CUST02209,32.0,Male,8,35.53,796.58,Month-to-month,No,Credit card,No,2,No,No,No
CUST02210,60.0,Male,9,86.45,10188.8,Two year,Fiber optic,Electronic check,Yes,3,No,Yes,Yes
CUST02211,56.0,Female,0,20.41,131.92,One year,DSL,Bank transfer,No,3,No,Yes,Yes
CUST02212,69.0,Male,9,21.12,394.45,Two year,DSL,Credit card,Yes,1,Yes,No,No
CUST02213,46.0,Female,3,61.66,2755.45,Two year,DSL,Bank transfer,No,3,Yes,No,No
CUST02214,32.0,Male,8,35.53,796.58,Month-to-month,No,Credit card,No,2,No,No,No
CUST02215,60.0,Male,9,86.45,10188.8,Two year,Fiber optic,Electronic check,Yes,3,No,Yes,Yes
CUST02216,56.0,Female,0,20.41,131.92,One year,DSL,Bank transfer,No,3,No,Yes,Yes
CUST02217,69.0,Male,9,21.12,394.45,Two year,DSL,Credit card,Yes,1,Yes,No,No
CUST02218,46.0,Female,3,61.66,2755.45,Two year,DSL,Bank transfer,No,3,Yes,No,No
CUST02219,32.0,Male,8,35.53,796.58,Month-to-month,No,Credit card,No,2,No,No,No
CUST02220,60.0,Male,9,86.45,10188.8,Two year,Fiber optic,Electronic check,Yes,3,No,Yes,Yes
CUST02221,56.0,Female,0,20.41,131.92,One year,DSL,Bank transfer,No,3,No,Yes,Yes
CUST02222,69.0,Male,9,21.12,394.45,Two year,DSL,Credit card,Yes,1,Yes,No,No
CUST02223,46.0,Female,3,61.66,2755.45,Two year,DSL,Bank transfer,No,3,Yes,No,No
CUST02224,32.0,Male,8,35.53,796.58,Month-to-month,No,Credit card,No,2,No,No,No
CUST02225,60.0,Male,9,86.45,10188.8,Two year,Fiber optic,Electronic check,Yes,3,No,Yes,Yes
CUST02226,56.0,Female,0,20.41,131.92,One year,DSL,Bank transfer,No,3,No,Yes,Yes
CUST02227,69.0,Male,9,21.12,394.45,Two year,DSL,Credit card,Yes,1,Yes,No,No
CUST02228,46.0,Female,3,61.66,2755.45,Two year,DSL,Bank transfer,No,3,Yes,No,No
CUST02229,32.0,Male,8,35.53,796.58,Month-to-month,No,Credit card,No,2,No,No,No
CUST02230,60.0,Male,9,86.45,10188.8,Two year,Fiber optic,Electronic check,Yes,3,No,Yes,Yes
CUST02231,56.0,Female,0,20.41,131.92,One year,DSL,Bank transfer,No,3,No,Yes,Yes
CUST02232,69.0,Male,9,21.12,394.45,Two year,DSL,Credit card,Yes,1,Yes,No,No
CUST02233,46.0,Female,3,61.66,2755.45,Two year,DSL,Bank transfer,No,3,Yes,No,No
CUST02234,32.0,Male,8,35.53,796.58,Month-to-month,No,Credit card,No,2,No,No,No
CUST02235,60.0,Male,9,86.45,10188.8,Two year,Fiber optic,Electronic check,Yes,3,No,Yes,Yes
CUST02236,56.0,Female,0,20.41,131.92,One year,DSL,Bank transfer,No,3,No,Yes,Yes
CUST02237,69.0,Male,9,21.12,394.45,Two year,DSL,Credit card,Yes,1,Yes,No,No
CUST02238,46.0,Female,3,61.66,2755.45,Two year,DSL,Bank transfer,No,3,Yes,No,No
CUST02239,32.0,Male,8,35.53,796.58,Month-to-month,No,Credit card,No,2,No,No,No
CUST02240,60.0,Male,9,86.45,10188.8,Two year,Fiber optic,Electronic check,Yes,3,No,Yes,Yes
CUST02241,56.0,Female,0,20.41,131.92,One year,DSL,Bank transfer,No,3,No,Yes,Yes
CUST02242,69.0,Male,9,21.12,394.45,Two year,DSL,Credit card,Yes,1,Yes,No,No
CUST02243,46.0,Female,3,61.66,2755.45,Two year,DSL,Bank transfer,No,3,Yes,No,No
CUST02244,32.0,Male,8,35.53,796.58,Month-to-month,No,Credit card,No,2,No,No,No
CUST02245,60.0,Male,9,86.45,10188.8,Two year,Fiber optic,Electronic check,Yes,3,No,Yes,Yes
CUST02246,56.0,Female,0,20.41,131.92,One year,DSL,Bank transfer,No,3,No,Yes,Yes
CUST02247,69.0,Male,9,21.12,394.45,Two year,DSL,Credit card,Yes,1,Yes,No,No
CUST02248,46.0,Female,3,61.66,2755.45,Two year,DSL,Bank transfer,No,3,Yes,No,No
CUST02249,32.0,Male,8,35.53,796.58,Month-to-month,No,Credit card,No,2,No,No,No
CUST02250,60.0,Male,9,86.45,10188.8,Two year,Fiber optic,Electronic check,Yes,3,No,Yes,Yes
CUST02251,56.0,Female,0,20.41,131.92,One year,DSL,Bank transfer,No,3,No,Yes,Yes
CUST02252,69.0,Male,9,21.12,394.45,Two year,DSL,Credit card,Yes,1,Yes,No,No
CUST02253,46.0,Female,3,61.66,2755.45,Two year,DSL,Bank transfer,No,3,Yes,No,No
CUST02254,32.0,Male,8,35.53,796.58,Month-to-month,No,Credit card,No,2,No,No,No
CUST02255,60.0,Male,9,86.45,10188.8,Two year,Fiber optic,Electronic check,Yes,3,No,Yes,Yes
CUST02256,56.0,Female,0,20.41,131.92,One year,DSL,Bank transfer,No,3,No,Yes,Yes
CUST02257,69.0,Male,9,21.12,394.45,Two year,DSL,Credit card,Yes,1,Yes,No,No
CUST02258,46.0,Female,3,61.66,2755.45,Two year,DSL,Bank transfer,No,3,Yes,No,No
CUST02259,32.0,Male,8,35.53,796.58,Month-to-month,No,Credit card,No,2,No,No,No
CUST02260,60.0,Male,9,86.45,10188.8,Two year,Fiber optic,Electronic check,Yes,3,No,Yes,Yes
CUST02261,56.0,Female,0,20.41,131.92,One year,DSL,Bank transfer,No,3,No,Yes,Yes
CUST02262,69.0,Male,9,21.12,394.45,Two year,DSL,Credit card,Yes,1,Yes,No,No
CUST02263,46.0,Female,3,61.66,2755.45,Two year,DSL,Bank transfer,No,3,Yes,No,No
CUST02264,32.0,Male,8,35.53,796.58,Month-to-month,No,Credit card,No,2,No,No,No
CUST02265,60.0,Male,9,86.45,10188.8,Two year,Fiber optic,Electronic check,Yes,3,No,Yes,Yes
CUST02266,56.0,Female,0,20.41,131.92,One year,DSL,Bank transfer,No,3,No,Yes,Yes
CUST02267,69.0,Male,9,21.12,394.45,Two year,DSL,Credit card,Yes,1,Yes,No,No
CUST02268,46.0,Female,3,61.66,2755.45,Two year,DSL,Bank transfer,No,3,Yes,No,No
CUST02269,32.0,Male,8,35.53,796.58,Month-to-month,No,Credit card,No,2,No,No,No
CUST02270,60.0,Male,9,86.45,10188.8,Two year,Fiber optic,Electronic check,Yes,3,No,Yes,Yes
CUST02271,56.0,Female,0,20.41,131.92,One year,DSL,Bank transfer,No,3,No,Yes,Yes
CUST02272,69.0,Male,9,21.12,394.45,Two year,DSL,Credit card,Yes,1,Yes,No,No
CUST02273,46.0,Female,3,61.66,2755.45,Two year,DSL,Bank transfer,No,3,Yes,No,No
CUST02274,32.0,Male,8,35.53,796.58,Month-to-month,No,Credit card,No,2,No,No,No
CUST02275,60.0,Male,9,86.45,10188.8,Two year,Fiber optic,Electronic check,Yes,3,No,Yes,Yes
CUST02276,56.0,Female,0,20.41,131.92,One year,DSL,Bank transfer,No,3,No,Yes,Yes
CUST02277,69.0,Male,9,21.12,394.45,Two year,DSL,Credit card,Yes,1,Yes,No,No
CUST02278,46.0,Female,3,61.66,2755.45,Two year,DSL,Bank transfer,No,3,Yes,No,No
CUST02279,32.0,Male,8,35.53,796.58,Month-to-month,No,Credit card,No,2,No,No,No
CUST02280,60.0,Male,9,86.45,10188.8,Two year,Fiber optic,Electronic check,Yes,3,No,Yes,Yes
CUST02281,56.0,Female,0,20.41,131.92,One year,DSL,Bank transfer,No,3,No,Yes,Yes
CUST02282,69.0,Male,9,21.12,394.45,Two year,DSL,Credit card,Yes,1,Yes,No,No
CUST02283,46.0,Female,3,61.66,2755.45,Two year,DSL,Bank transfer,No,3,Yes,No,No
CUST02284,32.0,Male,8,35.53,796.58,Month-to-month,No,Credit card,No,2,No,No,No
CUST02285,60.0,Male,9,86.45,10188.8,Two year,Fiber optic,Electronic check,Yes,3,No,Yes,Yes
CUST02286,56.0,Female,0,20.41,131.92,One year,DSL,Bank transfer,No,3,No,Yes,Yes
CUST02287,69.0,Male,9,21.12,394.45,Two year,DSL,Credit card,Yes,1,Yes,No,No
CUST02288,46.0,Female,3,61.66,2755.45,Two year,DSL,Bank transfer,No,3,Yes,No,No
CUST02289,32.0,Male,8,35.53,796.58,Month-to-month,No,Credit card,No,2,No,No,No
CUST02290,60.0,Male,9,86.45,10188.8,Two year,Fiber optic,Electronic check,Yes,3,No,Yes,Yes
CUST02291,56.0,Female,0,20.41,131.92,One year,DSL,Bank transfer,No,3,No,Yes,Yes
CUST02292,69.0,Male,9,21.12,394.45,Two year,DSL,Credit card,Yes,1,Yes,No,No
CUST02293,46.0,Female,3,61.66,2755.45,Two year,DSL,Bank transfer,No,3,Yes,No,No
CUST02294,32.0,Male,8,35.53,796.58,Month-to-month,No,Credit card,No,2,No,No,No
CUST02295,60.0,Male,9,86.45,10188.8,Two year,Fiber optic,Electronic check,Yes,3,No,Yes,Yes
CUST02296,56.0,Female,0,20.41,131.92,One year,DSL,Bank transfer,No,3,No,Yes,Yes
CUST02297,69.0,Male,9,21.12,394.45,Two year,DSL,Credit card,Yes,1,Yes,No,No
CUST02298,46.0,Female,3,61.66,2755.45,Two year,DSL,Bank transfer,No,3,Yes,No,No
CUST02299,32.0,Male,8,35.53,796.58,Month-to-month,No,Credit card,No,2,No,No,No
CUST02300,60.0,Male,9,86.45,10188.8,Two year,Fiber optic,Electronic check,Yes,3,No,Yes,Yes
CUST02301,56.0,Female,0,20.41,131.92,One year,DSL,Bank transfer,No,3,No,Yes,Yes
CUST02302,69.0,Male,9,21.12,394.45,Two year,DSL,Credit card,Yes,1,Yes,No,No
CUST02303,46.0,Female,3,61.66,2755.45,Two year,DSL,Bank transfer,No,3,Yes,No,No
CUST02304,32.0,Male,8,35.53,796.58,Month-to-month,No,Credit card,No,2,No,No,No
CUST02305,60.0,Male,9,86.45,10188.8,Two year,Fiber optic,Electronic check,Yes,3,No,Yes,Yes
CUST02306,56.0,Female,0,20.41,131.92,One year,DSL,Bank transfer,No,3,No,Yes,Yes
CUST02307,69.0,Male,9,21.12,394.45,Two year,DSL,Credit card,Yes,1,Yes,No,No
CUST02308,46.0,Female,3,61.66,2755.45,Two year,DSL,Bank transfer,No,3,Yes,No,No
CUST02309,32.0,Male,8,35.53,796.58,Month-to-month,No,Credit card,No,2,No,No,No
CUST02310,60.0,Male,9,86.45,10188.8,Two year,Fiber optic,Electronic check,Yes,3,No,Yes,Yes
CUST02311,56.0,Female,0,20.41,131.92,One year,DSL,Bank transfer,No,3,No,Yes,Yes
CUST02312,69.0,Male,9,21.12,394.45,Two year,DSL,Credit card,Yes,1,Yes,No,No
CUST02313,46.0,Female,3,61.66,2755.45,Two year,DSL,Bank transfer,No,3,Yes,No,No
CUST02314,32.0,Male,8,35.53,796.58,Month-to-month,No,Credit card,No,2,No,No,No
CUST02315,60.0,Male,9,86.45,10188.8,Two year,Fiber optic,Electronic check,Yes,3,No,Yes,Yes
CUST02316,56.0,Female,0,20.41,131.92,One year,DSL,Bank transfer,No,3,No,Yes,Yes
CUST02317,69.0,Male,9,21.12,394.45,Two year,DSL,Credit card,Yes,1,Yes,No,No
CUST02318,46.0,Female,3,61.66,2755.45,Two year,DSL,Bank transfer,No,3,Yes,No,No
CUST02319,32.0,Male,8,35.53,796.58,Month-to-month,No,Credit card,No,2,No,No,No
CUST02320,60.0,Male,9,86.45,10188.8,Two year,Fiber optic,Electronic check,Yes,3,No,Yes,Yes
CUST02321,56.0,Female,0,20.41,131.92,One year,DSL,Bank transfer,No,3,No,Yes,Yes
CUST02322,69.0,Male,9,21.12,394.45,Two year,DSL,Credit card,Yes,1,Yes,No,No
CUST02323,46.0,Female,3,61.66,2755.45,Two year,DSL,Bank transfer,No,3,Yes,No,No
CUST02324,32.0,Male,8,35.53,796.58,Month-to-month,No,Credit card,No,2,No,No,No
CUST02325,60.0,Male,9,86.45,10188.8,Two year,Fiber optic,Electronic check,Yes,3,No,Yes,Yes
CUST02326,56.0,Female,0,20.41,131.92,One year,DSL,Bank transfer,No,3,No,Yes,Yes
CUST02327,69.0,Male,9,21.12,394.45,Two year,DSL,Credit card,Yes,1,Yes,No,No
CUST02328,46.0,Female,3,61.66,2755.45,Two year,DSL,Bank transfer,No,3,Yes,No,No
CUST02329,32.0,Male,8,35.53,796.58,Month-to-month,No,Credit card,No,2,No,No,No
CUST02330,60.0,Male,9,86.45,10188.8,Two year,Fiber optic,Electronic check,Yes,3,No,Yes,Yes
CUST02331,56.0,Female,0,20.41,131.92,One year,DSL,Bank transfer,No,3,No,Yes,Yes
CUST02332,69.0,Male,9,21.12,394.45,Two year,DSL,Credit card,Yes,1,Yes,No,No
CUST02333,46.0,Female,3,61.66,2755.45,Two year,DSL,Bank transfer,No,3,Yes,No,No
CUST02334,32.0,Male,8,35.53,796.58,Month-to-month,No,Credit card,No,2,No,No,No
CUST02335,60.0,Male,9,86.45,10188.8,Two year,Fiber optic,Electronic check,Yes,3,No,Yes,Yes
CUST02336,56.0,Female,0,20.41,131.92,One year,DSL,Bank transfer,No,3,No,Yes,Yes
CUST02337,69.0,Male,9,21.12,394.45,Two year,DSL,Credit card,Yes,1,Yes,No,No
CUST02338,46.0,Female,3,61.66,2755.45,Two year,DSL,Bank transfer,No,3,Yes,No,No
CUST02339,32.0,Male,8,35.53,796.58,Month-to-month,No,Credit card,No,2,No,No,No
CUST02340,60.0,Male,9,86.45,10188.8,Two year,Fiber optic,Electronic check,Yes,3,No,Yes,Yes
CUST02341,56.0,Female,0,20.41,131.92,One year,DSL,Bank transfer,No,3,No,Yes,Yes
CUST02342,69.0,Male,9,21.12,394.45,Two year,DSL,Credit card,Yes,1,Yes,No,No
CUST02343,46.0,Female,3,61.66,2755.45,Two year,DSL,Bank transfer,No,3,Yes,No,No
CUST02344,32.0,Male,8,35.53,796.58,Month-to-month,No,Credit card,No,2,No,No,No
CUST02345,60.0,Male,9,86.45,10188.8,Two year,Fiber optic,Electronic check,Yes,3,No,Yes,Yes
CUST02346,56.0,Female,0,20.41,131.92,One year,DSL,Bank transfer,No,3,No,Yes,Yes
CUST02347,69.0,Male,9,21.12,394.45,Two year,DSL,Credit card,Yes,1,Yes,No,No
CUST02348,46.0,Female,3,61.66,2755.45,Two year,DSL,Bank transfer,No,3,Yes,No,No
CUST02349,32.0,Male,8,35.53,796.58,Month-to-month,No,Credit card,No,2,No,No,No
CUST02350,60.0,Male,9,86.45,10188.8,Two year,Fiber optic,Electronic check,Yes,3,No,Yes,Yes
CUST02351,56.0,Female,0,20.41,131.92,One year,DSL,Bank transfer,No,3,No,Yes,Yes
CUST02352,69.0,Male,9,21.12,394.45,Two year,DSL,Credit card,Yes,1,Yes,No,No
CUST02353,46.0,Female,3,61.66,2755.45,Two year,DSL,Bank transfer,No,3,Yes,No,No
CUST02354,32.0,Male,8,35.53,796.58,Month-to-month,No,Credit card,No,2,No,No,No
CUST02355,60.0,Male,9,86.45,10188.8,Two year,Fiber optic,Electronic check,Yes,3,No,Yes,Yes
CUST02356,56.0,Female,0,20.41,131.92,One year,DSL,Bank transfer,No,3,No,Yes,Yes
CUST02357,69.0,Male,9,21.12,394.45,Two year,DSL,Credit card,Yes,1,Yes,No,No
CUST02358,46.0,Female,3,61.66,2755.45,Two year,DSL,Bank transfer,No,3,Yes,No,No
CUST02359,32.0,Male,8,35.53,796.58,Month-to-month,No,Credit card,No,2,No,No,No
CUST02360,60.0,Male,9,86.45,10188.8,Two year,Fiber optic,Electronic check,Yes,3,No,Yes,Yes
CUST02361,56.0,Female,0,20.41,131.92,One year,DSL,Bank transfer,No,3,No,Yes,Yes
CUST02362,69.0,Male,9,21.12,394.45,Two year,DSL,Credit card,Yes,1,Yes,No,No
CUST02363,46.0,Female,3,61.66,2755.45,Two year,DSL,Bank transfer,No,3,Yes,No,No
CUST02364,32.0,Male,8,35.53,796.58,Month-to-month,No,Credit card,No,2,No,No,No
CUST02365,60.0,Male,9,86.45,10188.8,Two year,Fiber optic,Electronic check,Yes,3,No,Yes,Yes
CUST02366,56.0,Female,0,20.41,131.92,One year,DSL,Bank transfer,No,3,No,Yes,Yes
CUST02367,69.0,Male,9,21.12,394.45,Two year,DSL,Credit card,Yes,1,Yes,No,No
CUST02368,46.0,Female,3,61.66,2755.45,Two year,DSL,Bank transfer,No,3,Yes,No,No
CUST02369,32.0,Male,8,35.53,796.58,Month-to-month,No,Credit card,No,2,No,No,No
CUST02370,60.0,Male,9,86.45,10188.8,Two year,Fiber optic,Electronic check,Yes,3,No,Yes,Yes
CUST02371,56.0,Female,0,20.41,131.92,One year,DSL,Bank transfer,No,3,No,Yes,Yes
CUST02372,69.0,Male,9,21.12,394.45,Two year,DSL,Credit card,Yes,1,Yes,No,No
CUST02373,46.0,Female,3,61.66,2755.45,Two year,DSL,Bank transfer,No,3,Yes,No,No
CUST02374,32.0,Male,8,35.53,796.58,Month-to-month,No,Credit card,No,2,No,No,No
CUST02375,60.0,Male,9,86.45,10188.8,Two year,Fiber optic,Electronic check,Yes,3,No,Yes,Yes
CUST02376,56.0,Female,0,20.41,131.92,One year,DSL,Bank transfer,No,3,No,Yes,Yes
CUST02377,69.0,Male,9,21.12,394.45,Two year,DSL,Credit card,Yes,1,Yes,No,No
CUST02378,46.0,Female,3,61.66,2755.45,Two year,DSL,Bank transfer,No,3,Yes,No,No
CUST02379,32.0,Male,8,35.53,796.58,Month-to-month,No,Credit card,No,2,No,No,No
CUST02380,60.0,Male,9,86.45,10188.8,Two year,Fiber optic,Electronic check,Yes,3,No,Yes,Yes
CUST02381,56.0,Female,0,20.41,131.92,One year,DSL,Bank transfer,No,3,No,Yes,Yes
CUST02382,69.0,Male,9,21.12,394.45,Two year,DSL,Credit card,Yes,1,Yes,No,No
CUST02383,46.0,Female,3,61.66,2755.45,Two year,DSL,Bank transfer,No,3,Yes,No,No
CUST02384,32.0,Male,8,35.53,796.58,Month-to-month,No,Credit card,No,2,No,No,No
CUST02385,60.0,Male,9,86.45,10188.8,Two year,Fiber optic,Electronic check,Yes,3,No,Yes,Yes
CUST02386,56.0,Female,0,20.41,131.92,One year,DSL,Bank transfer,No,3,No,Yes,Yes
CUST02387,69.0,Male,9,21.12,394.45,Two year,DSL,Credit card,Yes,1,Yes,No,No
CUST02388,46.0,Female,3,61.66,2755.45,Two year,DSL,Bank transfer,No,3,Yes,No,No
CUST02389,32.0,Male,8,35.53,796.58,Month-to-month,No,Credit card,No,2,No,No,No
CUST02390,60.0,Male,9,86.45,10188.8,Two year,Fiber optic,Electronic check,Yes,3,No,Yes,Yes
CUST02391,56.0,Female,0,20.41,131.92,One year,DSL,Bank transfer,No,3,No,Yes,Yes
CUST02392,69.0,Male,9,21.12,394.45,Two year,DSL,Credit card,Yes,1,Yes,No,No
CUST02393,46.0,Female,3,61.66,2755.45,Two year,DSL,Bank transfer,No,3,Yes,No,No
CUST02394,32.0,Male,8,35.53,796.58,Month-to-month,No,Credit card,No,2,No,No,No
CUST02395,60.0,Male,9,86.45,10188.8,Two year,Fiber optic,Electronic check,Yes,3,No,Yes,Yes
CUST02396,56.0,Female,0,20.41,131.92,One year,DSL,Bank transfer,No,3,No,Yes,Yes
CUST02397,69.0,Male,9,21.12,394.45,Two year,DSL,Credit card,Yes,1,Yes,No,No
CUST02398,46.0,Female,3,61.66,2755.45,Two year,DSL,Bank transfer,No,3,Yes,No,No
CUST02399,32.0,Male,8,35.53,796.58,Month-to-month,No,Credit card,No,2,No,No,No
CUST02400,60.0,Male,9,86.45,10188.8,Two year,Fiber optic,Electronic check,Yes,3,No,Yes,Yes
CUST02401,56.0,Female,0,20.41,131.92,One year,DSL,Bank transfer,No,3,No,Yes,Yes
CUST02402,69.0,Male,9,21.12,394.45,Two year,DSL,Credit card,Yes,1,Yes,No,No
CUST02403,46.0,Female,3,61.66,2755.45,Two year,DSL,Bank transfer,No,3,Yes,No,No
CUST02404,32.0,Male,8,35.53,796.58,Month-to-month,No,Credit card,No,2,No,No,No
CUST02405,60.0,Male,9,86.45,10188.8,Two year,Fiber optic,Electronic check,Yes,3,No,Yes,Yes
CUST02406,56.0,Female,0,20.41,131.92,One year,DSL,Bank transfer,No,3,No,Yes,Yes
CUST02407,69.0,Male,9,21.12,394.45,Two year,DSL,Credit card,Yes,1,Yes,No,No
CUST02408,46.0,Female,3,61.66,2755.45,Two year,DSL,Bank transfer,No,3,Yes,No,No
CUST02409,32.0,Male,8,35.53,796.58,Month-to-month,No,Credit card,No,2,No,No,No
CUST02410,60.0,Male,9,86.45,10188.8,Two year,Fiber optic,Electronic check,Yes,3,No,Yes,Yes
CUST02411,56.0,Female,0,20.41,131.92,One year,DSL,Bank transfer,No,3,No,Yes,Yes
CUST02412,69.0,Male,9,21.12,394.45,Two year,DSL,Credit card,Yes,1,Yes,No,No
CUST02413,46.0,Female,3,61.66,2755.45,Two year,DSL,Bank transfer,No,3,Yes,No,No
CUST02414,32.0,Male,8,35.53,796.58,Month-to-month,No,Credit card,No,2,No,No,No
CUST02415,60.0,Male,9,86.45,10188.8,Two year,Fiber optic,Electronic check,Yes,3,No,Yes,Yes
CUST02416,56.0,Female,0,20.41,131.92,One year,DSL,Bank transfer,No,3,No,Yes,Yes
CUST02417,69.0,Male,9,21.12,394.45,Two year,DSL,Credit card,Yes,1,Yes,No,No
CUST02418,46.0,Female,3,61.66,2755.45,Two year,DSL,Bank transfer,No,3,Yes,No,No
CUST02419,32.0,Male,8,35.53,796.58,Month-to-month,No,Credit card,No,2,No,No,No
CUST02420,60.0,Male,9,86.45,10188.8,Two year,Fiber optic,Electronic check,Yes,3,No,Yes,Yes
CUST02421,56.0,Female,0,20.41,131.92,One year,DSL,Bank transfer,No,3,No,Yes,Yes
CUST02422,69.0,Male,9,21.12,394.45,Two year,DSL,Credit card,Yes,1,Yes,No,No
CUST02423,46.0,Female,3,61.66,2755.45,Two year,DSL,Bank transfer,No,3,Yes,No,No
CUST02424,32.0,Male,8,35.53,796.58,Month-to-month,No,Credit card,No,2,No,No,No
CUST02425,60.0,Male,9,86.45,10188.8,Two year,Fiber optic,Electronic check,Yes,3,No,Yes,Yes
CUST02426,56.0,Female,0,20.41,131.92,One year,DSL,Bank transfer,No,3,No,Yes,Yes
CUST02427,69.0,Male,9,21.12,394.45,Two year,DSL,Credit card,Yes,1,Yes,No,No
CUST02428,46.0,Female,3,61.66,2755.45,Two year,DSL,Bank transfer,No,3,Yes,No,No
CUST02429,32.0,Male,8,35.53,796.58,Month-to-month,No,Credit card,No,2,No,No,No
CUST02430,60.0,Male,9,86.45,10188.8,Two year,Fiber optic,Electronic check,Yes,3,No,Yes,Yes
CUST02431,56.0,Female,0,20.41,131.92,One year,DSL,Bank transfer,No,3,No,Yes,Yes
CUST02432,69.0,Male,9,21.12,394.45,Two year,DSL,Credit card,Yes,1,Yes,No,No
CUST02433,46.0,Female,3,61.66,2755.45,Two year,DSL,Bank transfer,No,3,Yes,No,No
CUST02434,32.0,Male,8,35.53,796.58,Month-to-month,No,Credit card,No,2,No,No,No
CUST02435,60.0,Male,9,86.45,10188.8,Two year,Fiber optic,Electronic check,Yes,3,No,Yes,Yes
CUST02436,56.0,Female,0,20.41,131.92,One year,DSL,Bank transfer,No,3,No,Yes,Yes
CUST02437,69.0,Male,9,21.12,394.45,Two year,DSL,Credit card,Yes,1,Yes,No,No
CUST02438,46.0,Female,3,61.66,2755.45,Two year,DSL,Bank transfer,No,3,Yes,No,No
CUST02439,32.0,Male,8,35.53,796.58,Month-to-month,No,Credit card,No,2,No,No,No
CUST02440,60.0,Male,9,86.45,10188.8,Two year,Fiber optic,Electronic check,Yes,3,No,Yes,Yes
CUST02441,56.0,Female,0,20.41,131.92,One year,DSL,Bank transfer,No,3,No,Yes,Yes
CUST02442,69.0,Male,9,21.12,394.45,Two year,DSL,Credit card,Yes,1,Yes,No,No
CUST02443,46.0,Female,3,61.66,2755.45,Two year,DSL,Bank transfer,No,3,Yes,No,No
CUST02444,32.0,Male,8,35.53,796.58,Month-to-month,No,Credit card,No,2,No,No,No
CUST02445,60.0,Male,9,86.45,10188.8,Two year,Fiber optic,Electronic check,Yes,3,No,Yes,Yes
CUST02446,56.0,Female,0,20.41,131.92,One year,DSL,Bank transfer,No,3,No,Yes,Yes
CUST02447,69.0,Male,9,21.12,394.45,Two year,DSL,Credit card,Yes,1,Yes,No,No
CUST02448,46.0,Female,3,61.66,2755.45,Two year,DSL,Bank transfer,No,3,Yes,No,No
CUST02449,32.0,Male,8,35.53,796.58,Month-to-month,No,Credit card,No,2,No,No,No
CUST02450,60.0,Male,9,86.45,10188.8,Two year,Fiber optic,Electronic check,Yes,3,No,Yes,Yes
CUST02451,56.0,Female,0,20.41,131.92,One year,DSL,Bank transfer,No,3,No,Yes,Yes
CUST02452,69.0,Male,9,21.12,394.45,Two year,DSL,Credit card,Yes,1,Yes,No,No
CUST02453,46.0,Female,3,61.66,2755.45,Two year,DSL,Bank transfer,No,3,Yes,No,No
CUST02454,32.0,Male,8,35.53,796.58,Month-to-month,No,Credit card,No,2,No,No,No
CUST02455,60.0,Male,9,86.45,10188.8,Two year,Fiber optic,Electronic check,Yes,3,No,Yes,Yes
CUST02456,56.0,Female,0,20.41,131.92,One year,DSL,Bank transfer,No,3,No,Yes,Yes
CUST02457,69.0,Male,9,21.12,394.45,Two year,DSL,Credit card,Yes,1,Yes,No,No
CUST02458,46.0,Female,3,61.66,2755.45,Two year,DSL,Bank transfer,No,3,Yes,No,No
CUST02459,32.0,Male,8,35.53,796.58,Month-to-month,No,Credit card,No,2,No,No,No
CUST02460,60.0,Male,9,86.45,10188.8,Two year,Fiber optic,Electronic check,Yes,3,No,Yes,Yes
CUST02461,56.0,Female,0,20.41,131.92,One year,DSL,Bank transfer,No,3,No,Yes,Yes
CUST02462,69.0,Male,9,21.12,394.45,Two year,DSL,Credit card,Yes,1,Yes,No,No
CUST02463,46.0,Female,3,61.66,2755.45,Two year,DSL,Bank transfer,No,3,Yes,No,No
CUST02464,32.0,Male,8,35.53,796.58,Month-to-month,No,Credit card,No,2,No,No,No
CUST02465,60.0,Male,9,86.45,10188.8,Two year,Fiber optic,Electronic check,Yes,3,No,Yes,Yes
CUST02466,56.0,Female,0,20.41,131.92,One year,DSL,Bank transfer,No,3,No,Yes,Yes
CUST02467,69.0,Male,9,21.12,394.45,Two year,DSL,Credit card,Yes,1,Yes,No,No
CUST02468,46.0,Female,3,61.66,2755.45,Two year,DSL,Bank transfer,No,3,Yes,No,No
CUST02469,32.0,Male,8,35.53,796.58,Month-to-month,No,Credit card,No,2,No,No,No
CUST02470,60.0,Male,9,86.45,10188.8,Two year,Fiber optic,Electronic check,Yes,3,No,Yes,Yes
CUST02471,56.0,Female,0,20.41,131.92,One year,DSL,Bank transfer,No,3,No,Yes,Yes
CUST02472,69.0,Male,9,21.12,394.45,Two year,DSL,Credit card,Yes,1,Yes,No,No
CUST02473,46.0,Female,3,61.66,2755.45,Two year,DSL,Bank transfer,No,3,Yes,No,No
CUST02474,32.0,Male,8,35.53,796.58,Month-to-month,No,Credit card,No,2,No,No,No
CUST02475,60.0,Male,9,86.45,10188.8,Two year,Fiber optic,Electronic check,Yes,3,No,Yes,Yes
CUST02476,56.0,Female,0,20.41,131.92,One year,DSL,Bank transfer,No,3,No,Yes,Yes
CUST02477,69.0,Male,9,21.12,394.45,Two year,DSL,Credit card,Yes,1,Yes,No,No
CUST02478,46.0,Female,3,61.66,2755.45,Two year,DSL,Bank transfer,No,3,Yes,No,No
CUST02479,32.0,Male,8,35.53,796.58,Month-to-month,No,Credit card,No,2,No,No,No
CUST02480,60.0,Male,9,86.45,10188.8,Two year,Fiber optic,Electronic check,Yes,3,No,Yes,Yes
CUST02481,56.0,Female,0,20.41,131.92,One year,DSL,Bank transfer,No,3,No,Yes,Yes
CUST02482,69.0,Male,9,21.12,394.45,Two year,DSL,Credit card,Yes,1,Yes,No,No
CUST02483,46.0,Female,3,61.66,2755.45,Two year,DSL,Bank transfer,No,3,Yes,No,No
CUST02484,32.0,Male,8,35.53,796.58,Month-to-month,No,Credit card,No,2,No,No,No
CUST02485,60.0,Male,9,86.45,10188.8,Two year,Fiber optic,Electronic check,Yes,3,No,Yes,Yes
CUST02486,56.0,Female,0,20.41,131.92,One year,DSL,Bank transfer,No,3,No,Yes,Yes
CUST02487,69.0,Male,9,21.12,394.45,Two year,DSL,Credit card,Yes,1,Yes,No,No
CUST02488,46.0,Female,3,61.66,2755.45,Two year,DSL,Bank transfer,No,3,Yes,No,No
CUST02489,32.0,Male,8,35.53,796.58,Month-to-month,No,Credit card,No,2,No,No,No
CUST02490,60.0,Male,9,86.45,10188.8,Two year,Fiber optic,Electronic check,Yes,3,No,Yes,Yes
CUST02491,56.0,Female,0,20.41,131.92,One year,DSL,Bank transfer,No,3,No,Yes,Yes
CUST02492,69.0,Male,9,21.12,394.45,Two year,DSL,Credit card,Yes,1,Yes,No,No
CUST02493,46.0,Female,3,61.66,2755.45,Two year,DSL,Bank transfer,No,3,Yes,No,No
CUST02494,32.0,Male,8,35.53,796.58,Month-to-month,No,Credit card,No,2,No,No,No
CUST02495,60.0,Male,9,86.45,10188.8,Two year,Fiber optic,Electronic check,Yes,3,No,Yes,Yes
CUST02496,56.0,Female,0,20.41,131.92,One year,DSL,Bank transfer,No,3,No,Yes,Yes
CUST02497,69.0,Male,9,21.12,394.45,Two year,DSL,Credit card,Yes,1,Yes,No,No
CUST02498,46.0,Female,3,61.66,2755.45,Two year,DSL,Bank transfer,No,3,Yes,No,No
CUST02499,32.0,Male,8,35.53,796.58,Month-to-month,No,Credit card,No,2,No,No,No
CUST02500,60.0,Male,9,86.45,10188.8,Two year,Fiber optic,Electronic check,Yes,3,No,Yes,Yes
CUST02501,56.0,Female,0,20.41,131.92,One year,DSL,Bank transfer,No,3,No,Yes,Yes
CUST02502,69.0,Male,9,21.12,394.45,Two year,DSL,Credit card,Yes,1,Yes,No,No
CUST02503,46.0,Female,3,61.66,2755.45,Two year,DSL,Bank transfer,No,3,Yes,No,No
CUST02504,32.0,Male,8,35.53,796.58,Month-to-month,No,Credit card,No,2,No,No,No
CUST02505,60.0,Male,9,86.45,10188.8,Two year,Fiber optic,Electronic check,Yes,3,No,Yes,Yes
CUST02506,56.0,Female,0,20.41,131.92,One year,DSL,Bank transfer,No,3,No,Yes,Yes
CUST02507,69.0,Male,9,21.12,394.45,Two year,DSL,Credit card,Yes,1,Yes,No,No
CUST02508,46.0,Female,3,61.66,2755.45,Two year,DSL,Bank transfer,No,3,Yes,No,No
CUST02509,32.0,Male,8,35.53,796.58,Month-to-month,No,Credit card,No,2,No,No,No
CUST02510,60.0,Male,9,86.45,10188.8,Two year,Fiber optic,Electronic check,Yes,3,No,Yes,Yes
CUST02511,56.0,Female,0,20.41,131.92,One year,DSL,Bank transfer,No,3,No,Yes,Yes
CUST02512,69.0,Male,9,21.12,394.45,Two year,DSL,Credit card,Yes,1,Yes,No,No
CUST02513,46.0,Female,3,61.66,2755.45,Two year,DSL,Bank transfer,No,3,Yes,No,No
CUST02514,32.0,Male,8,35.53,796.58,Month-to-month,No,Credit card,No,2,No,No,No
CUST02515,60.0,Male,9,86.45,10188.8,Two year,Fiber optic,Electronic check,Yes,3,No,Yes,Yes
CUST02516,56.0,Female,0,20.41,131.92,One year,DSL,Bank transfer,No,3,No,Yes,Yes
CUST02517,69.0,Male,9,21.12,394.45,Two year,DSL,Credit card,Yes,1,Yes,No,No
CUST02518,46.0,Female,3,61.66,2755.45,Two year,DSL,Bank transfer,No,3,Yes,No,No
CUST02519,32.0,Male,8,35.53,796.58,Month-to-month,No,Credit card,No,2,No,No,No
CUST02520,60.0,Male,9,86.45,10188.8,Two year,Fiber optic,Electronic check,Yes,3,No,Yes,Yes
CUST02521,56.0,Female,0,20.41,131.92,One year,DSL,Bank transfer,No,3,No,Yes,Yes
CUST02522,69.0,Male,9,21.12,394.45,Two year,DSL,Credit card,Yes,1,Yes,No,No
CUST02523,46.0,Female,3,61.66,2755.45,Two year,DSL,Bank transfer,No,3,Yes,No,No
CUST02524,32.0,Male,8,35.53,796.58,Month-to-month,No,Credit card,No,2,No,No,No
CUST02525,60.0,Male,9,86.45,10188.8,Two year,Fiber optic,Electronic check,Yes,3,No,Yes,Yes
CUST02526,56.0,Female,0,20.41,131.92,One year,DSL,Bank transfer,No,3,No,Yes,Yes
CUST02527,69.0,Male,9,21.12,394.45,Two year,DSL,Credit card,Yes,1,Yes,No,No
CUST02528,46.0,Female,3,61.66,2755.45,Two year,DSL,Bank transfer,No,3,Yes,No,No
CUST02529,32.0,Male,8,35.53,796.58,Month-to-month,No,Credit card,No,2,No,No,No
CUST02530,60.0,Male,9,86.45,10188.8,Two year,Fiber optic,Electronic check,Yes,3,No,Yes,Yes
CUST02531,56.0,Female,0,20.41,131.92,One year,DSL,Bank transfer,No,3,No,Yes,Yes
CUST02532,69.0,Male,9,21.12,394.45,Two year,DSL,Credit card,Yes,1,Yes,No,No
CUST02533,46.0,Female,3,61.66,2755.45,Two year,DSL,Bank transfer,No,3,Yes,No,No
CUST02534,32.0,Male,8,35.53,796.58,Month-to-month,No,Credit card,No,2,No,No,No
CUST02535,60.0,Male,9,86.45,10188.8,Two year,Fiber optic,Electronic check,Yes,3,No,Yes,Yes
CUST02536,56.0,Female,0,20.41,131.92,One year,DSL,Bank transfer,No,3,No,Yes,Yes
CUST02537,69.0,Male,9,21.12,394.45,Two year,DSL,Credit card,Yes,1,Yes,No,No
CUST02538,46.0,Female,3,61.66,2755.45,Two year,DSL,Bank transfer,No,3,Yes,No,No
CUST02539,32.0,Male,8,35.53,796.58,Month-to-month,No,Credit card,No,2,No,No,No
CUST02540,60.0,Male,9,86.45,10188.8,Two year,Fiber optic,Electronic check,Yes,3,No,Yes,Yes
CUST02541,56.0,Female,0,20.41,131.92,One year,DSL,Bank transfer,No,3,No,Yes,Yes
CUST02542,69.0,Male,9,21.12,394.45,Two year,DSL,Credit card,Yes,1,Yes,No,No
CUST02543,46.0,Female,3,61.66,2755.45,Two year,DSL,Bank transfer,No,3,Yes,No,No
CUST02544,32.0,Male,8,35.53,796.58,Month-to-month,No,Credit card,No,2,No,No,No
CUST02545,60.0,Male,9,86.45,10188.8,Two year,Fiber optic,Electronic check,Yes,3,No,Yes,Yes
CUST02546,56.0,Female,0,20.41,131.92,One year,DSL,Bank transfer,No,3,No,Yes,Yes
CUST02547,69.0,Male,9,21.12,394.45,Two year,DSL,Credit card,Yes,1,Yes,No,No
CUST02548,46.0,Female,3,61.66,2755.45,Two year,DSL,Bank transfer,No,3,Yes,No,No
CUST02549,32.0,Male,8,35.53,796.58,Month-to-month,No,Credit card,No,2,No,No,No
CUST02550,60.0,Male,9,86.45,10188.8,Two year,Fiber optic,Electronic check,Yes,3,No,Yes,Yes
CUST02551,56.0,Female,0,20.41,131.92,One year,DSL,Bank transfer,No,3,No,Yes,Yes
CUST02552,69.0,Male,9,21.12,394.45,Two year,DSL,Credit card,Yes,1,Yes,No,No
CUST02553,46.0,Female,3,61.66,2755.45,Two year,DSL,Bank transfer,No,3,Yes,No,No
CUST02554,32.0,Male,8,35.53,796.58,Month-to-month,No,Credit card,No,2,No,No,No
CUST02555,60.0,Male,9,86.45,10188.8,Two year,Fiber optic,Electronic check,Yes,3,No,Yes,Yes
CUST02556,56.0,Female,0,20.41,131.92,One year,DSL,Bank transfer,No,3,No,Yes,Yes
CUST02557,69.0,Male,9,21.12,394.45,Two year,DSL,Credit card,Yes,1,Yes,No,No
CUST02558,46.0,Female,3,61.66,2755.45,Two year,DSL,Bank transfer,No,3,Yes,No,No
CUST02559,32.0,Male,8,35.53,796.58,Month-to-month,No,Credit card,No,2,No,No,No
CUST02560,60.0,Male,9,86.45,10188.8,Two year,Fiber optic,Electronic check,Yes,3,No,Yes,Yes
CUST02561,56.0,Female,0,20.41,131.92,One year,DSL,Bank transfer,No,3,No,Yes,Yes
CUST02562,69.0,Male,9,21.12,394.45,Two year,DSL,Credit card,Yes,1,Yes,No,No
CUST02563,46.0,Female,3,61.66,2755.45,Two year,DSL,Bank transfer,No,3,Yes,No,No
CUST02564,32.0,Male,8,35.53,796.58,Month-to-month,No,Credit card,No,2,No,No,No
CUST02565,60.0,Male,9,86.45,10188.8,Two year,Fiber optic,Electronic check,Yes,3,No,Yes,Yes
CUST02566,56.0,Female,0,20.41,131.92,One year,DSL,Bank transfer,No,3,No,Yes,Yes
CUST02567,69.0,Male,9,21.12,394.45,Two year,DSL,Credit card,Yes,1,Yes,No,No
CUST02568,46.0,Female,3,61.66,2755.45,Two year,DSL,Bank transfer,No,3,Yes,No,No
CUST02569,32.0,Male,8,35.53,796.58,Month-to-month,No,Credit card,No,2,No,No,No
CUST02570,60.0,Male,9,86.45,10188.8,Two year,Fiber optic,Electronic check,Yes,3,No,Yes,Yes
CUST02571,56.0,Female,0,20.41,131.92,One year,DSL,Bank transfer,No,3,No,Yes,Yes
CUST02572,69.0,Male,9,21.12,394.45,Two year,DSL,Credit card,Yes,1,Yes,No,No
CUST02573,46.0,Female,3,61.66,2755.45,Two year,DSL,Bank transfer,No,3,Yes,No,No
CUST02574,32.0,Male,8,35.53,796.58,Month-to-month,No,Credit card,No,2,No,No,No
CUST02575,60.0,Male,9,86.45,10188.8,Two year,Fiber optic,Electronic check,Yes,3,No,Yes,Yes
CUST02576,56.0,Female,0,20.41,131.92,One year,DSL,Bank transfer,No,3,No,Yes,Yes
CUST02577,69.0,Male,9,21.12,394.45,Two year,DSL,Credit card,Yes,1,Yes,No,No
CUST02578,46.0,Female,3,61.66,2755.45,Two year,DSL,Bank transfer,No,3,Yes,No,No
CUST02579,32.0,Male,8,35.53,796.58,Month-to-month,No,Credit card,No,2,No,No,No
CUST02580,60.0,Male,9,86.45,10188.8,Two year,Fiber optic,Electronic check,Yes,3,No,Yes,Yes
CUST02581,56.0,Female,0,20.41,131.92,One year,DSL,Bank transfer,No,3,No,Yes,Yes
CUST02582,69.0,Male,9,21.12,394.45,Two year,DSL,Credit card,Yes,1,Yes,No,No
CUST02583,46.0,Female,3,61.66,2755.45,Two year,DSL,Bank transfer,No,3,Yes,No,No
CUST02584,32.0,Male,8,35.53,796.58,Month-to-month,No,Credit card,No,2,No,No,No
CUST02585,60.0,Male,9,86.45,10188.8,Two year,Fiber optic,Electronic check,Yes,3,No,Yes,Yes
CUST02586,56.0,Female,0,20.41,131.92,One year,DSL,Bank transfer,No,3,No,Yes,Yes
CUST02587,69.0,Male,9,21.12,394.45,Two year,DSL,Credit card,Yes,1,Yes,No,No
CUST02588,46.0,Female,3,61.66,2755.45,Two year,DSL,Bank transfer,No,3,Yes,No,No
CUST02589,32.0,Male,8,35.53,796.58,Month-to-month,No,Credit card,No,2,No,No,No
CUST02590,60.0,Male,9,86.45,10188.8,Two year,Fiber optic,Electronic check,Yes,3,No,Yes,Yes
CUST02591,56.0,Female,0,20.41,131.92,One year,DSL,Bank transfer,No,3,No,Yes,Yes
CUST02592,69.0,Male,9,21.12,394.45,Two year,DSL,Credit card,Yes,1,Yes,No,No
CUST02593,46.0,Female,3,61.66,2755.45,Two year,DSL,Bank transfer,No,3,Yes,No,No
CUST02594,32.0,Male,8,35.53,796.58,Month-to-month,No,Credit card,No,2,No,No,No
CUST02595,60.0,Male,9,86.45,10188.8,Two year,Fiber optic,Electronic check,Yes,3,No,Yes,Yes
CUST02596,56.0,Female,0,20.41,131.92,One year,DSL,Bank transfer,No,3,No,Yes,Yes
CUST02597,69.0,Male,9,21.12,394.45,Two year,DSL,Credit card,Yes,1,Yes,No,No
CUST02598,46.0,Female,3,61.66,2755.45,Two year,DSL,Bank transfer,No,3,Yes,No,No
CUST02599,32.0,Male,8,35.53,796.58,Month-to-month,No,Credit card,No,2,No,No,No
CUST02600,60.0,Male,9,86.45,10188.8,Two year,Fiber optic,Electronic check,Yes,3,No,Yes,Yes
CUST02601,56.0,Female,0,20.41,131.92,One year,DSL,Bank transfer,No,3,No,Yes,Yes
CUST02602,69.0,Male,9,21.12,394.45,Two year,DSL,Credit card,Yes,1,Yes,No,No
CUST02603,46.0,Female,3,61.66,2755.45,Two year,DSL,Bank transfer,No,3,Yes,No,No
CUST02604,32.0,Male,8,35.53,796.58,Month-to-month,No,Credit card,No,2,No,No,No
CUST02605,60.0,Male,9,86.45,10188.8,Two year,Fiber optic,Electronic check,Yes,3,No,Yes,Yes
CUST02606,56.0,Female,0,20.41,131.92,One year,DSL,Bank transfer,No,3,No,Yes,Yes
CUST02607,69.0,Male,9,21.12,394.45,Two year,DSL,Credit card,Yes,1,Yes,No,No
CUST02608,46.0,Female,3,61.66,2755.45,Two year,DSL,Bank transfer,No,3,Yes,No,No
CUST02609,32.0,Male,8,35.53,796.58,Month-to-month,No,Credit card,No,2,No,No,No
CUST02610,60.0,Male,9,86.45,10188.8,Two year,Fiber optic,Electronic check,Yes,3,No,Yes,Yes
CUST02611,56.0,Female,0,20.41,131.92,One year,DSL,Bank transfer,No,3,No,Yes,Yes
CUST02612,69.0,Male,9,21.12,394.45,Two year,DSL,Credit card,Yes,1,Yes,No,No
CUST02613,46.0,Female,3,61.66,2755.45,Two year,DSL,Bank transfer,No,3,Yes,No,No
CUST02614,32.0,Male,8,35.53,796.58,Month-to-month,No,Credit card,No,2,No,No,No
CUST02615,60.0,Male,9,86.45,10188.8,Two year,Fiber optic,Electronic check,Yes,3,No,Yes,Yes
CUST02616,56.0,Female,0,20.41,131.92,One year,DSL,Bank transfer,No,3,No,Yes,Yes
CUST02617,69.0,Male,9,21.12,394.45,Two year,DSL,Credit card,Yes,1,Yes,No,No
CUST02618,46.0,Female,3,61.66,2755.45,Two year,DSL,Bank transfer,No,3,Yes,No,No
CUST02619,32.0,Male,8,35.53,796.58,Month-to-month,No,Credit card,No,2,No,No,No
CUST02620,60.0,Male,9,86.45,10188.8,Two year,Fiber optic,Electronic check,Yes,3,No,Yes,Yes
CUST02621,56.0,Female,0,20.41,131.92,One year,DSL,Bank transfer,No,3,No,Yes,Yes
CUST02622,69.0,Male,9,21.12,394.45,Two year,DSL,Credit card,Yes,1,Yes,No,No
CUST02623,46.0,Female,3,61.66,2755.45,Two year,DSL,Bank transfer,No,3,Yes,No,No
CUST02624,32.0,Male,8,35.53,796.58,Month-to-month,No,Credit card,No,2,No,No,No
CUST02625,60.0,Male,9,86.45,10188.8,Two year,Fiber optic,Electronic check,Yes,3,No,Yes,Yes
CUST02626,56.0,Female,0,20.41,131.92,One year,DSL,Bank transfer,No,3,No,Yes,Yes
CUST02627,69.0,Male,9,21.12,394.45,Two year,DSL,Credit card,Yes,1,Yes,No,No
CUST02628,46.0,Female,3,61.66,2755.45,Two year,DSL,Bank transfer,No,3,Yes,No,No
CUST02629,32.0,Male,8,35.53,796.58,Month-to-month,No,Credit card,No,2,No,No,No
CUST02630,60.0,Male,9,86.45,10188.8,Two year,Fiber optic,Electronic check,Yes,3,No,Yes,Yes
CUST02631,56.0,Female,0,20.41,131.92,One year,DSL,Bank transfer,No,3,No,Yes,Yes
CUST02632,69.0,Male,9,21.12,394.45,Two year,DSL,Credit card,Yes,1,Yes,No,No
CUST02633,46.0,Female,3,61.66,2755.45,Two year,DSL,Bank transfer,No,3,Yes,No,No
CUST02634,32.0,Male,8,35.53,796.58,Month-to-month,No,Credit card,No,2,No,No,No
CUST02635,60.0,Male,9,86.45,10188.8,Two year,Fiber optic,Electronic check,Yes,3,No,Yes,Yes
CUST02636,56.0,Female,0,20.41,131.92,One year,DSL,Bank transfer,No,3,No,Yes,Yes
CUST02637,69.0,Male,9,21.12,394.45,Two year,DSL,Credit card,Yes,1,Yes,No,No
CUST02638,46.0,Female,3,61.66,2755.45,Two year,DSL,Bank transfer,No,3,Yes,No,No
CUST02639,32.0,Male,8,35.53,796.58,Month-to-month,No,Credit card,No,2,No,No,No
CUST02640,60.0,Male,9,86.45,10188.8,Two year,Fiber optic,Electronic check,Yes,3,No,Yes,Yes
CUST02641,56.0,Female,0,20.41,131.92,One year,DSL,Bank transfer,No,3,No,Yes,Yes
CUST02642,69.0,Male,9,21.12,394.45,Two year,DSL,Credit card,Yes,1,Yes,No,No
CUST02643,46.0,Female,3,61.66,2755.45,Two year,DSL,Bank transfer,No,3,Yes,No,No
CUST02644,32.0,Male,8,35.53,796.58,Month-to-month,No,Credit card,No,2,No,No,No
CUST02645,60.0,Male,9,86.45,10188.8,Two year,Fiber optic,Electronic check,Yes,3,No,Yes,Yes
CUST02646,56.0,Female,0,20.41,131.92,One year,DSL,Bank transfer,No,3,No,Yes,Yes
CUST02647,69.0,Male,9,21.12,394.45,Two year,DSL,Credit card,Yes,1,Yes,No,No
CUST02648,46.0,Female,3,61.66,2755.45,Two year,DSL,Bank transfer,No,3,Yes,No,No
CUST02649,32.0,Male,8,35.53,796.58,Month-to-month,No,Credit card,No,2,No,No,No
CUST02650,60.0,Male,9,86.45,10188.8,Two year,Fiber optic,Electronic check,Yes,3,No,Yes,Yes
CUST02651,56.0,Female,0,20.41,131.92,One year,DSL,Bank transfer,No,3,No,Yes,Yes
CUST02652,69.0,Male,9,21.12,394.45,Two year,DSL,Credit card,Yes,1,Yes,No,No
CUST02653,46.0,Female,3,61.66,2755.45,Two year,DSL,Bank transfer,No,3,Yes,No,No
CUST02654,32.0,Male,8,35.53,796.58,Month-to-month,No,Credit card,No,2,No,No,No
CUST02655,60.0,Male,9,86.45,10188.8,Two year,Fiber optic,Electronic check,Yes,3,No,Yes,Yes
CUST02656,56.0,Female,0,20.41,131.92,One year,DSL,Bank transfer,No,3,No,Yes,Yes
CUST02657,69.0,Male,9,21.12,394.45,Two year,DSL,Credit card,Yes,1,Yes,No,No
CUST02658,46.0,Female,3,61.66,2755.45,Two year,DSL,Bank transfer,No,3,Yes,No,No
CUST02659,32.0,Male,8,35.53,796.58,Month-to-month,No,Credit card,No,2,No,No,No
CUST02660,60.0,Male,9,86.45,10188.8,Two year,Fiber optic,Electronic check,Yes,3,No,Yes,Yes
CUST02661,56.0,Female,0,20.41,131.92,One year,DSL,Bank transfer,No,3,No,Yes,Yes
CUST02662,69.0,Male,9,21.12,394.45,Two year,DSL,Credit card,Yes,1,Yes,No,No
CUST02663,46.0,Female,3,61.66,2755.45,Two year,DSL,Bank transfer,No,3,Yes,No,No
CUST02664,32.0,Male,8,35.53,796.58,Month-to-month,No,Credit card,No,2,No,No,No
CUST02665,60.0,Male,9,86.45,10188.8,Two year,Fiber optic,Electronic check,Yes,3,No,Yes,Yes
CUST02666,56.0,Female,0,20.41,131.92,One year,DSL,Bank transfer,No,3,No,Yes,Yes
CUST02667,69.0,Male,9,21.12,394.45,Two year,DSL,Credit card,Yes,1,Yes,No,No
CUST02668,46.0,Female,3,61.66,2755.45,Two year,DSL,Bank transfer,No,3,Yes,No,No
CUST02669,32.0,Male,8,35.53,796.58,Month-to-month,No,Credit card,No,2,No,No,No
CUST02670,60.0,Male,9,86.45,10188.8,Two year,Fiber optic,Electronic check,Yes,3,No,Yes,Yes
CUST02671,56.0,Female,0,20.41,131.92,One year,DSL,Bank transfer,No,3,No,Yes,Yes
CUST02672,69.0,Male,9,21.12,394.45,Two year,DSL,Credit card,Yes,1,Yes,No,No
CUST02673,46.0,Female,3,61.66,2755.45,Two year,DSL,Bank transfer,No,3,Yes,No,No
CUST02674,32.0,Male,8,35.53,796.58,Month-to-month,No,Credit card,No,2,No,No,No
CUST02675,60.0,Male,9,86.45,10188.8,Two year,Fiber optic,Electronic check,Yes,3,No,Yes,Yes
CUST02676,56.0,Female,0,20.41,131.92,One year,DSL,Bank transfer,No,3,No,Yes,Yes
CUST02677,69.0,Male,9,21.12,394.45,Two year,DSL,Credit card,Yes,1,Yes,No,No
CUST02678,46.0,Female,3,61.66,2755.45,Two year,DSL,Bank transfer,No,3,Yes,No,No
CUST02679,32.0,Male,8,35.53,796.58,Month-to-month,No,Credit card,No,2,No,No,No
CUST02680,60.0,Male,9,86.45,10188.8,Two year,Fiber optic,Electronic check,Yes,3,No,Yes,Yes
CUST02681,56.0,Female,0,20.41,131.92,One year,DSL,Bank transfer,No,3,No,Yes,Yes
CUST02682,69.0,Male,9,21.12,394.45,Two year,DSL,Credit card,Yes,1,Yes,No,No
CUST02683,46.0,Female,3,61.66,2755.45,Two year,DSL,Bank transfer,No,3,Yes,No,No
CUST02684,32.0,Male,8,35.53,796.58,Month-to-month,No,Credit card,No,2,No,No,No
CUST02685,60.0,Male,9,86.45,10188.8,Two year,Fiber optic,Electronic check,Yes,3,No,Yes,Yes
CUST02686,56.0,Female,0,20.41,131.92,One year,DSL,Bank transfer,No,3,No,Yes,Yes
CUST02687,69.0,Male,9,21.12,394.45,Two year,DSL,Credit card,Yes,1,Yes,No,No
CUST02688,46.0,Female,3,61.66,2755.45,Two year,DSL,Bank transfer,No,3,Yes,No,No
CUST02689,32.0,Male,8,35.53,796.58,Month-to-month,No,Credit card,No,2,No,No,No
CUST02690,60.0,Male,9,86.45,10188.8,Two year,Fiber optic,Electronic check,Yes,3,No,Yes,Yes
CUST02691,56.0,Female,0,20.41,131.92,One year,DSL,Bank transfer,No,3,No,Yes,Yes
CUST02692,69.0,Male,9,21.12,394.45,Two year,DSL,Credit card,Yes,1,Yes,No,No
CUST02693,46.0,Female,3,61.66,2755.45,Two year,DSL,Bank transfer,No,3,Yes,No,No
CUST02694,32.0,Male,8,35.53,796.58,Month-to-month,No,Credit card,No,2,No,No,No
CUST02695,60.0,Male,9,86.45,10188.8,Two year,Fiber optic,Electronic check,Yes,3,No,Yes,Yes
CUST02696,56.0,Female,0,20.41,131.92,One year,DSL,Bank transfer,No,3,No,Yes,Yes
CUST02697,69.0,Male,9,21.12,394.45,Two year,DSL,Credit card,Yes,1,Yes,No,No
CUST02698,46.0,Female,3,61.66,2755.45,Two year,DSL,Bank transfer,No,3,Yes,No,No
CUST02699,32.0,Male,8,35.53,796.58,Month-to-month,No,Credit card,No,2,No,No,No
CUST02700,60.0,Male,9,86.45,10188.8,Two year,Fiber optic,Electronic check,Yes,3,No,Yes,Yes
CUST02701,56.0,Female,0,20.41,131.92,One year,DSL,Bank transfer,No,3,No,Yes,Yes
CUST02702,69.0,Male,9,21.12,394.45,Two year,DSL,Credit card,Yes,1,Yes,No,No
CUST02703,46.0,Female,3,61.66,2755.45,Two year,DSL,Bank transfer,No,3,Yes,No,No
CUST02704,32.0,Male,8,35.53,796.58,Month-to-month,No,Credit card,No,2,No,No,No
CUST02705,60.0,Male,9,86.45,10188.8,Two year,Fiber optic,Electronic check,Yes,3,No,Yes,Yes
CUST02706,56.0,Female,0,20.41,131.92,One year,DSL,Bank transfer,No,3,No,Yes,Yes
CUST02707,69.0,Male,9,21.12,394.45,Two year,DSL,Credit card,Yes,1,Yes,No,No
CUST02708,46.0,Female,3,61.66,2755.45,Two year,DSL,Bank transfer,No,3,Yes,No,No
CUST02709,32.0,Male,8,35.53,796.58,Month-to-month,No,Credit card,No,2,No,No,No
CUST02710,60.0,Male,9,86.45,10188.8,Two year,Fiber optic,Electronic check,Yes,3,No,Yes,Yes
CUST02711,56.0,Female,0,20.41,131.92,One year,DSL,Bank transfer,No,3,No,Yes,Yes
CUST02712,69.0,Male,9,21.12,394.45,Two year,DSL,Credit card,Yes,1,Yes,No,No
CUST02713,46.0,Female,3,61.66,2755.45,Two year,DSL,Bank transfer,No,3,Yes,No,No
CUST02714,32.0,Male,8,35.53,796.58,Month-to-month,No,Credit card,No,2,No,No,No
CUST02715,60.0,Male,9,86.45,10188.8,Two year,Fiber optic,Electronic check,Yes,3,No,Yes,Yes
CUST02716,56.0,Female,0,20.41,131.92,One year,DSL,Bank transfer,No,3,No,Yes,Yes
CUST02717,69.0,Male,9,21.12,394.45,Two year,DSL,Credit card,Yes,1,Yes,No,No
CUST02718,46.0,Female,3,61.66,2755.45,Two year,DSL,Bank transfer,No,3,Yes,No,No
CUST02719,32.0,Male,8,35.53,796.58,Month-to-month,No,Credit card,No,2,No,No,No
CUST02720,60.0,Male,9,86.45,10188.8,Two year,Fiber optic,Electronic check,Yes,3,No,Yes,Yes
CUST02721,56.0,Female,0,20.41,131.92,One year,DSL,Bank transfer,No,3,No,Yes,Yes
CUST02722,69.0,Male,9,21.12,394.45,Two year,DSL,Credit card,Yes,1,Yes,No,No
CUST02723,46.0,Female,3,61.66,2755.45,Two year,DSL,Bank transfer,No,3,Yes,No,No
CUST02724,32.0,Male,8,35.53,796.58,Month-to-month,No,Credit card,No,2,No,No,No
CUST02725,60.0,Male,9,86.45,10188.8,Two year,Fiber optic,Electronic check,Yes,3,No,Yes,Yes
CUST02726,56.0,Female,0,20.41,131.92,One year,DSL,Bank transfer,No,3,No,Yes,Yes
CUST02727,69.0,Male,9,21.12,394.45,Two year,DSL,Credit card,Yes,1,Yes,No,No
CUST02728,46.0,Female,3,61.66,2755.45,Two year,DSL,Bank transfer,No,3,Yes,No,No
CUST02729,32.0,Male,8,35.53,796.58,Month-to-month,No,Credit card,No,2,No,No,No
CUST02730,60.0,Male,9,86.45,10188.8,Two year,Fiber optic,Electronic check,Yes,3,No,Yes,Yes
CUST02731,56.0,Female,0,20.41,131.92,One year,DSL,Bank transfer,No,3,No,Yes,Yes
CUST02732,69.0,Male,9,21.12,394.45,Two year,DSL,Credit card,Yes,1,Yes,No,No
CUST02733,46.0,Female,3,61.66,2755.45,Two year,DSL,Bank transfer,No,3,Yes,No,No
CUST02734,32.0,Male,8,35.53,796.58,Month-to-month,No,Credit card,No,2,No,No,No
CUST02735,60.0,Male,9,86.45,10188.8,Two year,Fiber optic,Electronic check,Yes,3,No,Yes,Yes
CUST02736,56.0,Female,0,20.41,131.92,One year,DSL,Bank transfer,No,3,No,Yes,Yes
CUST02737,69.0,Male,9,21.12,394.45,Two year,DSL,Credit card,Yes,1,Yes,No,No
CUST02738,46.0,Female,3,61.66,2755.45,Two year,DSL,Bank transfer,No,3,Yes,No,No
CUST02739,32.0,Male,8,35.53,796.58,Month-to-month,No,Credit card,No,2,No,No,No
CUST02740,60.0,Male,9,86.45,10188.8,Two year,Fiber optic,Electronic check,Yes,3,No,Yes,Yes
CUST02741,56.0,Female,0,20.41,131.92,One year,DSL,Bank transfer,No,3,No,Yes,Yes
CUST02742,69.0,Male,9,21.12,394.45,Two year,DSL,Credit card,Yes,1,Yes,No,No
CUST02743,46.0,Female,3,61.66,2755.45,Two year,DSL,Bank transfer,No,3,Yes,No,No
CUST02744,32.0,Male,8,35.53,796.58,Month-to-month,No,Credit card,No,2,No,No,No
CUST02745,60.0,Male,9,86.45,10188.8,Two year,Fiber optic,Electronic check,Yes,3,No,Yes,Yes
CUST02746,56.0,Female,0,20.41,131.92,One year,DSL,Bank transfer,No,3,No,Yes,Yes
CUST02747,69.0,Male,9,21.12,394.45,Two year,DSL,Credit card,Yes,1,Yes,No,No
CUST02748,46.0,Female,3,61.66,2755.45,Two year,DSL,Bank transfer,No,3,Yes,No,No
CUST02749,32.0,Male,8,35.53,796.58,Month-to-month,No,Credit card,No,2,No,No,No
CUST02750,60.0,Male,9,86.45,10188.8,Two year,Fiber optic,Electronic check,Yes,3,No,Yes,Yes
CUST02751,56.0,Female,0,20.41,131.92,One year,DSL,Bank transfer,No,3,No,Yes,Yes
CUST02752,69.0,Male,9,21.12,394.45,Two year,DSL,Credit card,Yes,1,Yes,No,No
CUST02753,46.0,Female,3,61.66,2755.45,Two year,DSL,Bank transfer,No,3,Yes,No,No
CUST02754,32.0,Male,8,35.53,796.58,Month-to-month,No,Credit card,No,2,No,No,No
CUST02755,60.0,Male,9,86.45,10188.8,Two year,Fiber optic,Electronic check,Yes,3,No,Yes,Yes
CUST02756,56.0,Female,0,20.41,131.92,One year,DSL,Bank transfer,No,3,No,Yes,Yes
CUST02757,69.0,Male,9,21.12,394.45,Two year,DSL,Credit card,Yes,1,Yes,No,No
CUST02758,46.0,Female,3,61.66,2755.45,Two year,DSL,Bank transfer,No,3,Yes,No,No
CUST02759,32.0,Male,8,35.53,796.58,Month-to-month,No,Credit card,No,2,No,No,No
CUST02760,60.0,Male,9,86.45,10188.8,Two year,Fiber optic,Electronic check,Yes,3,No,Yes,Yes
CUST02761,56.0,Female,0,20.41,131.92,One year,DSL,Bank transfer,No,3,No,Yes,Yes
CUST02762,69.0,Male,9,21.12,394.45,Two year,DSL,Credit card,Yes,1,Yes,No,No
CUST02763,46.0,Female,3,61.66,2755.45,Two year,DSL,Bank transfer,No,3,Yes,No,No
CUST02764,32.0,Male,8,35.53,796.58,Month-to-month,No,Credit card,No,2,No,No,No
CUST02765,60.0,Male,9,86.45,10188.8,Two year,Fiber optic,Electronic check,Yes,3,No,Yes,Yes
CUST02766,56.0,Female,0,20.41,131.92,One year,DSL,Bank transfer,No,3,No,Yes,Yes
CUST02767,69.0,Male,9,21.12,394.45,Two year,DSL,Credit card,Yes,1,Yes,No,No
CUST02768,46.0,Female,3,61.66,2755.45,Two year,DSL,Bank transfer,No,3,Yes,No,No
CUST02769,32.0,Male,8,35.53,796.58,Month-to-month,No,Credit card,No,2,No,No,No
CUST02770,60.0,Male,9,86.45,10188.8,Two year,Fiber optic,Electronic check,Yes,3,No,Yes,Yes
CUST02771,56.0,Female,0,20.41,131.92,One year,DSL,Bank transfer,No,3,No,Yes,Yes
CUST02772,69.0,Male,9,21.12,394.45,Two year,DSL,Credit card,Yes,1,Yes,No,No
CUST02773,46.0,Female,3,61.66,2755.45,Two year,DSL,Bank transfer,No,3,Yes,No,No
CUST02774,32.0,Male,8,35.53,796.58,Month-to-month,No,Credit card,No,2,No,No,No
CUST02775,60.0,Male,9,86.45,10188.8,Two year,Fiber optic,Electronic check,Yes,3,No,Yes,Yes
CUST02776,56.0,Female,0,20.41,131.92,One year,DSL,Bank transfer,No,3,No,Yes,Yes
CUST02777,69.0,Male,9,21.12,394.45,Two year,DSL,Credit card,Yes,1,Yes,No,No
CUST02778,46.0,Female,3,61.66,2755.45,Two year,DSL,Bank transfer,No,3,Yes,No,No
CUST02779,32.0,Male,8,35.53,796.58,Month-to-month,No,Credit card,No,2,No,No,No
CUST02780,60.0,Male,9,86.45,10188.8,Two year,Fiber optic,Electronic check,Yes,3,No,Yes,Yes
CUST02781,56.0,Female,0,20.41,131.92,One year,DSL,Bank transfer,No,3,No,Yes,Yes
CUST02782,69.0,Male,9,21.12,394.45,Two year,DSL,Credit card,Yes,1,Yes,No,No
CUST02783,46.0,Female,3,61.66,2755.45,Two year,DSL,Bank transfer,No,3,Yes,No,No
CUST02784,32.0,Male,8,35.53,796.58,Month-to-month,No,Credit card,No,2,No,No,No
CUST02785,60.0,Male,9,86.45,10188.8,Two year,Fiber optic,Electronic check,Yes,3,No,Yes,Yes
CUST02786,56.0,Female,0,20.41,131.92,One year,DSL,Bank transfer,No,3,No,Yes,Yes
CUST02787,69.0,Male,9,21.12,394.45,Two year,DSL,Credit card,Yes,1,Yes,No,No
CUST02788,46.0,Female,3,61.66,2755.45,Two year,DSL,Bank transfer,No,3,Yes,No,No
CUST02789,32.0,Male,8,35.53,796.58,Month-to-month,No,Credit card,No,2,No,No,No
CUST02790,60.0,Male,9,86.45,10188.8,Two year,Fiber optic,Electronic check,Yes,3,No,Yes,Yes
CUST02791,56.0,Female,0,20.41,131.92,One year,DSL,Bank transfer,No,3,No,Yes,Yes
CUST02792,69.0,Male,9,21.12,394.45,Two year,DSL,Credit card,Yes,1,Yes,No,No
CUST02793,46.0,Female,3,61.66,2755.45,Two year,DSL,Bank transfer,No,3,Yes,No,No
CUST02794,32.0,Male,8,35.53,796.58,Month-to-month,No,Credit card,No,2,No,No,No
CUST02795,60.0,Male,9,86.45,10188.8,Two year,Fiber optic,Electronic check,Yes,3,No,Yes,Yes
CUST02796,56.0,Female,0,20.41,131.92,One year,DSL,Bank transfer,No,3,No,Yes,Yes
CUST02797,69.0,Male,9,21.12,394.45,Two year,DSL,Credit card,Yes,1,Yes,No,No
CUST02798,46.0,Female,3,61.66,2755.45,Two year,DSL,Bank transfer,No,3,Yes,No,No
CUST02799,32.0,Male,8,35.53,796.58,Month-to-month,No,Credit card,No,2,No,No,No
CUST02800,60.0,Male,9,86.45,10188.8,Two year,Fiber optic,Electronic check,Yes,3,No,Yes,Yes
CUST02801,56.0,Female,0,20.41,131.92,One year,DSL,Bank transfer,No,3,No,Yes,Yes
CUST02802,69.0,Male,9,21.12,394.45,Two year,DSL,Credit card,Yes,1,Yes,No,No
CUST02803,46.0,Female,3,61.66,2755.45,Two year,DSL,Bank transfer,No,3,Yes,No,No
CUST02804,32.0,Male,8,35.53,796.58,Month-to-month,No,Credit card,No,2,No,No,No
CUST02805,60.0,Male,9,86.45,10188.8,Two year,Fiber optic,Electronic check,Yes,3,No,Yes,Yes
CUST02806,56.0,Female,0,20.41,131.92,One year,DSL,Bank transfer,No,3,No,Yes,Yes
CUST02807,69.0,Male,9,21.12,394.45,Two year,DSL,Credit card,Yes,1,Yes,No,No
CUST02808,46.0,Female,3,61.66,2755.45,Two year,DSL,Bank transfer,No,3,Yes,No,No
CUST02809,32.0,Male,8,35.53,796.58,Month-to-month,No,Credit card,No,2,No,No,No
CUST02810,60.0,Male,9,86.45,10188.8,Two year,Fiber optic,Electronic check,Yes,3,No,Yes,Yes
CUST02811,56.0,Female,0,20.41,131.92,One year,DSL,Bank transfer,No,3,No,Yes,Yes
CUST02812,69.0,Male,9,21.12,394.45,Two year,DSL,Credit card,Yes,1,Yes,No,No
CUST02813,46.0,Female,3,61.66,2755.45,Two year,DSL,Bank transfer,No,3,Yes,No,No
CUST02814,32.0,Male,8,35.53,796.58,Month-to-month,No,Credit card,No,2,No,No,No
CUST02815,60.0,Male,9,86.45,10188.8,Two year,Fiber optic,Electronic check,Yes,3,No,Yes,Yes
CUST02816,56.0,Female,0,20.41,131.92,One year,DSL,Bank transfer,No,3,No,Yes,Yes
CUST02817,69.0,Male,9,21.12,394.45,Two year,DSL,Credit card,Yes,1,Yes,No,No
CUST02818,46.0,Female,3,61.66,2755.45,Two year,DSL,Bank transfer,No,3,Yes,No,No
CUST02819,32.0,Male,8,35.53,796.58,Month-to-month,No,Credit card,No,2,No,No,No
CUST02820,60.0,Male,9,86.45,10188.8,Two year,Fiber optic,Electronic check,Yes,3,No,Yes,Yes
CUST02821,56.0,Female,0,20.41,131.92,One year,DSL,Bank transfer,No,3,No,Yes,Yes
CUST02822,69.0,Male,9,21.12,394.45,Two year,DSL,Credit card,Yes,1,Yes,No,No
CUST02823,46.0,Female,3,61.66,2755.45,Two year,DSL,Bank transfer,No,3,Yes,No,No
CUST02824,32.0,Male,8,35.53,796.58,Month-to-month,No,Credit card,No,2,No,No,No
CUST02825,60.0,Male,9,86.45,10188.8,Two year,Fiber optic,Electronic check,Yes,3,No,Yes,Yes
CUST02826,56.0,Female,0,20.41,131.92,One year,DSL,Bank transfer,No,3,No,Yes,Yes
CUST02827,69.0,Male,9,21.12,394.45,Two year,DSL,Credit card,Yes,1,Yes,No,No
CUST02828,46.0,Female,3,61.66,2755.45,Two year,DSL,Bank transfer,No,3,Yes,No,No
CUST02829,32.0,Male,8,35.53,796.58,Month-to-month,No,Credit card,No,2,No,No,No
CUST02830,60.0,Male,9,86.45,10188.8,Two year,Fiber optic,Electronic check,Yes,3,No,Yes,Yes
CUST02831,56.0,Female,0,20.41,131.92,One year,DSL,Bank transfer,No,3,No,Yes,Yes
CUST02832,69.0,Male,9,21.12,394.45,Two year,DSL,Credit card,Yes,1,Yes,No,No
CUST02833,46.0,Female,3,61.66,2755.45,Two year,DSL,Bank transfer,No,3,Yes,No,No
CUST02834,32.0,Male,8,35.53,796.58,Month-to-month,No,Credit card,No,2,No,No,No
CUST02835,60.0,Male,9,86.45,10188.8,Two year,Fiber optic,Electronic check,Yes,3,No,Yes,Yes
CUST02836,56.0,Female,0,20.41,131.92,One year,DSL,Bank transfer,No,3,No,Yes,Yes
CUST02837,69.0,Male,9,21.12,394.45,Two year,DSL,Credit card,Yes,1,Yes,No,No
CUST02838,46.0,Female,3,61.66,2755.45,Two year,DSL,Bank transfer,No,3,Yes,No,No
CUST02839,32.0,Male,8,35.53,796.58,Month-to-month,No,Credit card,No,2,No,No,No
CUST02840,60.0,Male,9,86.45,10188.8,Two year,Fiber optic,Electronic check,Yes,3,No,Yes,Yes
CUST02841,56.0,Female,0,20.41,131.92,One year,DSL,Bank transfer,No,3,No,Yes,Yes
CUST02842,69.0,Male,9,21.12,394.45,Two year,DSL,Credit card,Yes,1,Yes,No,No
CUST02843,46.0,Female,3,61.66,2755.45,Two year,DSL,Bank transfer,No,3,Yes,No,No
CUST02844,32.0,Male,8,35.53,796.58,Month-to-month,No,Credit card,No,2,No,No,No
CUST02845,60.0,Male,9,86.45,10188.8,Two year,Fiber optic,Electronic check,Yes,3,No,Yes,Yes
CUST02846,56.0,Female,0,20.41,131.92,One year,DSL,Bank transfer,No,3,No,Yes,Yes
CUST02847,69.0,Male,9,21.12,394.45,Two year,DSL,Credit card,Yes,1,Yes,No,No
CUST02848,46.0,Female,3,61.66,2755.45,Two year,DSL,Bank transfer,No,3,Yes,No,No
CUST02849,32.0,Male,8,35.53,796.58,Month-to-month,No,Credit card,No,2,No,No,No
CUST02850,60.0,Male,9,86.45,10188.8,Two year,Fiber optic,Electronic check,Yes,3,No,Yes,Yes
CUST02851,56.0,Female,0,20.41,131.92,One year,DSL,Bank transfer,No,3,No,Yes,Yes
CUST02852,69.0,Male,9,21.12,394.45,Two year,DSL,Credit card,Yes,1,Yes,No,No
CUST02853,46.0,Female,3,61.66,2755.45,Two year,DSL,Bank transfer,No,3,Yes,No,No
CUST02854,32.0,Male,8,35.53,796.58,Month-to-month,No,Credit card,No,2,No,No,No
CUST02855,60.0,Male,9,86.45,10188.8,Two year,Fiber optic,Electronic check,Yes,3,No,Yes,Yes
CUST02856,56.0,Female,0,20.41,131.92,One year,DSL,Bank transfer,No,3,No,Yes,Yes
CUST02857,69.0,Male,9,21.12,394.45,Two year,DSL,Credit card,Yes,1,Yes,No,No
CUST02858,46.0,Female,3,61.66,2755.45,Two year,DSL,Bank transfer,No,3,Yes,No,No
CUST02859,32.0,Male,8,35.53,796.58,Month-to-month,No,Credit card,No,2,No,No,No
CUST02860,60.0,Male,9,86.45,10188.8,Two year,Fiber optic,Electronic check,Yes,3,No,Yes,Yes
CUST02861,56.0,Female,0,20.41,131.92,One year,DSL,Bank transfer,No,3,No,Yes,Yes
CUST02862,69.0,Male,9,21.12,394.45,Two year,DSL,Credit card,Yes,1,Yes,No,No
CUST02863,46.0,Female,3,61.66,2755.45,Two year,DSL,Bank transfer,No,3,Yes,No,No
CUST02864,32.0,Male,8,35.53,796.58,Month-to-month,No,Credit card,No,2,No,No,No
CUST02865,60.0,Male,9,86.45,10188.8,Two year,Fiber optic,Electronic check,Yes,3,No,Yes,Yes
CUST02866,56.0,Female,0,20.41,131.92,One year,DSL,Bank transfer,No,3,No,Yes,Yes
CUST02867,69.0,Male,9,21.12,394.45,Two year,DSL,Credit card,Yes,1,Yes,No,No
CUST02868,46.0,Female,3,61.66,2755.45,Two year,DSL,Bank transfer,No,3,Yes,No,No
CUST02869,32.0,Male,8,35.53,796.58,Month-to-month,No,Credit card,No,2,No,No,No
CUST02870,60.0,Male,9,86.45,10188.8,Two year,Fiber optic,Electronic check,Yes,3,No,Yes,Yes
CUST02871,56.0,Female,0,20.41,131.92,One year,DSL,Bank transfer,No,3,No,Yes,Yes
CUST02872,69.0,Male,9,21.12,394.45,Two year,DSL,Credit card,Yes,1,Yes,No,No
CUST02873,46.0,Female,3,61.66,2755.45,Two year,DSL,Bank transfer,No,3,Yes,No,No
CUST02874,32.0,Male,8,35.53,796.58,Month-to-month,No,Credit card,No,2,No,No,No
CUST02875,60.0,Male,9,86.45,10188.8,Two year,Fiber optic,Electronic check,Yes,3,No,Yes,Yes
CUST02876,56.0,Female,0,20.41,131.92,One year,DSL,Bank transfer,No,3,No,Yes,Yes
CUST02877,69.0,Male,9,21.12,394.45,Two year,DSL,Credit card,Yes,1,Yes,No,No
CUST02878,46.0,Female,3,61.66,2755.45,Two year,DSL,Bank transfer,No,3,Yes,No,No
CUST02879,32.0,Male,8,35.53,796.58,Month-to-month,No,Credit card,No,2,No,No,No
CUST02880,60.0,Male,9,86.45,10188.8,Two year,Fiber optic,Electronic check,Yes,3,No,Yes,Yes
CUST02881,56.0,Female,0,20.41,131.92,One year,DSL,Bank transfer,No,3,No,Yes,Yes
CUST02882,69.0,Male,9,21.12,394.45,Two year,DSL,Credit card,Yes,1,Yes,No,No
CUST02883,46.0,Female,3,61.66,2755.45,Two year,DSL,Bank transfer,No,3,Yes,No,No
CUST02884,32.0,Male,8,35.53,796.58,Month-to-month,No,Credit card,No,2,No,No,No
CUST02885,60.0,Male,9,86.45,10188.8,Two year,Fiber optic,Electronic check,Yes,3,No,Yes,Yes
CUST02886,56.0,Female,0,20.41,131.92,One year,DSL,Bank transfer,No,3,No,Yes,Yes
CUST02887,69.0,Male,9,21.12,394.45,Two year,DSL,Credit card,Yes,1,Yes,No,No
CUST02888,46.0,Female,3,61.66,2755.45,Two year,DSL,Bank transfer,No,3,Yes,No,No
CUST02889,32.0,Male,8,35.53,796.58,Month-to-month,No,Credit card,No,2,No,No,No
CUST02890,60.0,Male,9,86.45,10188.8,Two year,Fiber optic,Electronic check,Yes,3,No,Yes,Yes
CUST02891,56.0,Female,0,20.41,131.92,One year,DSL,Bank transfer,No,3,No,Yes,Yes
CUST02892,69.0,Male,9,21.12,394.45,Two year,DSL,Credit card,Yes,1,Yes,No,No
CUST02893,46.0,Female,3,61.66,2755.45,Two year,DSL,Bank transfer,No,3,Yes,No,No
CUST02894,32.0,Male,8,35.53,796.58,Month-to-month,No,Credit card,No,2,No,No,No
CUST02895,60.0,Male,9,86.45,10188.8,Two year,Fiber optic,Electronic check,Yes,3,No,Yes,Yes
CUST02896,56.0,Female,0,20.41,131.92,One year,DSL,Bank transfer,No,3,No,Yes,Yes
CUST02897,69.0,Male,9,21.12,394.45,Two year,DSL,Credit card,Yes,1,Yes,No,No
CUST02898,46.0,Female,3,61.66,2755.45,Two year,DSL,Bank transfer,No,3,Yes,No,No
CUST02899,32.0,Male,8,35.53,796.58,Month-to-month,No,Credit card,No,2,No,No,No
CUST02900,60.0,Male,9,86.45,10188.8,Two year,Fiber optic,Electronic check,Yes,3,No,Yes,Yes
CUST02901,56.0,Female,0,20.41,131.92,One year,DSL,Bank transfer,No,3,No,Yes,Yes
CUST02902,69.0,Male,9,21.12,394.45,Two year,DSL,Credit card,Yes,1,Yes,No,No
CUST02903,46.0,Female,3,61.66,2755.45,Two year,DSL,Bank transfer,No,3,Yes,No,No
CUST02904,32.0,Male,8,35.53,796.58,Month-to-month,No,Credit card,No,2,No,No,No
CUST02905,60.0,Male,9,86.45,10188.8,Two year,Fiber optic,Electronic check,Yes,3,No,Yes,Yes
CUST02906,56.0,Female,0,20.41,131.92,One year,DSL,Bank transfer,No,3,No,Yes,Yes
CUST02907,69.0,Male,9,21.12,394.45,Two year,DSL,Credit card,Yes,1,Yes,No,No
CUST02908,46.0,Female,3,61.66,2755.45,Two year,DSL,Bank transfer,No,3,Yes,No,No
CUST02909,32.0,Male,8,35.53,796.58,Month-to-month,No,Credit card,No,2,No,No,No
CUST02910,60.0,Male,9,86.45,10188.8,Two year,Fiber optic,Electronic check,Yes,3,No,Yes,Yes
CUST02911,56.0,Female,0,20.41,131.92,One year,DSL,Bank transfer,No,3,No,Yes,Yes
CUST02912,69.0,Male,9,21.12,394.45,Two year,DSL,Credit card,Yes,1,Yes,No,No
CUST02913,46.0,Female,3,61.66,2755.45,Two year,DSL,Bank transfer,No,3,Yes,No,No
CUST02914,32.0,Male,8,35.53,796.58,Month-to-month,No,Credit card,No,2,No,No,No
CUST02915,60.0,Male,9,86.45,10188.8,Two year,Fiber optic,Electronic check,Yes,3,No,Yes,Yes
CUST02916,56.0,Female,0,20.41,131.92,One year,DSL,Bank transfer,No,3,No,Yes,Yes
CUST02917,69.0,Male,9,21.12,394.45,Two year,DSL,Credit card,Yes,1,Yes,No,No
CUST02918,46.0,Female,3,61.66,2755.45,Two year,DSL,Bank transfer,No,3,Yes,No,No
CUST02919,32.0,Male,8,35.53,796.58,Month-to-month,No,Credit card,No,2,No,No,No
CUST02920,60.0,Male,9,86.45,10188.8,Two year,Fiber optic,Electronic check,Yes,3,No,Yes,Yes
CUST02921,56.0,Female,0,20.41,131.92,One year,DSL,Bank transfer,No,3,No,Yes,Yes
CUST02922,69.0,Male,9,21.12,394.45,Two year,DSL,Credit card,Yes,1,Yes,No,No
CUST02923,46.0,Female,3,61.66,2755.45,Two year,DSL,Bank transfer,No,3,Yes,No,No
CUST02924,32.0,Male,8,35.53,796.58,Month-to-month,No,Credit card,No,2,No,No,No
CUST02925,60.0,Male,9,86.45,10188.8,Two year,Fiber optic,Electronic check,Yes,3,No,Yes,Yes
CUST02926,56.0,Female,0,20.41,131.92,One year,DSL,Bank transfer,No,3,No,Yes,Yes
CUST02927,69.0,Male,9,21.12,394.45,Two year,DSL,Credit card,Yes,1,Yes,No,No
CUST02928,46.0,Female,3,61.66,2755.45,Two year,DSL,Bank transfer,No,3,Yes,No,No
CUST02929,32.0,Male,8,35.53,796.58,Month-to-month,No,Credit card,No,2,No,No,No
CUST02930,60.0,Male,9,86.45,10188.8,Two year,Fiber optic,Electronic check,Yes,3,No,Yes,Yes
CUST02931,56.0,Female,0,20.41,131.92,One year,DSL,Bank transfer,No,3,No,Yes,Yes
CUST02932,69.0,Male,9,21.12,394.45,Two year,DSL,Credit card,Yes,1,Yes,No,No
CUST02933,46.0,Female,3,61.66,2755.45,Two year,DSL,Bank transfer,No,3,Yes,No,No
CUST02934,32.0,Male,8,35.53,796.58,Month-to-month,No,Credit card,No,2,No,No,No
CUST02935,60.0,Male,9,86.45,10188.8,Two year,Fiber optic,Electronic check,Yes,3,No,Yes,Yes
CUST02936,56.0,Female,0,20.41,131.92,One year,DSL,Bank transfer,No,3,No,Yes,Yes
CUST02937,69.0,Male,9,21.12,394.45,Two year,DSL,Credit card,Yes,1,Yes,No,No
CUST02938,46.0,Female,3,61.66,2755.45,Two year,DSL,Bank transfer,No,3,Yes,No,No
CUST02939,32.0,Male,8,35.53,796.58,Month-to-month,No,Credit card,No,2,No,No,No
CUST02940,60.0,Male,9,86.45,10188.8,Two year,Fiber optic,Electronic check,Yes,3,No,Yes,Yes
CUST02941,56.0,Female,0,20.41,131.92,One year,DSL,Bank transfer,No,3,No,Yes,Yes
CUST02942,69.0,Male,9,21.12,394.45,Two year,DSL,Credit card,Yes,1,Yes,No,No
CUST02943,46.0,Female,3,61.66,2755.45,Two year,DSL,Bank transfer,No,3,Yes,No,No
CUST02944,32.0,Male,8,35.53,796.58,Month-to-month,No,Credit card,No,2,No,No,No
CUST02945,60.0,Male,9,86.45,10188.8,Two year,Fiber optic,Electronic check,Yes,3,No,Yes,Yes
CUST02946,56.0,Female,0,20.41,131.92,One year,DSL,Bank transfer,No,3,No,Yes,Yes
CUST02947,69.0,Male,9,21.12,394.45,Two year,DSL,Credit card,Yes,1,Yes,No,No
CUST02948,46.0,Female,3,61.66,2755.45,Two year,DSL,Bank transfer,No,3,Yes,No,No
CUST02949,32.0,Male,8,35.53,796.58,Month-to-month,No,Credit card,No,2,No,No,No
CUST02950,60.0,Male,9,86.45,10188.8,Two year,Fiber optic,Electronic check,Yes,3,No,Yes,Yes
CUST02951,56.0,Female,0,20.41,131.92,One year,DSL,Bank transfer,No,3,No,Yes,Yes
CUST02952,69.0,Male,9,21.12,394.45,Two year,DSL,Credit card,Yes,1,Yes,No,No
CUST02953,46.0,Female,3,61.66,2755.45,Two year,DSL,Bank transfer,No,3,Yes,No,No
CUST02954,32.0,Male,8,35.53,796.58,Month-to-month,No,Credit card,No,2,No,No,No
CUST02955,60.0,Male,9,86.45,10188.8,Two year,Fiber optic,Electronic check,Yes,3,No,Yes,Yes
CUST02956,56.0,Female,0,20.41,131.92,One year,DSL,Bank transfer,No,3,No,Yes,Yes
CUST02957,69.0,Male,9,21.12,394.45,Two year,DSL,Credit card,Yes,1,Yes,No,No
CUST02958,46.0,Female,3,61.66,2755.45,Two year,DSL,Bank transfer,No,3,Yes,No,No
CUST02959,32.0,Male,8,35.53,796.58,Month-to-month,No,Credit card,No,2,No,No,No
CUST02960,60.0,Male,9,86.45,10188.8,Two year,Fiber optic,Electronic check,Yes,3,No,Yes,Yes
CUST02961,56.0,Female,0,20.41,131.92,One year,DSL,Bank transfer,No,3,No,Yes,Yes
CUST02962,69.0,Male,9,21.12,394.45,Two year,DSL,Credit card,Yes,1,Yes,No,No
CUST02963,46.0,Female,3,61.66,2755.45,Two year,DSL,Bank transfer,No,3,Yes,No,No
CUST02964,32.0,Male,8,35.53,796.58,Month-to-month,No,Credit card,No,2,No,No,No
CUST02965,60.0,Male,9,86.45,10188.8,Two year,Fiber optic,Electronic check,Yes,3,No,Yes,Yes
CUST02966,56.0,Female,0,20.41,131.92,One year,DSL,Bank transfer,No,3,No,Yes,Yes
CUST02967,69.0,Male,9,21.12,394.45,Two year,DSL,Credit card,Yes,1,Yes,No,No
CUST02968,46.0,Female,3,61.66,2755.45,Two year,DSL,Bank transfer,No,3,Yes,No,No
CUST02969,32.0,Male,8,35.53,796.58,Month-to-month,No,Credit card,No,2,No,No,No
CUST02970,60.0,Male,9,86.45,10188.8,Two year,Fiber optic,Electronic check,Yes,3,No,Yes,Yes
CUST02971,56.0,Female,0,20.41,131.92,One year,DSL,Bank transfer,No,3,No,Yes,Yes
CUST02972,69.0,Male,9,21.12,394.45,Two year,DSL,Credit card,Yes,1,Yes,No,No
CUST02973,46.0,Female,3,61.66,2755.45,Two year,DSL,Bank transfer,No,3,Yes,No,No
CUST02974,32.0,Male,8,35.53,796.58,Month-to-month,No,Credit card,No,2,No,No,No
CUST02975,60.0,Male,9,86.45,10188.8,Two year,Fiber optic,Electronic check,Yes,3,No,Yes,Yes
CUST02976,56.0,Female,0,20.41,131.92,One year,DSL,Bank transfer,No,3,No,Yes,Yes
CUST02977,69.0,Male,9,21.12,394.45,Two year,DSL,Credit card,Yes,1,Yes,No,No
CUST02978,46.0,Female,3,61.66,2755.45,Two year,DSL,Bank transfer,No,3,Yes,No,No
CUST02979,32.0,Male,8,35.53,796.58,Month-to-month,No,Credit card,No,2,No,No,No
CUST02980,60.0,Male,9,86.45,10188.8,Two year,Fiber optic,Electronic check,Yes,3,No,Yes,Yes
CUST02981,56.0,Female,0,20.41,131.92,One year,DSL,Bank transfer,No,3,No,Yes,Yes
CUST02982,69.0,Male,9,21.12,394.45,Two year,DSL,Credit card,Yes,1,Yes,No,No
CUST02983,46.0,Female,3,61.66,2755.45,Two year,DSL,Bank transfer,No,3,Yes,No,No
CUST02984,32.0,Male,8,35.53,796.58,Month-to-month,No,Credit card,No,2,No,No,No
CUST02985,60.0,Male,9,86.45,10188.8,Two year,Fiber optic,Electronic check,Yes,3,No,Yes,Yes
CUST02986,56.0,Female,0,20.41,131.92,One year,DSL,Bank transfer,No,3,No,Yes,Yes
CUST02987,69.0,Male,9,21.12,394.45,Two year,DSL,Credit card,Yes,1,Yes,No,No
CUST02988,46.0,Female,3,61.66,2755.45,Two year,DSL,Bank transfer,No,3,Yes,No,No
CUST02989,32.0,Male,8,35.53,796.58,Month-to-month,No,Credit card,No,2,No,No,No
CUST02990,60.0,Male,9,86.45,10188.8,Two year,Fiber optic,Electronic check,Yes,3,No,Yes,Yes
CUST02991,56.0,Female,0,20.41,131.92,One year,DSL,Bank transfer,No,3,No,Yes,Yes
CUST02992,69.0,Male,9,21.12,394.45,Two year,DSL,Credit card,Yes,1,Yes,No,No
CUST02993,46.0,Female,3,61.66,2755.45,Two year,DSL,Bank transfer,No,3,Yes,No,No
CUST02994,32.0,Male,8,35.53,796.58,Month-to-month,No,Credit card,No,2,No,No,No
CUST02995,60.0,Male,9,86.45,10188.8,Two year,Fiber optic,Electronic check,Yes,3,No,Yes,Yes
CUST02996,56.0,Female,0,20.41,131.92,One year,DSL,Bank transfer,No,3,No,Yes,Yes
CUST02997,69.0,Male,9,21.12,394.45,Two year,DSL,Credit card,Yes,1,Yes,No,No
CUST02998,46.0,Female,3,61.66,2755.45,Two year,DSL,Bank transfer,No,3,Yes,No,No
CUST02999,32.0,Male,8,35.53,796.58,Month-to-month,No,Credit card,No,2,No,No,No
CUST03000,60.0,Male,9,86.45,10188.8,Two year,Fiber optic,Electronic check,Yes,3,No,Yes,Yes
CUST03001,56.0,Female,0,20.41,131.92,One year,DSL,Bank transfer,No,3,No,Yes,Yes
CUST03002,69.0,Male,9,21.12,394.45,Two year,DSL,Credit card,Yes,1,Yes,No,No
CUST03003,46.0,Female,3,61.66,2755.45,Two year,DSL,Bank transfer,No,3,Yes,No,No
CUST03004,32.0,Male,8,35.53,796.58,Month-to-month,No,Credit card,No,2,No,No,No
CUST03005,60.0,Male,9,86.45,10188.8,Two year,Fiber optic,Electronic check,Yes,3,No,Yes,Yes
CUST03006,56.0,Female,0,20.41,131.92,One year,DSL,Bank transfer,No,3,No,Yes,Yes
CUST03007,69.0,Male,9,21.12,394.45,Two year,DSL,Credit card,Yes,1,Yes,No,No
CUST03008,46.0,Female,3,61.66,2755.45,Two year,DSL,Bank transfer,No,3,Yes,No,No
CUST03009,32.0,Male,8,35.53,796.58,Month-to-month,No,Credit card,No,2,No,No,No
CUST03010,60.0,Male,9,86.45,10188.8,Two year,Fiber optic,Electronic check,Yes,3,No,Yes,Yes
CUST03011,56.0,Female,0,20.41,131.92,One year,DSL,Bank transfer,No,3,No,Yes,Yes
CUST03012,69.0,Male,9,21.12,394.45,Two year,DSL,Credit card,Yes,1,Yes,No,No
CUST03013,46.0,Female,3,61.66,2755.45,Two year,DSL,Bank transfer,No,3,Yes,No,No
CUST03014,32.0,Male,8,35.53,796.58,Month-to-month,No,Credit card,No,2,No,No,No
CUST03015,60.0,Male,9,86.45,10188.8,Two year,Fiber optic,Electronic check,Yes,3,No,Yes,Yes
CUST03016,56.0,Female,0,20.41,131.92,One year,DSL,Bank transfer,No,3,No,Yes,Yes
CUST03017,69.0,Male,9,21.12,394.45,Two year,DSL,Credit card,Yes,1,Yes,No,No
CUST03018,46.0,Female,3,61.66,2755.45,Two year,DSL,Bank transfer,No,3,Yes,No,No
CUST03019,32.0,Male,8,35.53,796.58,Month-to-month,No,Credit card,No,2,No,No,No
CUST03020,60.0,Male,9,86.45,10188.8,Two year,Fiber optic,Electronic check,Yes,3,No,Yes,Yes
CUST03021,56.0,Female,0,20.41,131.92,One year,DSL,Bank transfer,No,3,No,Yes,Yes
CUST03022,69.0,Male,9,21.12,394.45,Two year,DSL,Credit card,Yes,1,Yes,No,No
CUST03023,46.0,Female,3,61.66,2755.45,Two year,DSL,Bank transfer,No,3,Yes,No,No
CUST03024,32.0,Male,8,35.53,796.58,Month-to-month,No,Credit card,No,2,No,No,No
CUST03025,60.0,Male,9,86.45,10188.8,Two year,Fiber optic,Electronic check,Yes,3,No,Yes,Yes
CUST03026,56.0,Female,0,20.41,131.92,One year,DSL,Bank transfer,No,3,No,Yes,Yes
CUST03027,69.0,Male,9,21.12,394.45,Two year,DSL,Credit card,Yes,1,Yes,No,No
CUST03028,46.0,Female,3,61.66,2755.45,Two year,DSL,Bank transfer,No,3,Yes,No,No
CUST03029,32.0,Male,8,35.53,796.58,Month-to-month,No,Credit card,No,2,No,No,No
CUST03030,60.0,Male,9,86.45,10188.8,Two year,Fiber optic,Electronic check,Yes,3,No,Yes,Yes
CUST03031,56.0,Female,0,20.41,131.92,One year,DSL,Bank transfer,No,3,No,Yes,Yes
CUST03032,69.0,Male,9,21.12,394.45,Two year,DSL,Credit card,Yes,1,Yes,No,No
CUST03033,46.0,Female,3,61.66,2755.45,Two year,DSL,Bank transfer,No,3,Yes,No,No
CUST03034,32.0,Male,8,35.53,796.58,Month-to-month,No,Credit card,No,2,No,No,No
CUST03035,60.0,Male,9,86.45,10188.8,Two year,Fiber optic,Electronic check,Yes,3,No,Yes,Yes
CUST03036,56.0,Female,0,20.41,131.92,One year,DSL,Bank transfer,No,3,No,Yes,Yes
CUST03037,69.0,Male,9,21.12,394.45,Two year,DSL,Credit card,Yes,1,Yes,No,No
CUST03038,46.0,Female,3,61.66,2755.45,Two year,DSL,Bank transfer,No,3,Yes,No,No
CUST03039,32.0,Male,8,35.53,796.58,Month-to-month,No,Credit card,No,2,No,No,No
CUST03040,60.0,Male,9,86.45,10188.8,Two year,Fiber optic,Electronic check,Yes,3,No,Yes,Yes
CUST03041,56.0,Female,0,20.41,131.92,One year,DSL,Bank transfer,No,3,No,Yes,Yes
CUST03042,69.0,Male,9,21.12,394.45,Two year,DSL,Credit card,Yes,1,Yes,No,No
CUST03043,46.0,Female,3,61.66,2755.45,Two year,DSL,Bank transfer,No,3,Yes,No,No
CUST03044,32.0,Male,8,35.53,796.58,Month-to-month,No,Credit card,No,2,No,No,No
CUST03045,60.0,Male,9,86.45,10188.8,Two year,Fiber optic,Electronic check,Yes,3,No,Yes,Yes
CUST03046,56.0,Female,0,20.41,131.92,One year,DSL,Bank transfer,No,3,No,Yes,Yes
CUST03047,69.0,Male,9,21.12,394.45,Two year,DSL,Credit card,Yes,1,Yes,No,No
CUST03048,46.0,Female,3,61.66,2755.45,Two year,DSL,Bank transfer,No,3,Yes,No,No
CUST03049,32.0,Male,8,35.53,796.58,Month-to-month,No,Credit card,No,2,No,No,No
CUST03050,60.0,Male,9,86.45,10188.8,Two year,Fiber optic,Electronic check,Yes,3,No,Yes,Yes
CUST03051,56.0,Female,0,20.41,131.92,One year,DSL,Bank transfer,No,3,No,Yes,Yes
CUST03052,69.0,Male,9,21.12,394.45,Two year,DSL,Credit card,Yes,1,Yes,No,No
CUST03053,46.0,Female,3,61.66,2755.45,Two year,DSL,Bank transfer,No,3,Yes,No,No
CUST03054,32.0,Male,8,35.53,796.58,Month-to-month,No,Credit card,No,2,No,No,No
CUST03055,60.0,Male,9,86.45,10188.8,Two year,Fiber optic,Electronic check,Yes,3,No,Yes,Yes
CUST03056,56.0,Female,0,20.41,131.92,One year,DSL,Bank transfer,No,3,No,Yes,Yes
CUST03057,69.0,Male,9,21.12,394.45,Two year,DSL,Credit card,Yes,1,Yes,No,No
CUST03058,46.0,Female,3,61.66,2755.45,Two year,DSL,Bank transfer,No,3,Yes,No,No
CUST03059,32.0,Male,8,35.53,796.58,Month-to-month,No,Credit card,No,2,No,No,No
CUST03060,60.0,Male,9,86.45,10188.8,Two year,Fiber optic,Electronic check,Yes,3,No,Yes,Yes
CUST03061,56.0,Female,0,20.41,131.92,One year,DSL,Bank transfer,No,3,No,Yes,Yes
CUST03062,69.0,Male,9,21.12,394.45,Two year,DSL,Credit card,Yes,1,Yes,No,No
CUST03063,46.0,Female,3,61.66,2755.45,Two year,DSL,Bank transfer,No,3,Yes,No,No
CUST03064,32.0,Male,8,35.53,796.58,Month-to-month,No,Credit card,No,2,No,No,No
CUST03065,60.0,Male,9,86.45,10188.8,Two year,Fiber optic,Electronic check,Yes,3,No,Yes,Yes
CUST03066,56.0,Female,0,20.41,131.92,One year,DSL,Bank transfer,No,3,No,Yes,Yes
CUST03067,69.0,Male,9,21.12,394.45,Two year,DSL,Credit card,Yes,1,Yes,No,No
CUST03068,46.0,Female,3,61.66,2755.45,Two year,DSL,Bank transfer,No,3,Yes,No,No
CUST03069,32.0,Male,8,35.53,796.58,Month-to-month,No,Credit card,No,2,No,No,No
CUST03070,60.0,Male,9,86.45,10188.8,Two year,Fiber optic,Electronic check,Yes,3,No,Yes,Yes
CUST03071,56.0,Female,0,20.41,131.92,One year,DSL,Bank transfer,No,3,No,Yes,Yes
CUST03072,69.0,Male,9,21.12,394.45,Two year,DSL,Credit card,Yes,1,Yes,No,No
CUST03073,46.0,Female,3,61.66,2755.45,Two year,DSL,Bank transfer,No,3,Yes,No,No
CUST03074,32.0,Male,8,35.53,796.58,Month-to-month,No,Credit card,No,2,No,No,No
CUST03075,60.0,Male,9,86.45,10188.8,Two year,Fiber optic,Electronic check,Yes,3,No,Yes,Yes
CUST03076,56.0,Female,0,20.41,131.92,One year,DSL,Bank transfer,No,3,No,Yes,Yes
CUST03077,69.0,Male,9,21.12,394.45,Two year,DSL,Credit card,Yes,1,Yes,No,No
CUST03078,46.0,Female,3,61.66,2755.45,Two year,DSL,Bank transfer,No,3,Yes,No,No
CUST03079,32.0,Male,8,35.53,796.58,Month-to-month,No,Credit card,No,2,No,No,No
CUST03080,60.0,Male,9,86.45,10188.8,Two year,Fiber optic,Electronic check,Yes,3,No,Yes,Yes
CUST03081,56.0,Female,0,20.41,131.92,One year,DSL,Bank transfer,No,3,No,Yes,Yes
CUST03082,69.0,Male,9,21.12,394.45,Two year,DSL,Credit card,Yes,1,Yes,No,No
CUST03083,46.0,Female,3,61.66,2755.45,Two year,DSL,Bank transfer,No,3,Yes,No,No
CUST03084,32.0,Male,8,35.53,796.58,Month-to-month,No,Credit card,No,2,No,No,No
CUST03085,60.0,Male,9,86.45,10188.8,Two year,Fiber optic,Electronic check,Yes,3,No,Yes,Yes
CUST03086,56.0,Female,0,20.41,131.92,One year,DSL,Bank transfer,No,3,No,Yes,Yes
CUST03087,69.0,Male,9,21.12,394.45,Two year,DSL,Credit card,Yes,1,Yes,No,No
CUST03088,46.0,Female,3,61.66,2755.45,Two year,DSL,Bank transfer,No,3,Yes,No,No
CUST03089,32.0,Male,8,35.53,796.58,Month-to-month,No,Credit card,No,2,No,No,No
CUST03090,60.0,Male,9,86.45,10188.8,Two year,Fiber optic,Electronic check,Yes,3,No,Yes,Yes
CUST03091,56.0,Female,0,20.41,131.92,One year,DSL,Bank transfer,No,3,No,Yes,Yes
CUST03092,69.0,Male,9,21.12,394.45,Two year,DSL,Credit card,Yes,1,Yes,No,No
CUST03093,46.0,Female,3,61.66,2755.45,Two year,DSL,Bank transfer,No,3,Yes,No,No
CUST03094,32.0,Male,8,35.53,796.58,Month-to-month,No,Credit card,No,2,No,No,No
CUST03095,60.0,Male,9,86.45,10188.8,Two year,Fiber optic,Electronic check,Yes,3,No,Yes,Yes
CUST03096,56.0,Female,0,20.41,131.92,One year,DSL,Bank transfer,No,3,No,Yes,Yes
CUST03097,69.0,Male,9,21.12,394.45,Two year,DSL,Credit card,Yes,1,Yes,No,No
CUST03098,46.0,Female,3,61.66,2755.45,Two year,DSL,Bank transfer,No,3,Yes,No,No
CUST03099,32.0,Male,8,35.53,796.58,Month-to-month,No,Credit card,No,2,No,No,No
CUST03100,60.0,Male,9,86.45,10188.8,Two year,Fiber optic,Electronic check,Yes,3,No,Yes,Yes
CUST03101,56.0,Female,0,20.41,131.92,One year,DSL,Bank transfer,No,3,No,Yes,Yes
CUST03102,69.0,Male,9,21.12,394.45,Two year,DSL,Credit card,Yes,1,Yes,No,No
CUST03103,46.0,Female,3,61.66,2755.45,Two year,DSL,Bank transfer,No,3,Yes,No,No
CUST03104,32.0,Male,8,35.53,796.58,Month-to-month,No,Credit card,No,2,No,No,No
CUST03105,60.0,Male,9,86.45,10188.8,Two year,Fiber optic,Electronic check,Yes,3,No,Yes,Yes
CUST03106,56.0,Female,0,20.41,131.92,One year,DSL,Bank transfer,No,3,No,Yes,Yes
CUST03107,69.0,Male,9,21.12,394.45,Two year,DSL,Credit card,Yes,1,Yes,No,No
CUST03108,46.0,Female,3,61.66,2755.45,Two year,DSL,Bank transfer,No,3,Yes,No,No
CUST03109,32.0,Male,8,35.53,796.58,Month-to-month,No,Credit card,No,2,No,No,No
CUST03110,60.0,Male,9,86.45,10188.8,Two year,Fiber optic,Electronic check,Yes,3,No,Yes,Yes
CUST03111,56.0,Female,0,20.41,131.92,One year,DSL,Bank transfer,No,3,No,Yes,Yes
CUST03112,69.0,Male,9,21.12,394.45,Two year,DSL,Credit card,Yes,1,Yes,No,No
CUST03113,46.0,Female,3,61.66,2755.45,Two year,DSL,Bank transfer,No,3,Yes,No,No
CUST03114,32.0,Male,8,35.53,796.58,Month-to-month,No,Credit card,No,2,No,No,No
CUST03115,60.0,Male,9,86.45,10188.8,Two year,Fiber optic,Electronic check,Yes,3,No,Yes,Yes
CUST03116,56.0,Female,0,20.41,131.92,One year,DSL,Bank transfer,No,3,No,Yes,Yes
CUST03117,69.0,Male,9,21.12,394.45,Two year,DSL,Credit card,Yes,1,Yes,No,No
CUST03118,46.0,Female,3,61.66,2755.45,Two year,DSL,Bank transfer,No,3,Yes,No,No
CUST03119,32.0,Male,8,35.53,796.58,Month-to-month,No,Credit card,No,2,No,No,No
CUST03120,60.0,Male,9,86.45,10188.8,Two year,Fiber optic,Electronic check,Yes,3,No,Yes,Yes
CUST03121,56.0,Female,0,20.41,131.92,One year,DSL,Bank transfer,No,3,No,Yes,Yes
CUST03122,69.0,Male,9,21.12,394.45,Two year,DSL,Credit card,Yes,1,Yes,No,No
CUST03123,46.0,Female,3,61.66,2755.45,Two year,DSL,Bank transfer,No,3,Yes,No,No
CUST03124,32.0,Male,8,35.53,796.58,Month-to-month,No,Credit card,No,2,No,No,No
CUST03125,60.0,Male,9,86.45,10188.8,Two year,Fiber optic,Electronic check,Yes,3,No,Yes,Yes
CUST03126,56.0,Female,0,20.41,131.92,One year,DSL,Bank transfer,No,3,No,Yes,Yes
CUST03127,69.0,Male,9,21.12,394.45,Two year,DSL,Credit card,Yes,1,Yes,No,No
CUST03128,46.0,Female,3,61.66,2755.45,Two year,DSL,Bank transfer,No,3,Yes,No,No
CUST03129,32.0,Male,8,35.53,796.58,Month-to-month,No,Credit card,No,2,No,No,No
CUST03130,60.0,Male,9,86.45,10188.8,Two year,Fiber optic,Electronic check,Yes,3,No,Yes,Yes
CUST03131,56.0,Female,0,20.41,131.92,One year,DSL,Bank transfer,No,3,No,Yes,Yes
CUST03132,69.0,Male,9,21.12,394.45,Two year,DSL,Credit card,Yes,1,Yes,No,No
CUST03133,46.0,Female,3,61.66,2755.45,Two year,DSL,Bank transfer,No,3,Yes,No,No
CUST03134,32.0,Male,8,35.53,796.58,Month-to-month,No,Credit card,No,2,No,No,No
CUST03135,60.0,Male,9,86.45,10188.8,Two year,Fiber optic,Electronic check,Yes,3,No,Yes,Yes
CUST03136,56.0,Female,0,20.41,131.92,One year,DSL,Bank transfer,No,3,No,Yes,Yes
CUST03137,69.0,Male,9,21.12,394.45,Two year,DSL,Credit card,Yes,1,Yes,No,No
CUST03138,46.0,Female,3,61.66,2755.45,Two year,DSL,Bank transfer,No,3,Yes,No,No
CUST03139,32.0,Male,8,35.53,796.58,Month-to-month,No,Credit card,No,2,No,No,No
CUST03140,60.0,Male,9,86.45,10188.8,Two year,Fiber optic,Electronic check,Yes,3,No,Yes,Yes
CUST03141,56.0,Female,0,20.41,131.92,One year,DSL,Bank transfer,No,3,No,Yes,Yes
CUST03142,69.0,Male,9,21.12,394.45,Two year,DSL,Credit card,Yes,1,Yes,No,No
CUST03143,46.0,Female,3,61.66,2755.45,Two year,DSL,Bank transfer,No,3,Yes,No,No
CUST03144,32.0,Male,8,35.53,796.58,Month-to-month,No,Credit card,No,2,No,No,No
CUST03145,60.0,Male,9,86.45,10188.8,Two year,Fiber optic,Electronic check,Yes,3,No,Yes,Yes
CUST03146,56.0,Female,0,20.41,131.92,One year,DSL,Bank transfer,No,3,No,Yes,Yes
CUST03147,69.0,Male,9,21.12,394.45,Two year,DSL,Credit card,Yes,1,Yes,No,No
CUST03148,46.0,Female,3,61.66,2755.45,Two year,DSL,Bank transfer,No,3,Yes,No,No
CUST03149,32.0,Male,8,35.53,796.58,Month-to-month,No,Credit card,No,2,No,No,No
CUST03150,60.0,Male,9,86.45,10188.8,Two year,Fiber optic,Electronic check,Yes,3,No,Yes,Yes
CUST03151,56.0,Female,0,20.41,131.92,One year,DSL,Bank transfer,No,3,No,Yes,Yes
CUST03152,69.0,Male,9,21.12,394.45,Two year,DSL,Credit card,Yes,1,Yes,No,No
CUST03153,46.0,Female,3,61.66,2755.45,Two year,DSL,Bank transfer,No,3,Yes,No,No
CUST03154,32.0,Male,8,35.53,796.58,Month-to-month,No,Credit card,No,2,No,No,No
CUST03155,60.0,Male,9,86.45,10188.8,Two year,Fiber optic,Electronic check,Yes,3,No,Yes,Yes
CUST03156,56.0,Female,0,20.41,131.92,One year,DSL,Bank transfer,No,3,No,Yes,Yes
CUST03157,69.0,Male,9,21.12,394.45,Two year,DSL,Credit card,Yes,1,Yes,No,No
CUST03158,46.0,Female,3,61.66,2755.45,Two year,DSL,Bank transfer,No,3,Yes,No,No
CUST03159,32.0,Male,8,35.53,796.58,Month-to-month,No,Credit card,No,2,No,No,No
CUST03160,60.0,Male,9,86.45,10188.8,Two year,Fiber optic,Electronic check,Yes,3,No,Yes,Yes
CUST03161,56.0,Female,0,20.41,131.92,One year,DSL,Bank transfer,No,3,No,Yes,Yes
CUST03162,69.0,Male,9,21.12,394.45,Two year,DSL,Credit card,Yes,1,Yes,No,No
CUST03163,46.0,Female,3,61.66,2755.45,Two year,DSL,Bank transfer,No,3,Yes,No,No
CUST03164,32.0,Male,8,35.53,796.58,Month-to-month,No,Credit card,No,2,No,No,No
CUST03165,60.0,Male,9,86.45,10188.8,Two year,Fiber optic,Electronic check,Yes,3,No,Yes,Yes
CUST03166,56.0,Female,0,20.41,131.92,One year,DSL,Bank transfer,No,3,No,Yes,Yes
CUST03167,69.0,Male,9,21.12,394.45,Two year,DSL,Credit card,Yes,1,Yes,No,No
CUST03168,46.0,Female,3,61.66,2755.45,Two year,DSL,Bank transfer,No,3,Yes,No,No
CUST03169,32.0,Male,8,35.53,796.58,Month-to-month,No,Credit card,No,2,No,No,No
CUST03170,60.0,Male,9,86.45,10188.8,Two year,Fiber optic,Electronic check,Yes,3,No,Yes,Yes
CUST03171,56.0,Female,0,20.41,131.92,One year,DSL,Bank transfer,No,3,No,Yes,Yes
CUST03172,69.0,Male,9,21.12,394.45,Two year,DSL,Credit card,Yes,1,Yes,No,No
CUST03173,46.0,Female,3,61.66,2755.45,Two year,DSL,Bank transfer,No,3,Yes,No,No
CUST03174,32.0,Male,8,35.53,796.58,Month-to-month,No,Credit card,No,2,No,No,No
CUST03175,60.0,Male,9,86.45,10188.8,Two year,Fiber optic,Electronic check,Yes,3,No,Yes,Yes
CUST03176,56.0,Female,0,20.41,131.92,One year,DSL,Bank transfer,No,3,No,Yes,Yes
CUST03177,69.0,Male,9,21.12,394.45,Two year,DSL,Credit card,Yes,1,Yes,No,No
CUST03178,46.0,Female,3,61.66,2755.45,Two year,DSL,Bank transfer,No,3,Yes,No,No
CUST03179,32.0,Male,8,35.53,796.58,Month-to-month,No,Credit card,No,2,No,No,No
CUST03180,60.0,Male,9,86.45,10188.8,Two year,Fiber optic,Electronic check,Yes,3,No,Yes,Yes
CUST03181,56.0,Female,0,20.41,131.92,One year,DSL,Bank transfer,No,3,No,Yes,Yes
CUST03182,69.0,Male,9,21.12,394.45,Two year,DSL,Credit card,Yes,1,Yes,No,No
CUST03183,46.0,Female,3,61.66,2755.45,Two year,DSL,Bank transfer,No,3,Yes,No,No
CUST03184,32.0,Male,8,35.53,796.58,Month-to-month,No,Credit card,No,2,No,No,No
CUST03185,60.0,Male,9,86.45,10188.8,Two year,Fiber optic,Electronic check,Yes,3,No,Yes,Yes
CUST03186,56.0,Female,0,20.41,131.92,One year,DSL,Bank transfer,No,3,No,Yes,Yes
CUST03187,69.0,Male,9,21.12,394.45,Two year,DSL,Credit card,Yes,1,Yes,No,No
CUST03188,46.0,Female,3,61.66,2755.45,Two year,DSL,Bank transfer,No,3,Yes,No,No
CUST03189,32.0,Male,8,35.53,796.58,Month-to-month,No,Credit card,No,2,No,No,No
CUST03190,60.0,Male,9,86.45,10188.8,Two year,Fiber optic,Electronic check,Yes,3,No,Yes,Yes
CUST03191,56.0,Female,0,20.41,131.92,One year,DSL,Bank transfer,No,3,No,Yes,Yes
CUST03192,69.0,Male,9,21.12,394.45,Two year,DSL,Credit card,Yes,1,Yes,No,No
CUST03193,46.0,Female,3,61.66,2755.45,Two year,DSL,Bank transfer,No,3,Yes,No,No
CUST03194,32.0,Male,8,35.53,796.58,Month-to-month,No,Credit card,No,2,No,No,No
CUST03195,60.0,Male,9,86.45,10188.8,Two year,Fiber optic,Electronic check,Yes,3,No,Yes,Yes
CUST03196,56.0,Female,0,20.41,131.92,One year,DSL,Bank transfer,No,3,No,Yes,Yes
CUST03197,69.0,Male,9,21.12,394.45,Two year,DSL,Credit card,Yes,1,Yes,No,No
CUST03198,46.0,Female,3,61.66,2755.45,Two year,DSL,Bank transfer,No,3,Yes,No,No
CUST03199,32.0,Male,8,35.53,796.58,Month-to-month,No,Credit card,No,2,No,No,No
CUST03200,60.0,Male,9,86.45,10188.8,Two year,Fiber optic,Electronic check,Yes,3,No,Yes,Yes
CUST03201,56.0,Female,0,20.41,131.92,One year,DSL,Bank transfer,No,3,No,Yes,Yes
CUST03202,69.0,Male,9,21.12,394.45,Two year,DSL,Credit card,Yes,1,Yes,No,No
CUST03203,46.0,Female,3,61.66,2755.45,Two year,DSL,Bank transfer,No,3,Yes,No,No
CUST03204,32.0,Male,8,35.53,796.58,Month-to-month,No,Credit card,No,2,No,No,No
CUST03205,60.0,Male,9,86.45,10188.8,Two year,Fiber optic,Electronic check,Yes,3,No,Yes,Yes
CUST03206,56.0,Female,0,20.41,131.92,One year,DSL,Bank transfer,No,3,No,Yes,Yes
CUST03207,69.0,Male,9,21.12,394.45,Two year,DSL,Credit card,Yes,1,Yes,No,No
CUST03208,46.0,Female,3,61.66,2755.45,Two year,DSL,Bank transfer,No,3,Yes,No,No
CUST03209,32.0,Male,8,35.53,796.58,Month-to-month,No,Credit card,No,2,No,No,No
CUST03210,60.0,Male,9,86.45,10188.8,Two year,Fiber optic,Electronic check,Yes,3,No,Yes,Yes
CUST03211,56.0,Female,0,20.41,131.92,One year,DSL,Bank transfer,No,3,No,Yes,Yes
CUST03212,69.0,Male,9,21.12,394.45,Two year,DSL,Credit card,Yes,1,Yes,No,No
CUST03213,46.0,Female,3,61.66,2755.45,Two year,DSL,Bank transfer,No,3,Yes,No,No
CUST03214,32.0,Male,8,35.53,796.58,Month-to-month,No,Credit card,No,2,No,No,No
CUST03215,60.0,Male,9,86.45,10188.8,Two year,Fiber optic,Electronic check,Yes,3,No,Yes,Yes
CUST03216,56.0,Female,0,20.41,131.92,One year,DSL,Bank transfer,No,3,No,Yes,Yes
CUST03217,69.0,Male,9,21.12,394.45,Two year,DSL,Credit card,Yes,1,Yes,No,No
CUST03218,46.0,Female,3,61.66,2755.45,Two year,DSL,Bank transfer,No,3,Yes,No,No
CUST03219,32.0,Male,8,35.53,796.58,Month-to-month,No,Credit card,No,2,No,No,No
CUST03220,60.0,Male,9,86.45,10188.8,Two year,Fiber optic,Electronic check,Yes,3,No,Yes,Yes
CUST03221,56.0,Female,0,20.41,131.92,One year,DSL,Bank transfer,No,3,No,Yes,Yes
CUST03222,69.0,Male,9,21.12,394.45,Two year,DSL,Credit card,Yes,1,Yes,No,No
CUST03223,46.0,Female,3,61.66,2755.45,Two year,DSL,Bank transfer,No,3,Yes,No,No
CUST03224,32.0,Male,8,35.53,796.58,Month-to-month,No,Credit card,No,2,No,No,No
CUST03225,60.0,Male,9,86.45,10188.8,Two year,Fiber optic,Electronic check,Yes,3,No,Yes,Yes
CUST03226,56.0,Female,0,20.41,131.92,One year,DSL,Bank transfer,No,3,No,Yes,Yes
CUST03227,69.0,Male,9,21.12,394.45,Two year,DSL,Credit card,Yes,1,Yes,No,No
CUST03228,46.0,Female,3,61.66,2755.45,Two year,DSL,Bank transfer,No,3,Yes,No,No
CUST03229,32.0,Male,8,35.53,796.58,Month-to-month,No,Credit card,No,2,No,No,No
CUST03230,60.0,Male,9,86.45,10188.8,Two year,Fiber optic,Electronic check,Yes,3,No,Yes,Yes
CUST03231,56.0,Female,0,20.41,131.92,One year,DSL,Bank transfer,No,3,No,Yes,Yes
CUST03232,69.0,Male,9,21.12,394.45,Two year,DSL,Credit card,Yes,1,Yes,No,No
CUST03233,46.0,Female,3,61.66,2755.45,Two year,DSL,Bank transfer,No,3,Yes,No,No
CUST03234,32.0,Male,8,35.53,796.58,Month-to-month,No,Credit card,No,2,No,No,No
CUST03235,60.0,Male,9,86.45,10188.8,Two year,Fiber optic,Electronic check,Yes,3,No,Yes,Yes
CUST03236,56.0,Female,0,20.41,131.92,One year,DSL,Bank transfer,No,3,No,Yes,Yes
CUST03237,69.0,Male,9,21.12,394.45,Two year,DSL,Credit card,Yes,1,Yes,No,No
CUST03238,46.0,Female,3,61.66,2755.45,Two year,DSL,Bank transfer,No,3,Yes,No,No
CUST03239,32.0,Male,8,35.53,796.58,Month-to-month,No,Credit card,No,2,No,No,No
CUST03240,60.0,Male,9,86.45,10188.8,Two year,Fiber optic,Electronic check,Yes,3,No,Yes,Yes
CUST03241,56.0,Female,0,20.41,131.92,One year,DSL,Bank transfer,No,3,No,Yes,Yes
CUST03242,69.0,Male,9,21.12,394.45,Two year,DSL,Credit card,Yes,1,Yes,No,No
CUST03243,46.0,Female,3,61.66,2755.45,Two year,DSL,Bank transfer,No,3,Yes,No,No
CUST03244,32.0,Male,8,35.53,796.58,Month-to-month,No,Credit card,No,2,No,No,No
CUST03245,60.0,Male,9,86.45,10188.8,Two year,Fiber optic,Electronic check,Yes,3,No,Yes,Yes
CUST03246,56.0,Female,0,20.41,131.92,One year,DSL,Bank transfer,No,3,No,Yes,Yes
CUST03247,69.0,Male,9,21.12,394.45,Two year,DSL,Credit card,Yes,1,Yes,No,No
CUST03248,46.0,Female,3,61.66,2755.45,Two year,DSL,Bank transfer,No,3,Yes,No,No
CUST03249,32.0,Male,8,35.53,796.58,Month-to-month,No,Credit card,No,2,No,No,No
CUST03250,60.0,Male,9,86.45,10188.8,Two year,Fiber optic,Electronic check,Yes,3,No,Yes,Yes
CUST03251,56.0,Female,0,20.41,131.92,One year,DSL,Bank transfer,No,3,No,Yes,Yes
CUST03252,69.0,Male,9,21.12,394.45,Two year,DSL,Credit card,Yes,1,Yes,No,No
CUST03253,46.0,Female,3,61.66,2755.45,Two year,DSL,Bank transfer,No,3,Yes,No,No
CUST03254,32.0,Male,8,35.53,796.58,Month-to-month,No,Credit card,No,2,No,No,No
CUST03255,60.0,Male,9,86.45,10188.8,Two year,Fiber optic,Electronic check,Yes,3,No,Yes,Yes
CUST03256,56.0,Female,0,20.41,131.92,One year,DSL,Bank transfer,No,3,No,Yes,Yes
CUST03257,69.0,Male,9,21.12,394.45,Two year,DSL,Credit card,Yes,1,Yes,No,No
CUST03258,46.0,Female,3,61.66,2755.45,Two year,DSL,Bank transfer,No,3,Yes,No,No
CUST03259,32.0,Male,8,35.53,796.58,Month-to-month,No,Credit card,No,2,No,No,No
CUST03260,60.0,Male,9,86.45,10188.8,Two year,Fiber optic,Electronic check,Yes,3,No,Yes,Yes
CUST03261,56.0,Female,0,20.41,131.92,One year,DSL,Bank transfer,No,3,No,Yes,Yes
CUST03262,69.0,Male,9,21.12,394.45,Two year,DSL,Credit card,Yes,1,Yes,No,No
CUST03263,46.0,Female,3,61.66,2755.45,Two year,DSL,Bank transfer,No,3,Yes,No,No
CUST03264,32.0,Male,8,35.53,796.58,Month-to-month,No,Credit card,No,2,No,No,No
CUST03265,60.0,Male,9,86.45,10188.8,Two year,Fiber optic,Electronic check,Yes,3,No,Yes,Yes
CUST03266,56.0,Female,0,20.41,131.92,One year,DSL,Bank transfer,No,3,No,Yes,Yes
CUST03267,69.0,Male,9,21.12,394.45,Two year,DSL,Credit card,Yes,1,Yes,No,No
CUST03268,46.0,Female,3,61.66,2755.45,Two year,DSL,Bank transfer,No,3,Yes,No,No
CUST03269,32.0,Male,8,35.53,796.58,Month-to-month,No,Credit card,No,2,No,No,No
CUST03270,60.0,Male,9,86.45,10188.8,Two year,Fiber optic,Electronic check,Yes,3,No,Yes,Yes
CUST03271,56.0,Female,0,20.41,131.92,One year,DSL,Bank transfer,No,3,No,Yes,Yes
CUST03272,69.0,Male,9,21.12,394.45,Two year,DSL,Credit card,Yes,1,Yes,No,No
CUST03273,46.0,Female,3,61.66,2755.45,Two year,DSL,Bank transfer,No,3,Yes,No,No
CUST03274,32.0,Male,8,35.53,796.58,Month-to-month,No,Credit card,No,2,No,No,No
CUST03275,60.0,Male,9,86.45,10188.8,Two year,Fiber optic,Electronic check,Yes,3,No,Yes,Yes
CUST03276,56.0,Female,0,20.41,131.92,One year,DSL,Bank transfer,No,3,No,Yes,Yes
CUST03277,69.0,Male,9,21.12,394.45,Two year,DSL,Credit card,Yes,1,Yes,No,No
CUST03278,46.0,Female,3,61.66,2755.45,Two year,DSL,Bank transfer,No,3,Yes,No,No
CUST03279,32.0,Male,8,35.53,796.58,Month-to-month,No,Credit card,No,2,No,No,No
CUST03280,60.0,Male,9,86.45,10188.8,Two year,Fiber optic,Electronic check,Yes,3,No,Yes,Yes
CUST03281,56.0,Female,0,20.41,131.92,One year,DSL,Bank transfer,No,3,No,Yes,Yes
CUST03282,69.0,Male,9,21.12,394.45,Two year,DSL,Credit card,Yes,1,Yes,No,No
CUST03283,46.0,Female,3,61.66,2755.45,Two year,DSL,Bank transfer,No,3,Yes,No,No
CUST03284,32.0,Male,8,35.53,796.58,Month-to-month,No,Credit card,No,2,No,No,No
CUST03285,60.0,Male,9,86.45,10188.8,Two year,Fiber optic,Electronic check,Yes,3,No,Yes,Yes
CUST03286,56.0,Female,0,20.41,131.92,One year,DSL,Bank transfer,No,3,No,Yes,Yes
CUST03287,69.0,Male,9,21.12,394.45,Two year,DSL,Credit card,Yes,1,Yes,No,No
CUST03288,46.0,Female,3,61.66,2755.45,Two year,DSL,Bank transfer,No,3,Yes,No,No
CUST03289,32.0,Male,8,35.53,796.58,Month-to-month,No,Credit card,No,2,No,No,No
CUST03290,60.0,Male,9,86.45,10188.8,Two year,Fiber optic,Electronic check,Yes,3,No,Yes,Yes
CUST03291,56.0,Female,0,20.41,131.92,One year,DSL,Bank transfer,No,3,No,Yes,Yes
CUST03292,69.0,Male,9,21.12,394.45,Two year,DSL,Credit card,Yes,1,Yes,No,No
CUST03293,46.0,Female,3,61.66,2755.45,Two year,DSL,Bank transfer,No,3,Yes,No,No
CUST03294,32.0,Male,8,35.53,796.58,Month-to-month,No,Credit card,No,2,No,No,No
CUST03295,60.0,Male,9,86.45,10188.8,Two year,Fiber optic,Electronic check,Yes,3,No,Yes,Yes
CUST03296,56.0,Female,0,20.41,131.92,One year,DSL,Bank transfer,No,3,No,Yes,Yes
CUST03297,69.0,Male,9,21.12,394.45,Two year,DSL,Credit card,Yes,1,Yes,No,No
CUST03298,46.0,Female,3,61.66,2755.45,Two year,DSL,Bank transfer,No,3,Yes,No,No
CUST03299,32.0,Male,8,35.53,796.58,Month-to-month,No,Credit card,No,2,No,No,No
CUST03300,60.0,Male,9,86.45,10188.8,Two year,Fiber optic,Electronic check,Yes,3,No,Yes,Yes
CUST03301,56.0,Female,0,20.41,131.92,One year,DSL,Bank transfer,No,3,No,Yes,Yes
CUST03302,69.0,Male,9,21.12,394.45,Two year,DSL,Credit card,Yes,1,Yes,No,No
CUST03303,46.0,Female,3,61.66,2755.45,Two year,DSL,Bank transfer,No,3,Yes,No,No
CUST03304,32.0,Male,8,35.53,796.58,Month-to-month,No,Credit card,No,2,No,No,No
CUST03305,60.0,Male,9,86.45,10188.8,Two year,Fiber optic,Electronic check,Yes,3,No,Yes,Yes
CUST03306,56.0,Female,0,20.41,131.92,One year,DSL,Bank transfer,No,3,No,Yes,Yes
CUST03307,69.0,Male,9,21.12,394.45,Two year,DSL,Credit card,Yes,1,Yes,No,No
CUST03308,46.0,Female,3,61.66,2755.45,Two year,DSL,Bank transfer,No,3,Yes,No,No
CUST03309,32.0,Male,8,35.53,796.58,Month-to-month,No,Credit card,No,2,No,No,No
CUST03310,60.0,Male,9,86.45,10188.8,Two year,Fiber optic,Electronic check,Yes,3,No,Yes,Yes
CUST03311,56.0,Female,0,20.41,131.92,One year,DSL,Bank transfer,No,3,No,Yes,Yes
CUST03312,69.0,Male,9,21.12,394.45,Two year,DSL,Credit card,Yes,1,Yes,No,No
CUST03313,46.0,Female,3,61.66,2755.45,Two year,DSL,Bank transfer,No,3,Yes,No,No
CUST03314,32.0,Male,8,35.53,796.58,Month-to-month,No,Credit card,No,2,No,No,No
CUST03315,60.0,Male,9,86.45,10188.8,Two year,Fiber optic,Electronic check,Yes,3,No,Yes,Yes
CUST03316,56.0,Female,0,20.41,131.92,One year,DSL,Bank transfer,No,3,No,Yes,Yes
CUST03317,69.0,Male,9,21.12,394.45,Two year,DSL,Credit card,Yes,1,Yes,No,No
CUST03318,46.0,Female,3,61.66,2755.45,Two year,DSL,Bank transfer,No,3,Yes,No,No
CUST03319,32.0,Male,8,35.53,796.58,Month-to-month,No,Credit card,No,2,No,No,No
CUST03320,60.0,Male,9,86.45,10188.8,Two year,Fiber optic,Electronic check,Yes,3,No,Yes,Yes
CUST03321,56.0,Female,0,20.41,131.92,One year,DSL,Bank transfer,No,3,No,Yes,Yes
CUST03322,69.0,Male,9,21.12,394.45,Two year,DSL,Credit card,Yes,1,Yes,No,No
CUST03323,46.0,Female,3,61.66,2755.45,Two year,DSL,Bank transfer,No,3,Yes,No,No
CUST03324,32.0,Male,8,35.53,796.58,Month-to-month,No,Credit card,No,2,No,No,No
CUST03325,60.0,Male,9,86.45,10188.8,Two year,Fiber optic,Electronic check,Yes,3,No,Yes,Yes
CUST03326,56.0,Female,0,20.41,131.92,One year,DSL,Bank transfer,No,3,No,Yes,Yes
CUST03327,69.0,Male,9,21.12,394.45,Two year,DSL,Credit card,Yes,1,Yes,No,No
CUST03328,46.0,Female,3,61.66,2755.45,Two year,DSL,Bank transfer,No,3,Yes,No,No
CUST03329,32.0,Male,8,35.53,796.58,Month-to-month,No,Credit card,No,2,No,No,No
CUST03330,60.0,Male,9,86.45,10188.8,Two year,Fiber optic,Electronic check,Yes,3,No,Yes,Yes
CUST03331,56.0,Female,0,20.41,131.92,One year,DSL,Bank transfer,No,3,No,Yes,Yes
CUST03332,69.0,Male,9,21.12,394.45,Two year,DSL,Credit card,Yes,1,Yes,No,No
CUST03333,46.0,Female,3,61.66,2755.45,Two year,DSL,Bank transfer,No,3,Yes,No,No
CUST03334,32.0,Male,8,35.53,796.58,Month-to-month,No,Credit card,No,2,No,No,No
CUST03335,60.0,Male,9,86.45,10188.8,Two year,Fiber optic,Electronic check,Yes,3,No,Yes,Yes
CUST03336,56.0,Female,0,20.41,131.92,One year,DSL,Bank transfer,No,3,No,Yes,Yes
CUST03337,69.0,Male,9,21.12,394.45,Two year,DSL,Credit card,Yes,1,Yes,No,No
CUST03338,46.0,Female,3,61.66,2755.45,Two year,DSL,Bank transfer,No,3,Yes,No,No
CUST03339,32.0,Male,8,35.53,796.58,Month-to-month,No,Credit card,No,2,No,No,No
CUST03340,60.0,Male,9,86.45,10188.8,Two year,Fiber optic,Electronic check,Yes,3,No,Yes,Yes
CUST03341,56.0,Female,0,20.41,131.92,One year,DSL,Bank transfer,No,3,No,Yes,Yes
CUST03342,69.0,Male,9,21.12,394.45,Two year,DSL,Credit card,Yes,1,Yes,No,No
CUST03343,46.0,Female,3,61.66,2755.45,Two year,DSL,Bank transfer,No,3,Yes,No,No
CUST03344,32.0,Male,8,35.53,796.58,Month-to-month,No,Credit card,No,2,No,No,No
CUST03345,60.0,Male,9,86.45,10188.8,Two year,Fiber optic,Electronic check,Yes,3,No,Yes,Yes
CUST03346,56.0,Female,0,20.41,131.92,One year,DSL,Bank transfer,No,3,No,Yes,Yes
CUST03347,69.0,Male,9,21.12,394.45,Two year,DSL,Credit card,Yes,1,Yes,No,No
CUST03348,46.0,Female,3,61.66,2755.45,Two year,DSL,Bank transfer,No,3,Yes,No,No
CUST03349,32.0,Male,8,35.53,796.58,Month-to-month,No,Credit card,No,2,No,No,No
CUST03350,60.0,Male,9,86.45,10188.8,Two year,Fiber optic,Electronic check,Yes,3,No,Yes,Yes
CUST03351,56.0,Female,0,20.41,131.92,One year,DSL,Bank transfer,No,3,No,Yes,Yes
CUST03352,69.0,Male,9,21.12,394.45,Two year,DSL,Credit card,Yes,1,Yes,No,No
CUST03353,46.0,Female,3,61.66,2755.45,Two year,DSL,Bank transfer,No,3,Yes,No,No
CUST03354,32.0,Male,8,35.53,796.58,Month-to-month,No,Credit card,No,2,No,No,No
CUST03355,60.0,Male,9,86.45,10188.8,Two year,Fiber optic,Electronic check,Yes,3,No,Yes,Yes
CUST03356,56.0,Female,0,20.41,131.92,One year,DSL,Bank transfer,No,3,No,Yes,Yes
CUST03357,69.0,Male,9,21.12,394.45,Two year,DSL,Credit card,Yes,1,Yes,No,No
CUST03358,46.0,Female,3,61.66,2755.45,Two year,DSL,Bank transfer,No,3,Yes,No,No
CUST03359,32.0,Male,8,35.53,796.58,Month-to-month,No,Credit card,No,2,No,No,No
CUST03360,60.0,Male,9,86.45,10188.8,Two year,Fiber optic,Electronic check,Yes,3,No,Yes,Yes
CUST03361,56.0,Female,0,20.41,131.92,One year,DSL,Bank transfer,No,3,No,Yes,Yes
CUST03362,69.0,Male,9,21.12,394.45,Two year,DSL,Credit card,Yes,1,Yes,No,No
CUST03363,46.0,Female,3,61.66,2755.45,Two year,DSL,Bank transfer,No,3,Yes,No,No
CUST03364,32.0,Male,8,35.53,796.58,Month-to-month,No,Credit card,No,2,No,No,No
CUST03365,60.0,Male,9,86.45,10188.8,Two year,Fiber optic,Electronic check,Yes,3,No,Yes,Yes
CUST03366,56.0,Female,0,20.41,131.92,One year,DSL,Bank transfer,No,3,No,Yes,Yes
CUST03367,69.0,Male,9,21.12,394.45,Two year,DSL,Credit card,Yes,1,Yes,No,No
CUST03368,46.0,Female,3,61.66,2755.45,Two year,DSL,Bank transfer,No,3,Yes,No,No
CUST03369,32.0,Male,8,35.53,796.58,Month-to-month,No,Credit card,No,2,No,No,No
CUST03370,60.0,Male,9,86.45,10188.8,Two year,Fiber optic,Electronic check,Yes,3,No,Yes,Yes
CUST03371,56.0,Female,0,20.41,131.92,One year,DSL,Bank transfer,No,3,No,Yes,Yes
CUST03372,69.0,Male,9,21.12,394.45,Two year,DSL,Credit card,Yes,1,Yes,No,No
CUST03373,46.0,Female,3,61.66,2755.45,Two year,DSL,Bank transfer,No,3,Yes,No,No
CUST03374,32.0,Male,8,35.53,796.58,Month-to-month,No,Credit card,No,2,No,No,No
CUST03375,60.0,Male,9,86.45,10188.8,Two year,Fiber optic,Electronic check,Yes,3,No,Yes,Yes
CUST03376,56.0,Female,0,20.41,131.92,One year,DSL,Bank transfer,No,3,No,Yes,Yes
CUST03377,69.0,Male,9,21.12,394.45,Two year,DSL,Credit card,Yes,1,Yes,No,No
CUST03378,46.0,Female,3,61.66,2755.45,Two year,DSL,Bank transfer,No,3,Yes,No,No
CUST03379,32.0,Male,8,35.53,796.58,Month-to-month,No,Credit card,No,2,No,No,No
CUST03380,60.0,Male,9,86.45,10188.8,Two year,Fiber optic,Electronic check,Yes,3,No,Yes,Yes
CUST03381,56.0,Female,0,20.41,131.92,One year,DSL,Bank transfer,No,3,No,Yes,Yes
CUST03382,69.0,Male,9,21.12,394.45,Two year,DSL,Credit card,Yes,1,Yes,No,No
CUST03383,46.0,Female,3,61.66,2755.45,Two year,DSL,Bank transfer,No,3,Yes,No,No
CUST03384,32.0,Male,8,35.53,796.58,Month-to-month,No,Credit card,No,2,No,No,No
CUST03385,60.0,Male,9,86.45,10188.8,Two year,Fiber optic,Electronic check,Yes,3,No,Yes,Yes
CUST03386,56.0,Female,0,20.41,131.92,One year,DSL,Bank transfer,No,3,No,Yes,Yes
CUST03387,69.0,Male,9,21.12,394.45,Two year,DSL,Credit card,Yes,1,Yes,No,No
CUST03388,46.0,Female,3,61.66,2755.45,Two year,DSL,Bank transfer,No,3,Yes,No,No
CUST03389,32.0,Male,8,35.53,796.58,Month-to-month,No,Credit card,No,2,No,No,No
CUST03390,60.0,Male,9,86.45,10188.8,Two year,Fiber optic,Electronic check,Yes,3,No,Yes,Yes
CUST03391,56.0,Female,0,20.41,131.92,One year,DSL,Bank transfer,No,3,No,Yes,Yes
CUST03392,69.0,Male,9,21.12,394.45,Two year,DSL,Credit card,Yes,1,Yes,No,No
CUST03393,46.0,Female,3,61.66,2755.45,Two year,DSL,Bank transfer,No,3,Yes,No,No
CUST03394,32.0,Male,8,35.53,796.58,Month-to-month,No,Credit card,No,2,No,No,No
CUST03395,60.0,Male,9,86.45,10188.8,Two year,Fiber optic,Electronic check,Yes,3,No,Yes,Yes
CUST03396,56.0,Female,0,20.41,131.92,One year,DSL,Bank transfer,No,3,No,Yes,Yes
CUST03397,69.0,Male,9,21.12,394.45,Two year,DSL,Credit card,Yes,1,Yes,No,No
CUST03398,46.0,Female,3,61.66,2755.45,Two year,DSL,Bank transfer,No,3,Yes,No,No
CUST03399,32.0,Male,8,35.53,796.58,Month-to-month,No,Credit card,No,2,No,No,No
CUST03400,60.0,Male,9,86.45,10188.8,Two year,Fiber optic,Electronic check,Yes,3,No,Yes,Yes
CUST03401,56.0,Female,0,20.41,131.92,One year,DSL,Bank transfer,No,3,No,Yes,Yes
CUST03402,69.0,Male,9,21.12,394.45,Two year,DSL,Credit card,Yes,1,Yes,No,No
CUST03403,46.0,Female,3,61.66,2755.45,Two year,DSL,Bank transfer,No,3,Yes,No,No
CUST03404,32.0,Male,8,35.53,796.58,Month-to-month,No,Credit card,No,2,No,No,No
CUST03405,60.0,Male,9,86.45,10188.8,Two year,Fiber optic,Electronic check,Yes,3,No,Yes,Yes
CUST03406,56.0,Female,0,20.41,131.92,One year,DSL,Bank transfer,No,3,No,Yes,Yes
CUST03407,69.0,Male,9,21.12,394.45,Two year,DSL,Credit card,Yes,1,Yes,No,No
CUST03408,46.0,Female,3,61.66,2755.45,Two year,DSL,Bank transfer,No,3,Yes,No,No
CUST03409,32.0,Male,8,35.53,796.58,Month-to-month,No,Credit card,No,2,No,No,No
CUST03410,60.0,Male,9,86.45,10188.8,Two year,Fiber optic,Electronic check,Yes,3,No,Yes,Yes
CUST03411,56.0,Female,0,20.41,131.92,One year,DSL,Bank transfer,No,3,No,Yes,Yes
CUST03412,69.0,Male,9,21.12,394.45,Two year,DSL,Credit card,Yes,1,Yes,No,No
CUST03413,46.0,Female,3,61.66,2755.45,Two year,DSL,Bank transfer,No,3,Yes,No,No
CUST03414,32.0,Male,8,35.53,796.58,Month-to-month,No,Credit card,No,2,No,No,No
CUST03415,60.0,Male,9,86.45,10188.8,Two year,Fiber optic,Electronic check,Yes,3,No,Yes,Yes
CUST03416,56.0,Female,0,20.41,131.92,One year,DSL,Bank transfer,No,3,No,Yes,Yes
CUST03417,69.0,Male,9,21.12,394.45,Two year,DSL,Credit card,Yes,1,Yes,No,No
CUST03418,46.0,Female,3,61.66,2755.45,Two year,DSL,Bank transfer,No,3,Yes,No,No
CUST03419,32.0,Male,8,35.53,796.58,Month-to-month,No,Credit card,No,2,No,No,No
CUST03420,60.0,Male,9,86.45,10188.8,Two year,Fiber optic,Electronic check,Yes,3,No,Yes,Yes
CUST03421,56.0,Female,0,20.41,131.92,One year,DSL,Bank transfer,No,3,No,Yes,Yes
CUST03422,69.0,Male,9,21.12,394.45,Two year,DSL,Credit card,Yes,1,Yes,No,No
CUST03423,46.0,Female,3,61.66,2755.45,Two year,DSL,Bank transfer,No,3,Yes,No,No
CUST03424,32.0,Male,8,35.53,796.58,Month-to-month,No,Credit card,No,2,No,No,No
CUST03425,60.0,Male,9,86.45,10188.8,Two year,Fiber optic,Electronic check,Yes,3,No,Yes,Yes
CUST03426,56.0,Female,0,20.41,131.92,One year,DSL,Bank transfer,No,3,No,Yes,Yes
CUST03427,69.0,Male,9,21.12,394.45,Two year,DSL,Credit card,Yes,1,Yes,No,No
CUST03428,46.0,Female,3,61.66,2755.45,Two year,DSL,Bank transfer,No,3,Yes,No,No
CUST03429,32.0,Male,8,35.53,796.58,Month-to-month,No,Credit card,No,2,No,No,No
CUST03430,60.0,Male,9,86.45,10188.8,Two year,Fiber optic,Electronic check,Yes,3,No,Yes,Yes
CUST03431,56.0,Female,0,20.41,131.92,One year,DSL,Bank transfer,No,3,No,Yes,Yes
CUST03432,69.0,Male,9,21.12,394.45,Two year,DSL,Credit card,Yes,1,Yes,No,No
CUST03433,46.0,Female,3,61.66,2755.45,Two year,DSL,Bank transfer,No,3,Yes,No,No
CUST03434,32.0,Male,8,35.53,796.58,Month-to-month,No,Credit card,No,2,No,No,No
CUST03435,60.0,Male,9,86.45,10188.8,Two year,Fiber optic,Electronic check,Yes,3,No,Yes,Yes
CUST03436,56.0,Female,0,20.41,131.92,One year,DSL,Bank transfer,No,3,No,Yes,Yes
CUST03437,69.0,Male,9,21.12,394.45,Two year,DSL,Credit card,Yes,1,Yes,No,No
CUST03438,46.0,Female,3,61.66,2755.45,Two year,DSL,Bank transfer,No,3,Yes,No,No
CUST03439,32.0,Male,8,35.53,796.58,Month-to-month,No,Credit card,No,2,No,No,No
CUST03440,60.0,Male,9,86.45,10188.8,Two year,Fiber optic,Electronic check,Yes,3,No,Yes,Yes
CUST03441,56.0,Female,0,20.41,131.92,One year,DSL,Bank transfer,No,3,No,Yes,Yes
CUST03442,69.0,Male,9,21.12,394.45,Two year,DSL,Credit card,Yes,1,Yes,No,No
CUST03443,46.0,Female,3,61.66,2755.45,Two year,DSL,Bank transfer,No,3,Yes,No,No
CUST03444,32.0,Male,8,35.53,796.58,Month-to-month,No,Credit card,No,2,No,No,No
CUST03445,60.0,Male,9,86.45,10188.8,Two year,Fiber optic,Electronic check,Yes,3,No,Yes,Yes
CUST03446,56.0,Female,0,20.41,131.92,One year,DSL,Bank transfer,No,3,No,Yes,Yes
CUST03447,69.0,Male,9,21.12,394.45,Two year,DSL,Credit card,Yes,1,Yes,No,No
CUST03448,46.0,Female,3,61.66,2755.45,Two year,DSL,Bank transfer,No,3,Yes,No,No
CUST03449,32.0,Male,8,35.53,796.58,Month-to-month,No,Credit card,No,2,No,No,No
CUST03450,60.0,Male,9,86.45,10188.8,Two year,Fiber optic,Electronic check,Yes,3,No,Yes,Yes
CUST03451,56.0,Female,0,20.41,131.92,One year,DSL,Bank transfer,No,3,No,Yes,Yes
CUST03452,69.0,Male,9,21.12,394.45,Two year,DSL,Credit card,Yes,1,Yes,No,No
CUST03453,46.0,Female,3,61.66,2755.45,Two year,DSL,Bank transfer,No,3,Yes,No,No
CUST03454,32.0,Male,8,35.53,796.58,Month-to-month,No,Credit card,No,2,No,No,No
CUST03455,60.0,Male,9,86.45,10188.8,Two year,Fiber optic,Electronic check,Yes,3,No,Yes,Yes
CUST03456,56.0,Female,0,20.41,131.92,One year,DSL,Bank transfer,No,3,No,Yes,Yes
CUST03457,69.0,Male,9,21.12,394.45,Two year,DSL,Credit card,Yes,1,Yes,No,No
CUST03458,46.0,Female,3,61.66,2755.45,Two year,DSL,Bank transfer,No,3,Yes,No,No
CUST03459,32.0,Male,8,35.53,796.58,Month-to-month,No,Credit card,No,2,No,No,No
CUST03460,60.0,Male,9,86.45,10188.8,Two year,Fiber optic,Electronic check,Yes,3,No,Yes,Yes
CUST03461,56.0,Female,0,20.41,131.92,One year,DSL,Bank transfer,No,3,No,Yes,Yes
CUST03462,69.0,Male,9,21.12,394.45,Two year,DSL,Credit card,Yes,1,Yes,No,No
CUST03463,46.0,Female,3,61.66,2755.45,Two year,DSL,Bank transfer,No,3,Yes,No,No
CUST03464,32.0,Male,8,35.53,796.58,Month-to-month,No,Credit card,No,2,No,No,No
CUST03465,60.0,Male,9,86.45,10188.8,Two year,Fiber optic,Electronic check,Yes,3,No,Yes,Yes
CUST03466,56.0,Female,0,20.41,131.92,One year,DSL,Bank transfer,No,3,No,Yes,Yes
CUST03467,69.0,Male,9,21.12,394.45,Two year,DSL,Credit card,Yes,1,Yes,No,No
CUST03468,46.0,Female,3,61.66,2755.45,Two year,DSL,Bank transfer,No,3,Yes,No,No
CUST03469,32.0,Male,8,35.53,796.58,Month-to-month,No,Credit card,No,2,No,No,No
CUST03470,60.0,Male,9,86.45,10188.8,Two year,Fiber optic,Electronic check,Yes,3,No,Yes,Yes
CUST03471,56.0,Female,0,20.41,131.92,One year,DSL,Bank transfer,No,3,No,Yes,Yes
CUST03472,69.0,Male,9,21.12,394.45,Two year,DSL,Credit card,Yes,1,Yes,No,No
CUST03473,46.0,Female,3,61.66,2755.45,Two year,DSL,Bank transfer,No,3,Yes,No,No
CUST03474,32.0,Male,8,35.53,796.58,Month-to-month,No,Credit card,No,2,No,No,No
CUST03475,60.0,Male,9,86.45,10188.8,Two year,Fiber optic,Electronic check,Yes,3,No,Yes,Yes
CUST03476,56.0,Female,0,20.41,131.92,One year,DSL,Bank transfer,No,3,No,Yes,Yes
CUST03477,69.0,Male,9,21.12,394.45,Two year,DSL,Credit card,Yes,1,Yes,No,No
CUST03478,46.0,Female,3,61.66,2755.45,Two year,DSL,Bank transfer,No,3,Yes,No,No
CUST03479,32.0,Male,8,35.53,796.58,Month-to-month,No,Credit card,No,2,No,No,No
CUST03480,60.0,Male,9,86.45,10188.8,Two year,Fiber optic,Electronic check,Yes,3,No,Yes,Yes
CUST03481,56.0,Female,0,20.41,131.92,One year,DSL,Bank transfer,No,3,No,Yes,Yes
CUST03482,69.0,Male,9,21.12,394.45,Two year,DSL,Credit card,Yes,1,Yes,No,No
CUST03483,46.0,Female,3,61.66,2755.45,Two year,DSL,Bank transfer,No,3,Yes,No,No
CUST03484,32.0,Male,8,35.53,796.58,Month-to-month,No,Credit card,No,2,No,No,No
CUST03485,60.0,Male,9,86.45,10188.8,Two year,Fiber optic,Electronic check,Yes,3,No,Yes,Yes
CUST03486,56.0,Female,0,20.41,131.92,One year,DSL,Bank transfer,No,3,No,Yes,Yes
CUST03487,69.0,Male,9,21.12,394.45,Two year,DSL,Credit card,Yes,1,Yes,No,No
CUST03488,46.0,Female,3,61.66,2755.45,Two year,DSL,Bank transfer,No,3,Yes,No,No
CUST03489,32.0,Male,8,35.53,796.58,Month-to-month,No,Credit card,No,2,No,No,No
CUST03490,60.0,Male,9,86.45,10188.8,Two year,Fiber optic,Electronic check,Yes,3,No,Yes,Yes
CUST03491,56.0,Female,0,20.41,131.92,One year,DSL,Bank transfer,No,3,No,Yes,Yes
CUST03492,69.0,Male,9,21.12,394.45,Two year,DSL,Credit card,Yes,1,Yes,No,No
CUST03493,46.0,Female,3,61.66,2755.45,Two year,DSL,Bank transfer,No,3,Yes,No,No
CUST03494,32.0,Male,8,35.53,796.58,Month-to-month,No,Credit card,No,2,No,No,No
CUST03495,60.0,Male,9,86.45,10188.8,Two year,Fiber optic,Electronic check,Yes,3,No,Yes,Yes
CUST03496,56.0,Female,0,20.41,131.92,One year,DSL,Bank transfer,No,3,No,Yes,Yes
CUST03497,69.0,Male,9,21.12,394.45,Two year,DSL,Credit card,Yes,1,Yes,No,No
CUST03498,46.0,Female,3,61.66,2755.45,Two year,DSL,Bank transfer,No,3,Yes,No,No
CUST03499,32.0,Male,8,35.53,796.58,Month-to-month,No,Credit card,No,2,No,No,No
CUST03500,60.0,Male,9,86.45,10188.8,Two year,Fiber optic,Electronic check,Yes,3,No,Yes,Yes
CUST03501,56.0,Female,0,20.41,131.92,One year,DSL,Bank transfer,No,3,No,Yes,Yes
CUST03502,69.0,Male,9,21.12,394.45,Two year,DSL,Credit card,Yes,1,Yes,No,No
CUST03503,46.0,Female,3,61.66,2755.45,Two year,DSL,Bank transfer,No,3,Yes,No,No
CUST03504,32.0,Male,8,35.53,796.58,Month-to-month,No,Credit card,No,2,No,No,No
CUST03505,60.0,Male,9,86.45,10188.8,Two year,Fiber optic,Electronic check,Yes,3,No,Yes,Yes
CUST03506,56.0,Female,0,20.41,131.92,One year,DSL,Bank transfer,No,3,No,Yes,Yes
CUST03507,69.0,Male,9,21.12,394.45,Two year,DSL,Credit card,Yes,1,Yes,No,No
CUST03508,46.0,Female,3,61.66,2755.45,Two year,DSL,Bank transfer,No,3,Yes,No,No
CUST03509,32.0,Male,8,35.53,796.58,Month-to-month,No,Credit card,No,2,No,No,No
CUST03510,60.0,Male,9,86.45,10188.8,Two year,Fiber optic,Electronic check,Yes,3,No,Yes,Yes
CUST03511,56.0,Female,0,20.41,131.92,One year,DSL,Bank transfer,No,3,No,Yes,Yes
CUST03512,69.0,Male,9,21.12,394.45,Two year,DSL,Credit card,Yes,1,Yes,No,No
CUST03513,46.0,Female,3,61.66,2755.45,Two year,DSL,Bank transfer,No,3,Yes,No,No
CUST03514,32.0,Male,8,35.53,796.58,Month-to-month,No,Credit card,No,2,No,No,No
CUST03515,60.0,Male,9,86.45,10188.8,Two year,Fiber optic,Electronic check,Yes,3,No,Yes,Yes
CUST03516,56.0,Female,0,20.41,131.92,One year,DSL,Bank transfer,No,3,No,Yes,Yes
CUST03517,69.0,Male,9,21.12,394.45,Two year,DSL,Credit card,Yes,1,Yes,No,No
CUST03518,46.0,Female,3,61.66,2755.45,Two year,DSL,Bank transfer,No,3,Yes,No,No
CUST03519,32.0,Male,8,35.53,796.58,Month-to-month,No,Credit card,No,2,No,No,No
CUST03520,60.0,Male,9,86.45,10188.8,Two year,Fiber optic,Electronic check,Yes,3,No,Yes,Yes
CUST03521,56.0,Female,0,20.41,131.92,One year,DSL,Bank transfer,No,3,No,Yes,Yes
CUST03522,69.0,Male,9,21.12,394.45,Two year,DSL,Credit card,Yes,1,Yes,No,No
CUST03523,46.0,Female,3,61.66,2755.45,Two year,DSL,Bank transfer,No,3,Yes,No,No
CUST03524,32.0,Male,8,35.53,796.58,Month-to-month,No,Credit card,No,2,No,No,No
CUST03525,60.0,Male,9,86.45,10188.8,Two year,Fiber optic,Electronic check,Yes,3,No,Yes,Yes
CUST03526,56.0,Female,0,20.41,131.92,One year,DSL,Bank transfer,No,3,No,Yes,Yes
CUST03527,69.0,Male,9,21.12,394.45,Two year,DSL,Credit card,Yes,1,Yes,No,No
CUST03528,46.0,Female,3,61.66,2755.45,Two year,DSL,Bank transfer,No,3,Yes,No,No
CUST03529,32.0,Male,8,35.53,796.58,Month-to-month,No,Credit card,No,2,No,No,No
CUST03530,60.0,Male,9,86.45,10188.8,Two year,Fiber optic,Electronic check,Yes,3,No,Yes,Yes
CUST03531,56.0,Female,0,20.41,131.92,One year,DSL,Bank transfer,No,3,No,Yes,Yes
CUST03532,69.0,Male,9,21.12,394.45,Two year,DSL,Credit card,Yes,1,Yes,No,No
CUST03533,46.0,Female,3,61.66,2755.45,Two year,DSL,Bank transfer,No,3,Yes,No,No
CUST03534,32.0,Male,8,35.53,796.58,Month-to-month,No,Credit card,No,2,No,No,No
CUST03535,60.0,Male,9,86.45,10188.8,Two year,Fiber optic,Electronic check,Yes,3,No,Yes,Yes
CUST03536,56.0,Female,0,20.41,131.92,One year,DSL,Bank transfer,No,3,No,Yes,Yes
CUST03537,69.0,Male,9,21.12,394.45,Two year,DSL,Credit card,Yes,1,Yes,No,No
CUST03538,46.0,Female,3,61.66,2755.45,Two year,DSL,Bank transfer,No,3,Yes,No,No
CUST03539,32.0,Male,8,35.53,796.58,Month-to-month,No,Credit card,No,2,No,No,No
CUST03540,60.0,Male,9,86.45,10188.8,Two year,Fiber optic,Electronic check,Yes,3,No,Yes,Yes
CUST03541,56.0,Female,0,20.41,131.92,One year,DSL,Bank transfer,No,3,No,Yes,Yes
CUST03542,69.0,Male,9,21.12,394.45,Two year,DSL,Credit card,Yes,1,Yes,No,No
CUST03543,46.0,Female,3,61.66,2755.45,Two year,DSL,Bank transfer,No,3,Yes,No,No
CUST03544,32.0,Male,8,35.53,796.58,Month-to-month,No,Credit card,No,2,No,No,No
CUST03545,60.0,Male,9,86.45,10188.8,Two year,Fiber optic,Electronic check,Yes,3,No,Yes,Yes
CUST03546,56.0,Female,0,20.41,131.92,One year,DSL,Bank transfer,No,3,No,Yes,Yes
CUST03547,69.0,Male,9,21.12,394.45,Two year,DSL,Credit card,Yes,1,Yes,No,No
CUST03548,46.0,Female,3,61.66,2755.45,Two year,DSL,Bank transfer,No,3,Yes,No,No
CUST03549,32.0,Male,8,35.53,796.58,Month-to-month,No,Credit card,No,2,No,No,No
CUST03550,60.0,Male,9,86.45,10188.8,Two year,Fiber optic,Electronic check,Yes,3,No,Yes,Yes
CUST03551,56.0,Female,0,20.41,131.92,One year,DSL,Bank transfer,No,3,No,Yes,Yes
CUST03552,69.0,Male,9,21.12,394.45,Two year,DSL,Credit card,Yes,1,Yes,No,No
CUST03553,46.0,Female,3,61.66,2755.45,Two year,DSL,Bank transfer,No,3,Yes,No,No
CUST03554,32.0,Male,8,35.53,796.58,Month-to-month,No,Credit card,No,2,No,No,No
CUST03555,60.0,Male,9,86.45,10188.8,Two year,Fiber optic,Electronic check,Yes,3,No,Yes,Yes
CUST03556,56.0,Female,0,20.41,131.92,One year,DSL,Bank transfer,No,3,No,Yes,Yes
CUST03557,69.0,Male,9,21.12,394.45,Two year,DSL,Credit card,Yes,1,Yes,No,No
CUST03558,46.0,Female,3,61.66,2755.45,Two year,DSL,Bank transfer,No,3,Yes,No,No
CUST03559,32.0,Male,8,35.53,796.58,Month-to-month,No,Credit card,No,2,No,No,No
CUST03560,60.0,Male,9,86.45,10188.8,Two year,Fiber optic,Electronic check,Yes,3,No,Yes,Yes
CUST03561,56.0,Female,0,20.41,131.92,One year,DSL,Bank transfer,No,3,No,Yes,Yes
CUST03562,69.0,Male,9,21.12,394.45,Two year,DSL,Credit card,Yes,1,Yes,No,No
CUST03563,46.0,Female,3,61.66,2755.45,Two year,DSL,Bank transfer,No,3,Yes,No,No
CUST03564,32.0,Male,8,35.53,796.58,Month-to-month,No,Credit card,No,2,No,No,No
CUST03565,60.0,Male,9,86.45,10188.8,Two year,Fiber optic,Electronic check,Yes,3,No,Yes,Yes
CUST03566,56.0,Female,0,20.41,131.92,One year,DSL,Bank transfer,No,3,No,Yes,Yes
CUST03567,69.0,Male,9,21.12,394.45,Two year,DSL,Credit card,Yes,1,Yes,No,No
CUST03568,46.0,Female,3,61.66,2755.45,Two year,DSL,Bank transfer,No,3,Yes,No,No
CUST03569,32.0,Male,8,35.53,796.58,Month-to-month,No,Credit card,No,2,No,No,No
CUST03570,60.0,Male,9,86.45,10188.8,Two year,Fiber optic,Electronic check,Yes,3,No,Yes,Yes
CUST03571,56.0,Female,0,20.41,131.92,One year,DSL,Bank transfer,No,3,No,Yes,Yes
CUST03572,69.0,Male,9,21.12,394.45,Two year,DSL,Credit card,Yes,1,Yes,No,No
CUST03573,46.0,Female,3,61.66,2755.45,Two year,DSL,Bank transfer,No,3,Yes,No,No
CUST03574,32.0,Male,8,35.53,796.58,Month-to-month,No,Credit card,No,2,No,No,No
CUST03575,60.0,Male,9,86.45,10188.8,Two year,Fiber optic,Electronic check,Yes,3,No,Yes,Yes
CUST03576,56.0,Female,0,20.41,131.92,One year,DSL,Bank transfer,No,3,No,Yes,Yes
CUST03577,69.0,Male,9,21.12,394.45,Two year,DSL,Credit card,Yes,1,Yes,No,No
CUST03578,46.0,Female,3,61.66,2755.45,Two year,DSL,Bank transfer,No,3,Yes,No,No
CUST03579,32.0,Male,8,35.53,796.58,Month-to-month,No,Credit card,No,2,No,No,No
CUST03580,60.0,Male,9,86.45,10188.8,Two year,Fiber optic,Electronic check,Yes,3,No,Yes,Yes
CUST03581,56.0,Female,0,20.41,131.92,One year,DSL,Bank transfer,No,3,No,Yes,Yes
CUST03582,69.0,Male,9,21.12,394.45,Two year,DSL,Credit card,Yes,1,Yes,No,No
CUST03583,46.0,Female,3,61.66,2755.45,Two year,DSL,Bank transfer,No,3,Yes,No,No
CUST03584,32.0,Male,8,35.53,796.58,Month-to-month,No,Credit card,No,2,No,No,No
CUST03585,60.0,Male,9,86.45,10188.8,Two year,Fiber optic,Electronic check,Yes,3,No,Yes,Yes
CUST03586,56.0,Female,0,20.41,131.92,One year,DSL,Bank transfer,No,3,No,Yes,Yes
CUST03587,69.0,Male,9,21.12,394.45,Two year,DSL,Credit card,Yes,1,Yes,No,No
CUST03588,46.0,Female,3,61.66,2755.45,Two year,DSL,Bank transfer,No,3,Yes,No,No
CUST03589,32.0,Male,8,35.53,796.58,Month-to-month,No,Credit card,No,2,No,No,No
CUST03590,60.0,Male,9,86.45,10188.8,Two year,Fiber optic,Electronic check,Yes,3,No,Yes,Yes
CUST03591,56.0,Female,0,20.41,131.92,One year,DSL,Bank transfer,No,3,No,Yes,Yes
CUST03592,69.0,Male,9,21.12,394.45,Two year,DSL,Credit card,Yes,1,Yes,No,No
CUST03593,46.0,Female,3,61.66,2755.45,Two year,DSL,Bank transfer,No,3,Yes,No,No
CUST03594,32.0,Male,8,35.53,796.58,Month-to-month,No,Credit card,No,2,No,No,No
CUST03595,60.0,Male,9,86.45,10188.8,Two year,Fiber optic,Electronic check,Yes,3,No,Yes,Yes
CUST03596,56.0,Female,0,20.41,131.92,One year,DSL,Bank transfer,No,3,No,Yes,Yes
CUST03597,69.0,Male,9,21.12,394.45,Two year,DSL,Credit card,Yes,1,Yes,No,No
CUST03598,46.0,Female,3,61.66,2755.45,Two year,DSL,Bank transfer,No,3,Yes,No,No
CUST03599,32.0,Male,8,35.53,796.58,Month-to-month,No,Credit card,No,2,No,No,No
CUST03600,60.0,Male,9,86.45,10188.8,Two year,Fiber optic,Electronic check,Yes,3,No,Yes,Yes
CUST03601,56.0,Female,0,20.41,131.92,One year,DSL,Bank transfer,No,3,No,Yes,Yes
CUST03602,69.0,Male,9,21.12,394.45,Two year,DSL,Credit card,Yes,1,Yes,No,No
CUST03603,46.0,Female,3,61.66,2755.45,Two year,DSL,Bank transfer,No,3,Yes,No,No
CUST03604,32.0,Male,8,35.53,796.58,Month-to-month,No,Credit card,No,2,No,No,No
CUST03605,60.0,Male,9,86.45,10188.8,Two year,Fiber optic,Electronic check,Yes,3,No,Yes,Yes
CUST03606,56.0,Female,0,20.41,131.92,One year,DSL,Bank transfer,No,3,No,Yes,Yes
CUST03607,69.0,Male,9,21.12,394.45,Two year,DSL,Credit card,Yes,1,Yes,No,No
CUST03608,46.0,Female,3,61.66,2755.45,Two year,DSL,Bank transfer,No,3,Yes,No,No
CUST03609,32.0,Male,8,35.53,796.58,Month-to-month,No,Credit card,No,2,No,No,No
CUST03610,60.0,Male,9,86.45,10188.8,Two year,Fiber optic,Electronic check,Yes,3,No,Yes,Yes
CUST03611,56.0,Female,0,20.41,131.92,One year,DSL,Bank transfer,No,3,No,Yes,Yes
CUST03612,69.0,Male,9,21.12,394.45,Two year,DSL,Credit card,Yes,1,Yes,No,No
CUST03613,46.0,Female,3,61.66,2755.45,Two year,DSL,Bank transfer,No,3,Yes,No,No
CUST03614,32.0,Male,8,35.53,796.58,Month-to-month,No,Credit card,No,2,No,No,No
CUST03615,60.0,Male,9,86.45,10188.8,Two year,Fiber optic,Electronic check,Yes,3,No,Yes,Yes
CUST03616,56.0,Female,0,20.41,131.92,One year,DSL,Bank transfer,No,3,No,Yes,Yes
CUST03617,69.0,Male,9,21.12,394.45,Two year,DSL,Credit card,Yes,1,Yes,No,No
CUST03618,46.0,Female,3,61.66,2755.45,Two year,DSL,Bank transfer,No,3,Yes,No,No
CUST03619,32.0,Male,8,35.53,796.58,Month-to-month,No,Credit card,No,2,No,No,No
CUST03620,60.0,Male,9,86.45,10188.8,Two year,Fiber optic,Electronic check,Yes,3,No,Yes,Yes
CUST03621,56.0,Female,0,20.41,131.92,One year,DSL,Bank transfer,No,3,No,Yes,Yes
CUST03622,69.0,Male,9,21.12,394.45,Two year,DSL,Credit card,Yes,1,Yes,No,No
CUST03623,46.0,Female,3,61.66,2755.45,Two year,DSL,Bank transfer,No,3,Yes,No,No
CUST03624,32.0,Male,8,35.53,796.58,Month-to-month,No,Credit card,No,2,No,No,No
CUST03625,60.0,Male,9,86.45,10188.8,Two year,Fiber optic,Electronic check,Yes,3,No,Yes,Yes
CUST03626,56.0,Female,0,20.41,131.92,One year,DSL,Bank transfer,No,3,No,Yes,Yes
CUST03627,69.0,Male,9,21.12,394.45,Two year,DSL,Credit card,Yes,1,Yes,No,No
CUST03628,46.0,Female,3,61.66,2755.45,Two year,DSL,Bank transfer,No,3,Yes,No,No
CUST03629,32.0,Male,8,35.53,796.58,Month-to-month,No,Credit card,No,2,No,No,No
CUST03630,60.0,Male,9,86.45,10188.8,Two year,Fiber optic,Electronic check,Yes,3,No,Yes,Yes
CUST03631,56.0,Female,0,20.41,131.92,One year,DSL,Bank transfer,No,3,No,Yes,Yes
CUST03632,69.0,Male,9,21.12,394.45,Two year,DSL,Credit card,Yes,1,Yes,No,No
CUST03633,46.0,Female,3,61.66,2755.45,Two year,DSL,Bank transfer,No,3,Yes,No,No
CUST03634,32.0,Male,8,35.53,796.58,Month-to-month,No,Credit card,No,2,No,No,No
CUST03635,60.0,Male,9,86.45,10188.8,Two year,Fiber optic,Electronic check,Yes,3,No,Yes,Yes
CUST03636,56.0,Female,0,20.41,131.92,One year,DSL,Bank transfer,No,3,No,Yes,Yes
CUST03637,69.0,Male,9,21.12,394.45,Two year,DSL,Credit card,Yes,1,Yes,No,No
CUST03638,46.0,Female,3,61.66,2755.45,Two year,DSL,Bank transfer,No,3,Yes,No,No
CUST03639,32.0,Male,8,35.53,796.58,Month-to-month,No,Credit card,No,2,No,No,No
CUST03640,60.0,Male,9,86.45,10188.8,Two year,Fiber optic,Electronic check,Yes,3,No,Yes,Yes
CUST03641,56.0,Female,0,20.41,131.92,One year,DSL,Bank transfer,No,3,No,Yes,Yes
CUST03642,69.0,Male,9,21.12,394.45,Two year,DSL,Credit card,Yes,1,Yes,No,No
CUST03643,46.0,Female,3,61.66,2755.45,Two year,DSL,Bank transfer,No,3,Yes,No,No
CUST03644,32.0,Male,8,35.53,796.58,Month-to-month,No,Credit card,No,2,No,No,No
CUST03645,60.0,Male,9,86.45,10188.8,Two year,Fiber optic,Electronic check,Yes,3,No,Yes,Yes
CUST03646,56.0,Female,0,20.41,131.92,One year,DSL,Bank transfer,No,3,No,Yes,Yes
CUST03647,69.0,Male,9,21.12,394.45,Two year,DSL,Credit card,Yes,1,Yes,No,No
CUST03648,46.0,Female,3,61.66,2755.45,Two year,DSL,Bank transfer,No,3,Yes,No,No
CUST03649,32.0,Male,8,35.53,796.58,Month-to-month,No,Credit card,No,2,No,No,No
CUST03650,60.0,Male,9,86.45,10188.8,Two year,Fiber optic,Electronic check,Yes,3,No,Yes,Yes
CUST03651,56.0,Female,0,20.41,131.92,One year,DSL,Bank transfer,No,3,No,Yes,Yes
CUST03652,69.0,Male,9,21.12,394.45,Two year,DSL,Credit card,Yes,1,Yes,No,No
CUST03653,46.0,Female,3,61.66,2755.45,Two year,DSL,Bank transfer,No,3,Yes,No,No
CUST03654,32.0,Male,8,35.53,796.58,Month-to-month,No,Credit card,No,2,No,No,No
CUST03655,60.0,Male,9,86.45,10188.8,Two year,Fiber optic,Electronic check,Yes,3,No,Yes,Yes
CUST03656,56.0,Female,0,20.41,131.92,One year,DSL,Bank transfer,No,3,No,Yes,Yes
CUST03657,69.0,Male,9,21.12,394.45,Two year,DSL,Credit card,Yes,1,Yes,No,No
CUST03658,46.0,Female,3,61.66,2755.45,Two year,DSL,Bank transfer,No,3,Yes,No,No
CUST03659,32.0,Male,8,35.53,796.58,Month-to-month,No,Credit card,No,2,No,No,No
CUST03660,60.0,Male,9,86.45,10188.8,Two year,Fiber optic,Electronic check,Yes,3,No,Yes,Yes
CUST03661,56.0,Female,0,20.41,131.92,One year,DSL,Bank transfer,No,3,No,Yes,Yes
CUST03662,69.0,Male,9,21.12,394.45,Two year,DSL,Credit card,Yes,1,Yes,No,No
CUST03663,46.0,Female,3,61.66,2755.45,Two year,DSL,Bank transfer,No,3,Yes,No,No
CUST03664,32.0,Male,8,35.53,796.58,Month-to-month,No,Credit card,No,2,No,No,No
CUST03665,60.0,Male,9,86.45,10188.8,Two year,Fiber optic,Electronic check,Yes,3,No,Yes,Yes
CUST03666,56.0,Female,0,20.41,131.92,One year,DSL,Bank transfer,No,3,No,Yes,Yes
CUST03667,69.0,Male,9,21.12,394.45,Two year,DSL,Credit card,Yes,1,Yes,No,No
CUST03668,46.0,Female,3,61.66,2755.45,Two year,DSL,Bank transfer,No,3,Yes,No,No
CUST03669,32.0,Male,8,35.53,796.58,Month-to-month,No,Credit card,No,2,No,No,No
CUST03670,60.0,Male,9,86.45,10188.8,Two year,Fiber optic,Electronic check,Yes,3,No,Yes,Yes
CUST03671,56.0,Female,0,20.41,131.92,One year,DSL,Bank transfer,No,3,No,Yes,Yes
CUST03672,69.0,Male,9,21.12,394.45,Two year,DSL,Credit card,Yes,1,Yes,No,No
CUST03673,46.0,Female,3,61.66,2755.45,Two year,DSL,Bank transfer,No,3,Yes,No,No
CUST03674,32.0,Male,8,35.53,796.58,Month-to-month,No,Credit card,No,2,No,No,No
CUST03675,60.0,Male,9,86.45,10188.8,Two year,Fiber optic,Electronic check,Yes,3,No,Yes,Yes
CUST03676,56.0,Female,0,20.41,131.92,One year,DSL,Bank transfer,No,3,No,Yes,Yes
CUST03677,69.0,Male,9,21.12,394.45,Two year,DSL,Credit card,Yes,1,Yes,No,No
CUST03678,46.0,Female,3,61.66,2755.45,Two year,DSL,Bank transfer,No,3,Yes,No,No
CUST03679,32.0,Male,8,35.53,796.58,Month-to-month,No,Credit card,No,2,No,No,No
CUST03680,60.0,Male,9,86.45,10188.8,Two year,Fiber optic,Electronic check,Yes,3,No,Yes,Yes
CUST03681,56.0,Female,0,20.41,131.92,One year,DSL,Bank transfer,No,3,No,Yes,Yes
CUST03682,69.0,Male,9,21.12,394.45,Two year,DSL,Credit card,Yes,1,Yes,No,No
CUST03683,46.0,Female,3,61.66,2755.45,Two year,DSL,Bank transfer,No,3,Yes,No,No
CUST03684,32.0,Male,8,35.53,796.58,Month-to-month,No,Credit card,No,2,No,No,No
CUST03685,60.0,Male,9,86.45,10188.8,Two year,Fiber optic,Electronic check,Yes,3,No,Yes,Yes
CUST03686,56.0,Female,0,20.41,131.92,One year,DSL,Bank transfer,No,3,No,Yes,Yes
CUST03687,69.0,Male,9,21.12,394.45,Two year,DSL,Credit card,Yes,1,Yes,No,No
CUST03688,46.0,Female,3,61.66,2755.45,Two year,DSL,Bank transfer,No,3,Yes,No,No
CUST03689,32.0,Male,8,35.53,796.58,Month-to-month,No,Credit card,No,2,No,No,No
CUST03690,60.0,Male,9,86.45,10188.8,Two year,Fiber optic,Electronic check,Yes,3,No,Yes,Yes
CUST03691,56.0,Female,0,20.41,131.92,One year,DSL,Bank transfer,No,3,No,Yes,Yes
CUST03692,69.0,Male,9,21.12,394.45,Two year,DSL,Credit card,Yes,1,Yes,No,No
CUST03693,46.0,Female,3,61.66,2755.45,Two year,DSL,Bank transfer,No,3,Yes,No,No
CUST03694,32.0,Male,8,35.53,796.58,Month-to-month,No,Credit card,No,2,No,No,No
CUST03695,60.0,Male,9,86.45,10188.8,Two year,Fiber optic,Electronic check,Yes,3,No,Yes,Yes
CUST03696,56.0,Female,0,20.41,131.92,One year,DSL,Bank transfer,No,3,No,Yes,Yes
CUST03697,69.0,Male,9,21.12,394.45,Two year,DSL,Credit card,Yes,1,Yes,No,No
CUST03698,46.0,Female,3,61.66,2755.45,Two year,DSL,Bank transfer,No,3,Yes,No,No
CUST03699,32.0,Male,8,35.53,796.58,Month-to-month,No,Credit card,No,2,No,No,No
CUST03700,60.0,Male,9,86.45,10188.8,Two year,Fiber optic,Electronic check,Yes,3,No,Yes,Yes
CUST03701,56.0,Female,0,20.41,131.92,One year,DSL,Bank transfer,No,3,No,Yes,Yes
CUST03702,69.0,Male,9,21.12,394.45,Two year,DSL,Credit card,Yes,1,Yes,No,No
CUST03703,46.0,Female,3,61.66,2755.45,Two year,DSL,Bank transfer,No,3,Yes,No,No
CUST03704,32.0,Male,8,35.53,796.58,Month-to-month,No,Credit card,No,2,No,No,No
CUST03705,60.0,Male,9,86.45,10188.8,Two year,Fiber optic,Electronic check,Yes,3,No,Yes,Yes
CUST03706,56.0,Female,0,20.41,131.92,One year,DSL,Bank transfer,No,3,No,Yes,Yes
CUST03707,69.0,Male,9,21.12,394.45,Two year,DSL,Credit card,Yes,1,Yes,No,No
CUST03708,46.0,Female,3,61.66,2755.45,Two year,DSL,Bank transfer,No,3,Yes,No,No
CUST03709,32.0,Male,8,35.53,796.58,Month-to-month,No,Credit card,No,2,No,No,No
CUST03710,60.0,Male,9,86.45,10188.8,Two year,Fiber optic,Electronic check,Yes,3,No,Yes,Yes
CUST03711,56.0,Female,0,20.41,131.92,One year,DSL,Bank transfer,No,3,No,Yes,Yes
CUST03712,69.0,Male,9,21.12,394.45,Two year,DSL,Credit card,Yes,1,Yes,No,No
CUST03713,46.0,Female,3,61.66,2755.45,Two year,DSL,Bank transfer,No,3,Yes,No,No
CUST03714,32.0,Male,8,35.53,796.58,Month-to-month,No,Credit card,No,2,No,No,No
CUST03715,60.0,Male,9,86.45,10188.8,Two year,Fiber optic,Electronic check,Yes,3,No,Yes,Yes
CUST03716,56.0,Female,0,20.41,131.92,One year,DSL,Bank transfer,No,3,No,Yes,Yes
CUST03717,69.0,Male,9,21.12,394.45,Two year,DSL,Credit card,Yes,1,Yes,No,No
CUST03718,46.0,Female,3,61.66,2755.45,Two year,DSL,Bank transfer,No,3,Yes,No,No
CUST03719,32.0,Male,8,35.53,796.58,Month-to-month,No,Credit card,No,2,No,No,No
CUST03720,60.0,Male,9,86.45,10188.8,Two year,Fiber optic,Electronic check,Yes,3,No,Yes,Yes
CUST03721,56.0,Female,0,20.41,131.92,One year,DSL,Bank transfer,No,3,No,Yes,Yes
CUST03722,69.0,Male,9,21.12,394.45,Two year,DSL,Credit card,Yes,1,Yes,No,No
CUST03723,46.0,Female,3,61.66,2755.45,Two year,DSL,Bank transfer,No,3,Yes,No,No
CUST03724,32.0,Male,8,35.53,796.58,Month-to-month,No,Credit card,No,2,No,No,No
CUST03725,60.0,Male,9,86.45,10188.8,Two year,Fiber optic,Electronic check,Yes,3,No,Yes,Yes
CUST03726,56.0,Female,0,20.41,131.92,One year,DSL,Bank transfer,No,3,No,Yes,Yes
CUST03727,69.0,Male,9,21.12,394.45,Two year,DSL,Credit card,Yes,1,Yes,No,No
CUST03728,46.0,Female,3,61.66,2755.45,Two year,DSL,Bank transfer,No,3,Yes,No,No
CUST03729,32.0,Male,8,35.53,796.58,Month-to-month,No,Credit card,No,2,No,No,No
CUST03730,60.0,Male,9,86.45,10188.8,Two year,Fiber optic,Electronic check,Yes,3,No,Yes,Yes
CUST03731,56.0,Female,0,20.41,131.92,One year,DSL,Bank transfer,No,3,No,Yes,Yes
CUST03732,69.0,Male,9,21.12,394.45,Two year,DSL,Credit card,Yes,1,Yes,No,No
CUST03733,46.0,Female,3,61.66,2755.45,Two year,DSL,Bank transfer,No,3,Yes,No,No
CUST03734,32.0,Male,8,35.53,796.58,Month-to-month,No,Credit card,No,2,No,No,No
CUST03735,60.0,Male,9,86.45,10188.8,Two year,Fiber optic,Electronic check,Yes,3,No,Yes,Yes
CUST03736,56.0,Female,0,20.41,131.92,One year,DSL,Bank transfer,No,3,No,Yes,Yes
CUST03737,69.0,Male,9,21.12,394.45,Two year,DSL,Credit card,Yes,1,Yes,No,No
CUST03738,46.0,Female,3,61.66,2755.45,Two year,DSL,Bank transfer,No,3,Yes,No,No
CUST03739,32.0,Male,8,35.53,796.58,Month-to-month,No,Credit card,No,2,No,No,No
CUST03740,60.0,Male,9,86.45,10188.8,Two year,Fiber optic,Electronic check,Yes,3,No,Yes,Yes
CUST03741,56.0,Female,0,20.41,131.92,One year,DSL,Bank transfer,No,3,No,Yes,Yes
CUST03742,69.0,Male,9,21.12,394.45,Two year,DSL,Credit card,Yes,1,Yes,No,No
CUST03743,46.0,Female,3,61.66,2755.45,Two year,DSL,Bank transfer,No,3,Yes,No,No
CUST03744,32.0,Male,8,35.53,796.58,Month-to-month,No,Credit card,No,2,No,No,No
CUST03745,60.0,Male,9,86.45,10188.8,Two year,Fiber optic,Electronic check,Yes,3,No,Yes,Yes
CUST03746,56.0,Female,0,20.41,131.92,One year,DSL,Bank transfer,No,3,No,Yes,Yes
CUST03747,69.0,Male,9,21.12,394.45,Two year,DSL,Credit card,Yes,1,Yes,No,No
CUST03748,46.0,Female,3,61.66,2755.45,Two year,DSL,Bank transfer,No,3,Yes,No,No
CUST03749,32.0,Male,8,35.53,796.58,Month-to-month,No,Credit card,No,2,No,No,No
CUST03750,60.0,Male,9,86.45,10188.8,Two year,Fiber optic,Electronic check,Yes,3,No,Yes,Yes
CUST03751,56.0,Female,0,20.41,131.92,One year,DSL,Bank transfer,No,3,No,Yes,Yes
CUST03752,69.0,Male,9,21.12,394.45,Two year,DSL,Credit card,Yes,1,Yes,No,No
CUST03753,46.0,Female,3,61.66,2755.45,Two year,DSL,Bank transfer,No,3,Yes,No,No
CUST03754,32.0,Male,8,35.53,796.58,Month-to-month,No,Credit card,No,2,No,No,No
CUST03755,60.0,Male,9,86.45,10188.8,Two year,Fiber optic,Electronic check,Yes,3,No,Yes,Yes
CUST03756,56.0,Female,0,20.41,131.92,One year,DSL,Bank transfer,No,3,No,Yes,Yes
CUST03757,69.0,Male,9,21.12,394.45,Two year,DSL,Credit card,Yes,1,Yes,No,No
CUST03758,46.0,Female,3,61.66,2755.45,Two year,DSL,Bank transfer,No,3,Yes,No,No
CUST03759,32.0,Male,8,35.53,796.58,Month-to-month,No,Credit card,No,2,No,No,No
CUST03760,60.0,Male,9,86.45,10188.8,Two year,Fiber optic,Electronic check,Yes,3,No,Yes,Yes
CUST03761,56.0,Female,0,20.41,131.92,One year,DSL,Bank transfer,No,3,No,Yes,Yes
CUST03762,69.0,Male,9,21.12,394.45,Two year,DSL,Credit card,Yes,1,Yes,No,No
CUST03763,46.0,Female,3,61.66,2755.45,Two year,DSL,Bank transfer,No,3,Yes,No,No
CUST03764,32.0,Male,8,35.53,796.58,Month-to-month,No,Credit card,No,2,No,No,No
CUST03765,60.0,Male,9,86.45,10188.8,Two year,Fiber optic,Electronic check,Yes,3,No,Yes,Yes
CUST03766,56.0,Female,0,20.41,131.92,One year,DSL,Bank transfer,No,3,No,Yes,Yes
CUST03767,69.0,Male,9,21.12,394.45,Two year,DSL,Credit card,Yes,1,Yes,No,No
CUST03768,46.0,Female,3,61.66,2755.45,Two year,DSL,Bank transfer,No,3,Yes,No,No
CUST03769,32.0,Male,8,35.53,796.58,Month-to-month,No,Credit card,No,2,No,No,No
CUST03770,60.0,Male,9,86.45,10188.8,Two year,Fiber optic,Electronic check,Yes,3,No,Yes,Yes
CUST03771,56.0,Female,0,20.41,131.92,One year,DSL,Bank transfer,No,3,No,Yes,Yes
CUST03772,69.0,Male,9,21.12,394.45,Two year,DSL,Credit card,Yes,1,Yes,No,No
CUST03773,46.0,Female,3,61.66,2755.45,Two year,DSL,Bank transfer,No,3,Yes,No,No
CUST03774,32.0,Male,8,35.53,796.58,Month-to-month,No,Credit card,No,2,No,No,No
CUST03775,60.0,Male,9,86.45,10188.8,Two year,Fiber optic,Electronic check,Yes,3,No,Yes,Yes
CUST03776,56.0,Female,0,20.41,131.92,One year,DSL,Bank transfer,No,3,No,Yes,Yes
CUST03777,69.0,Male,9,21.12,394.45,Two year,DSL,Credit card,Yes,1,Yes,No,No
CUST03778,46.0,Female,3,61.66,2755.45,Two year,DSL,Bank transfer,No,3,Yes,No,No
CUST03779,32.0,Male,8,35.53,796.58,Month-to-month,No,Credit card,No,2,No,No,No
CUST03780,60.0,Male,9,86.45,10188.8,Two year,Fiber optic,Electronic check,Yes,3,No,Yes,Yes
CUST03781,56.0,Female,0,20.41,131.92,One year,DSL,Bank transfer,No,3,No,Yes,Yes
CUST03782,69.0,Male,9,21.12,394.45,Two year,DSL,Credit card,Yes,1,Yes,No,No
CUST03783,46.0,Female,3,61.66,2755.45,Two year,DSL,Bank transfer,No,3,Yes,No,No
CUST03784,32.0,Male,8,35.53,796.58,Month-to-month,No,Credit card,No,2,No,No,No
CUST03785,60.0,Male,9,86.45,10188.8,Two year,Fiber optic,Electronic check,Yes,3,No,Yes,Yes
CUST03786,56.0,Female,0,20.41,131.92,One year,DSL,Bank transfer,No,3,No,Yes,Yes
CUST03787,69.0,Male,9,21.12,394.45,Two year,DSL,Credit card,Yes,1,Yes,No,No
CUST03788,46.0,Female,3,61.66,2755.45,Two year,DSL,Bank transfer,No,3,Yes,No,No
CUST03789,32.0,Male,8,35.53,796.58,Month-to-month,No,Credit card,No,2,No,No,No
CUST03790,60.0,Male,9,86.45,10188.8,Two year,Fiber optic,Electronic check,Yes,3,No,Yes,Yes
CUST03791,56.0,Female,0,20.41,131.92,One year,DSL,Bank transfer,No,3,No,Yes,Yes
CUST03792,69.0,Male,9,21.12,394.45,Two year,DSL,Credit card,Yes,1,Yes,No,No
CUST03793,46.0,Female,3,61.66,2755.45,Two year,DSL,Bank transfer,No,3,Yes,No,No
CUST03794,32.0,Male,8,35.53,796.58,Month-to-month,No,Credit card,No,2,No,No,No
CUST03795,60.0,Male,9,86.45,10188.8,Two year,Fiber optic,Electronic check,Yes,3,No,Yes,Yes
CUST03796,56.0,Female,0,20.41,131.92,One year,DSL,Bank transfer,No,3,No,Yes,Yes
CUST03797,69.0,Male,9,21.12,394.45,Two year,DSL,Credit card,Yes,1,Yes,No,No
CUST03798,46.0,Female,3,61.66,2755.45,Two year,DSL,Bank transfer,No,3,Yes,No,No
CUST03799,32.0,Male,8,35.53,796.58,Month-to-month,No,Credit card,No,2,No,No,No
CUST03800,60.0,Male,9,86.45,10188.8,Two year,Fiber optic,Electronic check,Yes,3,No,Yes,Yes
CUST03801,56.0,Female,0,20.41,131.92,One year,DSL,Bank transfer,No,3,No,Yes,Yes
CUST03802,69.0,Male,9,21.12,394.45,Two year,DSL,Credit card,Yes,1,Yes,No,No
CUST03803,46.0,Female,3,61.66,2755.45,Two year,DSL,Bank transfer,No,3,Yes,No,No
CUST03804,32.0,Male,8,35.53,796.58,Month-to-month,No,Credit card,No,2,No,No,No
CUST03805,60.0,Male,9,86.45,10188.8,Two year,Fiber optic,Electronic check,Yes,3,No,Yes,Yes
CUST03806,56.0,Female,0,20.41,131.92,One year,DSL,Bank transfer,No,3,No,Yes,Yes
CUST03807,69.0,Male,9,21.12,394.45,Two year,DSL,Credit card,Yes,1,Yes,No,No
CUST03808,46.0,Female,3,61.66,2755.45,Two year,DSL,Bank transfer,No,3,Yes,No,No
CUST03809,32.0,Male,8,35.53,796.58,Month-to-month,No,Credit card,No,2,No,No,No
CUST03810,60.0,Male,9,86.45,10188.8,Two year,Fiber optic,Electronic check,Yes,3,No,Yes,Yes
CUST03811,56.0,Female,0,20.41,131.92,One year,DSL,Bank transfer,No,3,No,Yes,Yes
CUST03812,69.0,Male,9,21.12,394.45,Two year,DSL,Credit card,Yes,1,Yes,No,No
CUST03813,46.0,Female,3,61.66,2755.45,Two year,DSL,Bank transfer,No,3,Yes,No,No
CUST03814,32.0,Male,8,35.53,796.58,Month-to-month,No,Credit card,No,2,No,No,No
CUST03815,60.0,Male,9,86.45,10188.8,Two year,Fiber optic,Electronic check,Yes,3,No,Yes,Yes
CUST03816,56.0,Female,0,20.41,131.92,One year,DSL,Bank transfer,No,3,No,Yes,Yes
CUST03817,69.0,Male,9,21.12,394.45,Two year,DSL,Credit card,Yes,1,Yes,No,No
CUST03818,46.0,Female,3,61.66,2755.45,Two year,DSL,Bank transfer,No,3,Yes,No,No
CUST03819,32.0,Male,8,35.53,796.58,Month-to-month,No,Credit card,No,2,No,No,No
CUST03820,60.0,Male,9,86.45,10188.8,Two year,Fiber optic,Electronic check,Yes,3,No,Yes,Yes
CUST03821,56.0,Female,0,20.41,131.92,One year,DSL,Bank transfer,No,3,No,Yes,Yes
CUST03822,69.0,Male,9,21.12,394.45,Two year,DSL,Credit card,Yes,1,Yes,No,No
CUST03823,46.0,Female,3,61.66,2755.45,Two year,DSL,Bank transfer,No,3,Yes,No,No
CUST03824,32.0,Male,8,35.53,796.58,Month-to-month,No,Credit card,No,2,No,No,No
CUST03825,60.0,Male,9,86.45,10188.8,Two year,Fiber optic,Electronic check,Yes,3,No,Yes,Yes
CUST03826,56.0,Female,0,20.41,131.92,One year,DSL,Bank transfer,No,3,No,Yes,Yes
CUST03827,69.0,Male,9,21.12,394.45,Two year,DSL,Credit card,Yes,1,Yes,No,No
CUST03828,46.0,Female,3,61.66,2755.45,Two year,DSL,Bank transfer,No,3,Yes,No,No
CUST03829,32.0,Male,8,35.53,796.58,Month-to-month,No,Credit card,No,2,No,No,No
CUST03830,60.0,Male,9,86.45,10188.8,Two year,Fiber optic,Electronic check,Yes,3,No,Yes,Yes
CUST03831,56.0,Female,0,20.41,131.92,One year,DSL,Bank transfer,No,3,No,Yes,Yes
CUST03832,69.0,Male,9,21.12,394.45,Two year,DSL,Credit card,Yes,1,Yes,No,No
CUST03833,46.0,Female,3,61.66,2755.45,Two year,DSL,Bank transfer,No,3,Yes,No,No
CUST03834,32.0,Male,8,35.53,796.58,Month-to-month,No,Credit card,No,2,No,No,No
CUST03835,60.0,Male,9,86.45,10188.8,Two year,Fiber optic,Electronic check,Yes,3,No,Yes,Yes
CUST03836,56.0,Female,0,20.41,131.92,One year,DSL,Bank transfer,No,3,No,Yes,Yes
CUST03837,69.0,Male,9,21.12,394.45,Two year,DSL,Credit card,Yes,1,Yes,No,No
CUST03838,46.0,Female,3,61.66,2755.45,Two year,DSL,Bank transfer,No,3,Yes,No,No
CUST03839,32.0,Male,8,35.53,796.58,Month-to-month,No,Credit card,No,2,No,No,No
CUST03840,60.0,Male,9,86.45,10188.8,Two year,Fiber optic,Electronic check,Yes,3,No,Yes,Yes
CUST03841,56.0,Female,0,20.41,131.92,One year,DSL,Bank transfer,No,3,No,Yes,Yes
CUST03842,69.0,Male,9,21.12,394.45,Two year,DSL,Credit card,Yes,1,Yes,No,No
CUST03843,46.0,Female,3,61.66,2755.45,Two year,DSL,Bank transfer,No,3,Yes,No,No
CUST03844,32.0,Male,8,35.53,796.58,Month-to-month,No,Credit card,No,2,No,No,No
CUST03845,60.0,Male,9,86.45,10188.8,Two year,Fiber optic,Electronic check,Yes,3,No,Yes,Yes
CUST03846,56.0,Female,0,20.41,131.92,One year,DSL,Bank transfer,No,3,No,Yes,Yes
CUST03847,69.0,Male,9,21.12,394.45,Two year,DSL,Credit card,Yes,1,Yes,No,No
CUST03848,46.0,Female,3,61.66,2755.45,Two year,DSL,Bank transfer,No,3,Yes,No,No
CUST03849,32.0,Male,8,35.53,796.58,Month-to-month,No,Credit card,No,2,No,No,No
CUST03850,60.0,Male,9,86.45,10188.8,Two year,Fiber optic,Electronic check,Yes,3,No,Yes,Yes
CUST03851,56.0,Female,0,20.41,131.92,One year,DSL,Bank transfer,No,3,No,Yes,Yes
CUST03852,69.0,Male,9,21.12,394.45,Two year,DSL,Credit card,Yes,1,Yes,No,No
CUST03853,46.0,Female,3,61.66,2755.45,Two year,DSL,Bank transfer,No,3,Yes,No,No
CUST03854,32.0,Male,8,35.53,796.58,Month-to-month,No,Credit card,No,2,No,No,No
CUST03855,60.0,Male,9,86.45,10188.8,Two year,Fiber optic,Electronic check,Yes,3,No,Yes,Yes
CUST03856,56.0,Female,0,20.41,131.92,One year,DSL,Bank transfer,No,3,No,Yes,Yes
CUST03857,69.0,Male,9,21.12,394.45,Two year,DSL,Credit card,Yes,1,Yes,No,No
CUST03858,46.0,Female,3,61.66,2755.45,Two year,DSL,Bank transfer,No,3,Yes,No,No
CUST03859,32.0,Male,8,35.53,796.58,Month-to-month,No,Credit card,No,2,No,No,No
CUST03860,60.0,Male,9,86.45,10188.8,Two year,Fiber optic,Electronic check,Yes,3,No,Yes,Yes
CUST03861,56.0,Female,0,20.41,131.92,One year,DSL,Bank transfer,No,3,No,Yes,Yes
CUST03862,69.0,Male,9,21.12,394.45,Two year,DSL,Credit card,Yes,1,Yes,No,No
CUST03863,46.0,Female,3,61.66,2755.45,Two year,DSL,Bank transfer,No,3,Yes,No,No
CUST03864,32.0,Male,8,35.53,796.58,Month-to-month,No,Credit card,No,2,No,No,No
CUST03865,60.0,Male,9,86.45,10188.8,Two year,Fiber optic,Electronic check,Yes,3,No,Yes,Yes
CUST03866,56.0,Female,0,20.41,131.92,One year,DSL,Bank transfer,No,3,No,Yes,Yes
CUST03867,69.0,Male,9,21.12,394.45,Two year,DSL,Credit card,Yes,1,Yes,No,No
CUST03868,46.0,Female,3,61.66,2755.45,Two year,DSL,Bank transfer,No,3,Yes,No,No
CUST03869,32.0,Male,8,35.53,796.58,Month-to-month,No,Credit card,No,2,No,No,No
CUST03870,60.0,Male,9,86.45,10188.8,Two year,Fiber optic,Electronic check,Yes,3,No,Yes,Yes
CUST03871,56.0,Female,0,20.41,131.92,One year,DSL,Bank transfer,No,3,No,Yes,Yes
CUST03872,69.0,Male,9,21.12,394.45,Two year,DSL,Credit card,Yes,1,Yes,No,No
CUST03873,46.0,Female,3,61.66,2755.45,Two year,DSL,Bank transfer,No,3,Yes,No,No
CUST03874,32.0,Male,8,35.53,796.58,Month-to-month,No,Credit card,No,2,No,No,No
CUST03875,60.0,Male,9,86.45,10188.8,Two year,Fiber optic,Electronic check,Yes,3,No,Yes,Yes
CUST03876,56.0,Female,0,20.41,131.92,One year,DSL,Bank transfer,No,3,No,Yes,Yes
CUST03877,69.0,Male,9,21.12,394.45,Two year,DSL,Credit card,Yes,1,Yes,No,No
CUST03878,46.0,Female,3,61.66,2755.45,Two year,DSL,Bank transfer,No,3,Yes,No,No
CUST03879,32.0,Male,8,35.53,796.58,Month-to-month,No,Credit card,No,2,No,No,No
CUST03880,60.0,Male,9,86.45,10188.8,Two year,Fiber optic,Electronic check,Yes,3,No,Yes,Yes
CUST03881,56.0,Female,0,20.41,131.92,One year,DSL,Bank transfer,No,3,No,Yes,Yes
CUST03882,69.0,Male,9,21.12,394.45,Two year,DSL,Credit card,Yes,1,Yes,No,No
CUST03883,46.0,Female,3,61.66,2755.45,Two year,DSL,Bank transfer,No,3,Yes,No,No
CUST03884,32.0,Male,8,35.53,796.58,Month-to-month,No,Credit card,No,2,No,No,No
CUST03885,60.0,Male,9,86.45,10188.8,Two year,Fiber optic,Electronic check,Yes,3,No,Yes,Yes
CUST03886,56.0,Female,0,20.41,131.92,One year,DSL,Bank transfer,No,3,No,Yes,Yes
CUST03887,69.0,Male,9,21.12,394.45,Two year,DSL,Credit card,Yes,1,Yes,No,No
CUST03888,46.0,Female,3,61.66,2755.45,Two year,DSL,Bank transfer,No,3,Yes,No,No
CUST03889,32.0,Male,8,35.53,796.58,Month-to-month,No,Credit card,No,2,No,No,No
CUST03890,60.0,Male,9,86.45,10188.8,Two year,Fiber optic,Electronic check,Yes,3,No,Yes,Yes
CUST03891,56.0,Female,0,20.41,131.92,One year,DSL,Bank transfer,No,3,No,Yes,Yes
CUST03892,69.0,Male,9,21.12,394.45,Two year,DSL,Credit card,Yes,1,Yes,No,No
CUST03893,46.0,Female,3,61.66,2755.45,Two year,DSL,Bank transfer,No,3,Yes,No,No
CUST03894,32.0,Male,8,35.53,796.58,Month-to-month,No,Credit card,No,2,No,No,No
CUST03895,60.0,Male,9,86.45,10188.8,Two year,Fiber optic,Electronic check,Yes,3,No,Yes,Yes
CUST03896,56.0,Female,0,20.41,131.92,One year,DSL,Bank transfer,No,3,No,Yes,Yes
CUST03897,69.0,Male,9,21.12,394.45,Two year,DSL,Credit card,Yes,1,Yes,No,No
CUST03898,46.0,Female,3,61.66,2755.45,Two year,DSL,Bank transfer,No,3,Yes,No,No
CUST03899,32.0,Male,8,35.53,796.58,Month-to-month,No,Credit card,No,2,No,No,No
CUST03900,60.0,Male,9,86.45,10188.8,Two year,Fiber optic,Electronic check,Yes,3,No,Yes,Yes
CUST03901,56.0,Female,0,20.41,131.92,One year,DSL,Bank transfer,No,3,No,Yes,Yes
CUST03902,69.0,Male,9,21.12,394.45,Two year,DSL,Credit card,Yes,1,Yes,No,No
CUST03903,46.0,Female,3,61.66,2755.45,Two year,DSL,Bank transfer,No,3,Yes,No,No
CUST03904,32.0,Male,8,35.53,796.58,Month-to-month,No,Credit card,No,2,No,No,No
CUST03905,60.0,Male,9,86.45,10188.8,Two year,Fiber optic,Electronic check,Yes,3,No,Yes,Yes
CUST03906,56.0,Female,0,20.41,131.92,One year,DSL,Bank transfer,No,3,No,Yes,Yes
CUST03907,69.0,Male,9,21.12,394.45,Two year,DSL,Credit card,Yes,1,Yes,No,No
CUST03908,46.0,Female,3,61.66,2755.45,Two year,DSL,Bank transfer,No,3,Yes,No,No
CUST03909,32.0,Male,8,35.53,796.58,Month-to-month,No,Credit card,No,2,No,No,No
CUST03910,60.0,Male,9,86.45,10188.8,Two year,Fiber optic,Electronic check,Yes,3,No,Yes,Yes
CUST03911,56.0,Female,0,20.41,131.92,One year,DSL,Bank transfer,No,3,No,Yes,Yes
CUST03912,69.0,Male,9,21.12,394.45,Two year,DSL,Credit card,Yes,1,Yes,No,No
CUST03913,46.0,Female,3,61.66,2755.45,Two year,DSL,Bank transfer,No,3,Yes,No,No
CUST03914,32.0,Male,8,35.53,796.58,Month-to-month,No,Credit card,No,2,No,No,No
CUST03915,60.0,Male,9,86.45,10188.8,Two year,Fiber optic,Electronic check,Yes,3,No,Yes,Yes
CUST03916,56.0,Female,0,20.41,131.92,One year,DSL,Bank transfer,No,3,No,Yes,Yes
CUST03917,69.0,Male,9,21.12,394.45,Two year,DSL,Credit card,Yes,1,Yes,No,No
CUST03918,46.0,Female,3,61.66,2755.45,Two year,DSL,Bank transfer,No,3,Yes,No,No
CUST03919,32.0,Male,8,35.53,796.58,Month-to-month,No,Credit card,No,2,No,No,No
CUST03920,60.0,Male,9,86.45,10188.8,Two year,Fiber optic,Electronic check,Yes,3,No,Yes,Yes
CUST03921,56.0,Female,0,20.41,131.92,One year,DSL,Bank transfer,No,3,No,Yes,Yes
CUST03922,69.0,Male,9,21.12,394.45,Two year,DSL,Credit card,Yes,1,Yes,No,No
CUST03923,46.0,Female,3,61.66,2755.45,Two year,DSL,Bank transfer,No,3,Yes,No,No
CUST03924,32.0,Male,8,35.53,796.58,Month-to-month,No,Credit card,No,2,No,No,No
CUST03925,60.0,Male,9,86.45,10188.8,Two year,Fiber optic,Electronic check,Yes,3,No,Yes,Yes
CUST03926,56.0,Female,0,20.41,131.92,One year,DSL,Bank transfer,No,3,No,Yes,Yes
CUST03927,69.0,Male,9,21.12,394.45,Two year,DSL,Credit card,Yes,1,Yes,No,No
CUST03928,46.0,Female,3,61.66,2755.45,Two year,DSL,Bank transfer,No,3,Yes,No,No
CUST03929,32.0,Male,8,35.53,796.58,Month-to-month,No,Credit card,No,2,No,No,No
CUST03930,60.0,Male,9,86.45,10188.8,Two year,Fiber optic,Electronic check,Yes,3,No,Yes,Yes
CUST03931,56.0,Female,0,20.41,131.92,One year,DSL,Bank transfer,No,3,No,Yes,Yes
CUST03932,69.0,Male,9,21.12,394.45,Two year,DSL,Credit card,Yes,1,Yes,No,No
CUST03933,46.0,Female,3,61.66,2755.45,Two year,DSL,Bank transfer,No,3,Yes,No,No
CUST03934,32.0,Male,8,35.53,796.58,Month-to-month,No,Credit card,No,2,No,No,No
CUST03935,60.0,Male,9,86.45,10188.8,Two year,Fiber optic,Electronic check,Yes,3,No,Yes,Yes
CUST03936,56.0,Female,0,20.41,131.92,One year,DSL,Bank transfer,No,3,No,Yes,Yes
CUST03937,69.0,Male,9,21.12,394.45,Two year,DSL,Credit card,Yes,1,Yes,No,No
CUST03938,46.0,Female,3,61.66,2755.45,Two year,DSL,Bank transfer,No,3,Yes,No,No
CUST03939,32.0,Male,8,35.53,796.58,Month-to-month,No,Credit card,No,2,No,No,No
CUST03940,60.0,Male,9,86.45,10188.8,Two year,Fiber optic,Electronic check,Yes,3,No,Yes,Yes
CUST03941,56.0,Female,0,20.41,131.92,One year,DSL,Bank transfer,No,3,No,Yes,Yes
CUST03942,69.0,Male,9,21.12,394.45,Two year,DSL,Credit card,Yes,1,Yes,No,No
CUST03943,46.0,Female,3,61.66,2755.45,Two year,DSL,Bank transfer,No,3,Yes,No,No
CUST03944,32.0,Male,8,35.53,796.58,Month-to-month,No,Credit card,No,2,No,No,No
CUST03945,60.0,Male,9,86.45,10188.8,Two year,Fiber optic,Electronic check,Yes,3,No,Yes,Yes
CUST03946,56.0,Female,0,20.41,131.92,One year,DSL,Bank transfer,No,3,No,Yes,Yes
CUST03947,69.0,Male,9,21.12,394.45,Two year,DSL,Credit card,Yes,1,Yes,No,No
CUST03948,46.0,Female,3,61.66,2755.45,Two year,DSL,Bank transfer,No,3,Yes,No,No
CUST03949,32.0,Male,8,35.53,796.58,Month-to-month,No,Credit card,No,2,No,No,No
CUST03950,60.0,Male,9,86.45,10188.8,Two year,Fiber optic,Electronic check,Yes,3,No,Yes,Yes
CUST03951,56.0,Female,0,20.41,131.92,One year,DSL,Bank transfer,No,3,No,Yes,Yes
CUST03952,69.0,Male,9,21.12,394.45,Two year,DSL,Credit card,Yes,1,Yes,No,No
CUST03953,46.0,Female,3,61.66,2755.45,Two year,DSL,Bank transfer,No,3,Yes,No,No
CUST03954,32.0,Male,8,35.53,796.58,Month-to-month,No,Credit card,No,2,No,No,No
CUST03955,60.0,Male,9,86.45,10188.8,Two year,Fiber optic,Electronic check,Yes,3,No,Yes,Yes
CUST03956,56.0,Female,0,20.41,131.92,One year,DSL,Bank transfer,No,3,No,Yes,Yes
CUST03957,69.0,Male,9,21.12,394.45,Two year,DSL,Credit card,Yes,1,Yes,No,No
CUST03958,46.0,Female,3,61.66,2755.45,Two year,DSL,Bank transfer,No,3,Yes,No,No
CUST03959,32.0,Male,8,35.53,796.58,Month-to-month,No,Credit card,No,2,No,No,No
CUST03960,60.0,Male,9,86.45,10188.8,Two year,Fiber optic,Electronic check,Yes,3,No,Yes,Yes
CUST03961,56.0,Female,0,20.41,131.92,One year,DSL,Bank transfer,No,3,No,Yes,Yes
CUST03962,69.0,Male,9,21.12,394.45,Two year,DSL,Credit card,Yes,1,Yes,No,No
CUST03963,46.0,Female,3,61.66,2755.45,Two year,DSL,Bank transfer,No,3,Yes,No,No
CUST03964,32.0,Male,8,35.53,796.58,Month-to-month,No,Credit card,No,2,No,No,No
CUST03965,60.0,Male,9,86.45,10188.8,Two year,Fiber optic,Electronic check,Yes,3,No,Yes,Yes
CUST03966,56.0,Female,0,20.41,131.92,One year,DSL,Bank transfer,No,3,No,Yes,Yes
CUST03967,69.0,Male,9,21.12,394.45,Two year,DSL,Credit card,Yes,1,Yes,No,No
CUST03968,46.0,Female,3,61.66,2755.45,Two year,DSL,Bank transfer,No,3,Yes,No,No
CUST03969,32.0,Male,8,35.53,796.58,Month-to-month,No,Credit card,No,2,No,No,No
CUST03970,60.0,Male,9,86.45,10188.8,Two year,Fiber optic,Electronic check,Yes,3,No,Yes,Yes
CUST03971,56.0,Female,0,20.41,131.92,One year,DSL,Bank transfer,No,3,No,Yes,Yes
CUST03972,69.0,Male,9,21.12,394.45,Two year,DSL,Credit card,Yes,1,Yes,No,No
CUST03973,46.0,Female,3,61.66,2755.45,Two year,DSL,Bank transfer,No,3,Yes,No,No
CUST03974,32.0,Male,8,35.53,796.58,Month-to-month,No,Credit card,No,2,No,No,No
CUST03975,60.0,Male,9,86.45,10188.8,Two year,Fiber optic,Electronic check,Yes,3,No,Yes,Yes
CUST03976,56.0,Female,0,20.41,131.92,One year,DSL,Bank transfer,No,3,No,Yes,Yes
CUST03977,69.0,Male,9,21.12,394.45,Two year,DSL,Credit card,Yes,1,Yes,No,No
CUST03978,46.0,Female,3,61.66,2755.45,Two year,DSL,Bank transfer,No,3,Yes,No,No
CUST03979,32.0,Male,8,35.53,796.58,Month-to-month,No,Credit card,No,2,No,No,No
CUST03980,60.0,Male,9,86.45,10188.8,Two year,Fiber optic,Electronic check,Yes,3,No,Yes,Yes
CUST03981,56.0,Female,0,20.41,131.92,One year,DSL,Bank transfer,No,3,No,Yes,Yes
CUST03982,69.0,Male,9,21.12,394.45,Two year,DSL,Credit card,Yes,1,Yes,No,No
CUST03983,46.0,Female,3,61.66,2755.45,Two year,DSL,Bank transfer,No,3,Yes,No,No
CUST03984,32.0,Male,8,35.53,796.58,Month-to-month,No,Credit card,No,2,No,No,No
CUST03985,60.0,Male,9,86.45,10188.8,Two year,Fiber optic,Electronic check,Yes,3,No,Yes,Yes
CUST03986,56.0,Female,0,20.41,131.92,One year,DSL,Bank transfer,No,3,No,Yes,Yes
CUST03987,69.0,Male,9,21.12,394.45,Two year,DSL,Credit card,Yes,1,Yes,No,No
CUST03988,46.0,Female,3,61.66,2755.45,Two year,DSL,Bank transfer,No,3,Yes,No,No
CUST03989,32.0,Male,8,35.53,796.58,Month-to-month,No,Credit card,No,2,No,No,No
CUST03990,60.0,Male,9,86.45,10188.8,Two year,Fiber optic,Electronic check,Yes,3,No,Yes,Yes
CUST03991,56.0,Female,0,20.41,131.92,One year,DSL,Bank transfer,No,3,No,Yes,Yes
CUST03992,69.0,Male,9,21.12,394.45,Two year,DSL,Credit card,Yes,1,Yes,No,No
CUST03993,46.0,Female,3,61.66,2755.45,Two year,DSL,Bank transfer,No,3,Yes,No,No
CUST03994,32.0,Male,8,35.53,796.58,Month-to-month,No,Credit card,No,2,No,No,No
CUST03995,60.0,Male,9,86.45,10188.8,Two year,Fiber optic,Electronic check,Yes,3,No,Yes,Yes
CUST03996,56.0,Female,0,20.41,131.92,One year,DSL,Bank transfer,No,3,No,Yes,Yes
CUST03997,69.0,Male,9,21.12,394.45,Two year,DSL,Credit card,Yes,1,Yes,No,No
CUST03998,46.0,Female,3,61.66,2755.45,Two year,DSL,Bank transfer,No,3,Yes,No,No
CUST03999,32.0,Male,8,35.53,796.58,Month-to-month,No,Credit card,No,2,No,No,No
CUST04000,60.0,Male,9,86.45,10188.8,Two year,Fiber optic,Electronic check,Yes,3,No,Yes,Yes
CUST04001,56.0,Female,0,20.41,131.92,One year,DSL,Bank transfer,No,3,No,Yes,Yes
CUST04002,69.0,Male,9,21.12,394.45,Two year,DSL,Credit card,Yes,1,Yes,No,No
CUST04003,46.0,Female,3,61.66,2755.45,Two year,DSL,Bank transfer,No,3,Yes,No,No
CUST04004,32.0,Male,8,35.53,796.58,Month-to-month,No,Credit card,No,2,No,No,No
CUST04005,60.0,Male,9,86.45,10188.8,Two year,Fiber optic,Electronic check,Yes,3,No,Yes,Yes
CUST04006,56.0,Female,0,20.41,131.92,One year,DSL,Bank transfer,No,3,No,Yes,Yes
CUST04007,69.0,Male,9,21.12,394.45,Two year,DSL,Credit card,Yes,1,Yes,No,No
CUST04008,46.0,Female,3,61.66,2755.45,Two year,DSL,Bank transfer,No,3,Yes,No,No
CUST04009,32.0,Male,8,35.53,796.58,Month-to-month,No,Credit card,No,2,No,No,No
CUST04010,60.0,Male,9,86.45,10188.8,Two year,Fiber optic,Electronic check,Yes,3,No,Yes,Yes
CUST04011,56.0,Female,0,20.41,131.92,One year,DSL,Bank transfer,No,3,No,Yes,Yes
CUST04012,69.0,Male,9,21.12,394.45,Two year,DSL,Credit card,Yes,1,Yes,No,No
CUST04013,46.0,Female,3,61.66,2755.45,Two year,DSL,Bank transfer,No,3,Yes,No,No
CUST04014,32.0,Male,8,35.53,796.58,Month-to-month,No,Credit card,No,2,No,No,No
CUST04015,60.0,Male,9,86.45,10188.8,Two year,Fiber optic,Electronic check,Yes,3,No,Yes,Yes
CUST04016,56.0,Female,0,20.41,131.92,One year,DSL,Bank transfer,No,3,No,Yes,Yes
CUST04017,69.0,Male,9,21.12,394.45,Two year,DSL,Credit card,Yes,1,Yes,No,No
CUST04018,46.0,Female,3,61.66,2755.45,Two year,DSL,Bank transfer,No,3,Yes,No,No
CUST04019,32.0,Male,8,35.53,796.58,Month-to-month,No,Credit card,No,2,No,No,No
CUST04020,60.0,Male,9,86.45,10188.8,Two year,Fiber optic,Electronic check,Yes,3,No,Yes,Yes
CUST04021,56.0,Female,0,20.41,131.92,One year,DSL,Bank transfer,No,3,No,Yes,Yes
CUST04022,69.0,Male,9,21.12,394.45,Two year,DSL,Credit card,Yes,1,Yes,No,No
CUST04023,46.0,Female,3,61.66,2755.45,Two year,DSL,Bank transfer,No,3,Yes,No,No
CUST04024,32.0,Male,8,35.53,796.58,Month-to-month,No,Credit card,No,2,No,No,No
CUST04025,60.0,Male,9,86.45,10188.8,Two year,Fiber optic,Electronic check,Yes,3,No,Yes,Yes
CUST04026,56.0,Female,0,20.41,131.92,One year,DSL,Bank transfer,No,3,No,Yes,Yes
CUST04027,69.0,Male,9,21.12,394.45,Two year,DSL,Credit card,Yes,1,Yes,No,No
CUST04028,46.0,Female,3,61.66,2755.45,Two year,DSL,Bank transfer,No,3,Yes,No,No
CUST04029,32.0,Male,8,35.53,796.58,Month-to-month,No,Credit card,No,2,No,No,No
CUST04030,60.0,Male,9,86.45,10188.8,Two year,Fiber optic,Electronic check,Yes,3,No,Yes,Yes
CUST04031,56.0,Female,0,20.41,131.92,One year,DSL,Bank transfer,No,3,No,Yes,Yes
CUST04032,69.0,Male,9,21.12,394.45,Two year,DSL,Credit card,Yes,1,Yes,No,No
CUST04033,46.0,Female,3,61.66,2755.45,Two year,DSL,Bank transfer,No,3,Yes,No,No
CUST04034,32.0,Male,8,35.53,796.58,Month-to-month,No,Credit card,No,2,No,No,No
CUST04035,60.0,Male,9,86.45,10188.8,Two year,Fiber optic,Electronic check,Yes,3,No,Yes,Yes
CUST04036,56.0,Female,0,20.41,131.92,One year,DSL,Bank transfer,No,3,No,Yes,Yes
CUST04037,69.0,Male,9,21.12,394.45,Two year,DSL,Credit card,Yes,1,Yes,No,No
CUST04038,46.0,Female,3,61.66,2755.45,Two year,DSL,Bank transfer,No,3,Yes,No,No
CUST04039,32.0,Male,8,35.53,796.58,Month-to-month,No,Credit card,No,2,No,No,No
CUST04040,60.0,Male,9,86.45,10188.8,Two year,Fiber optic,Electronic check,Yes,3,No,Yes,Yes
CUST04041,56.0,Female,0,20.41,131.92,One year,DSL,Bank transfer,No,3,No,Yes,Yes
CUST04042,69.0,Male,9,21.12,394.45,Two year,DSL,Credit card,Yes,1,Yes,No,No
CUST04043,46.0,Female,3,61.66,2755.45,Two year,DSL,Bank transfer,No,3,Yes,No,No
CUST04044,32.0,Male,8,35.53,796.58,Month-to-month,No,Credit card,No,2,No,No,No
CUST04045,60.0,Male,9,86.45,10188.8,Two year,Fiber optic,Electronic check,Yes,3,No,Yes,Yes
CUST04046,56.0,Female,0,20.41,131.92,One year,DSL,Bank transfer,No,3,No,Yes,Yes
CUST04047,69.0,Male,9,21.12,394.45,Two year,DSL,Credit card,Yes,1,Yes,No,No
CUST04048,46.0,Female,3,61.66,2755.45,Two year,DSL,Bank transfer,No,3,Yes,No,No
CUST04049,32.0,Male,8,35.53,796.58,Month-to-month,No,Credit card,No,2,No,No,No
CUST04050,60.0,Male,9,86.45,10188.8,Two year,Fiber optic,Electronic check,Yes,3,No,Yes,Yes
CUST04051,56.0,Female,0,20.41,131.92,One year,DSL,Bank transfer,No,3,No,Yes,Yes
CUST04052,69.0,Male,9,21.12,394.45,Two year,DSL,Credit card,Yes,1,Yes,No,No
CUST04053,46.0,Female,3,61.66,2755.45,Two year,DSL,Bank transfer,No,3,Yes,No,No
CUST04054,32.0,Male,8,35.53,796.58,Month-to-month,No,Credit card,No,2,No,No,No
CUST04055,60.0,Male,9,86.45,10188.8,Two year,Fiber optic,Electronic check,Yes,3,No,Yes,Yes
CUST04056,56.0,Female,0,20.41,131.92,One year,DSL,Bank transfer,No,3,No,Yes,Yes
CUST04057,69.0,Male,9,21.12,394.45,Two year,DSL,Credit card,Yes,1,Yes,No,No
CUST04058,46.0,Female,3,61.66,2755.45,Two year,DSL,Bank transfer,No,3,Yes,No,No
CUST04059,32.0,Male,8,35.53,796.58,Month-to-month,No,Credit card,No,2,No,No,No
CUST04060,60.0,Male,9,86.45,10188.8,Two year,Fiber optic,Electronic check,Yes,3,No,Yes,Yes
CUST04061,56.0,Female,0,20.41,131.92,One year,DSL,Bank transfer,No,3,No,Yes,Yes
CUST04062,69.0,Male,9,21.12,394.45,Two year,DSL,Credit card,Yes,1,Yes,No,No
CUST04063,46.0,Female,3,61.66,2755.45,Two year,DSL,Bank transfer,No,3,Yes,No,No
CUST04064,32.0,Male,8,35.53,796.58,Month-to-month,No,Credit card,No,2,No,No,No
CUST04065,60.0,Male,9,86.45,10188.8,Two year,Fiber optic,Electronic check,Yes,3,No,Yes,Yes
CUST04066,56.0,Female,0,20.41,131.92,One year,DSL,Bank transfer,No,3,No,Yes,Yes
CUST04067,69.0,Male,9,21.12,394.45,Two year,DSL,Credit card,Yes,1,Yes,No,No
CUST04068,46.0,Female,3,61.66,2755.45,Two year,DSL,Bank transfer,No,3,Yes,No,No
CUST04069,32.0,Male,8,35.53,796.58,Month-to-month,No,Credit card,No,2,No,No,No
CUST04070,60.0,Male,9,86.45,10188.8,Two year,Fiber optic,Electronic check,Yes,3,No,Yes,Yes
CUST04071,56.0,Female,0,20.41,131.92,One year,DSL,Bank transfer,No,3,No,Yes,Yes
CUST04072,69.0,Male,9,21.12,394.45,Two year,DSL,Credit card,Yes,1,Yes,No,No
CUST04073,46.0,Female,3,61.66,2755.45,Two year,DSL,Bank transfer,No,3,Yes,No,No
CUST04074,32.0,Male,8,35.53,796.58,Month-to-month,No,Credit card,No,2,No,No,No
CUST04075,60.0,Male,9,86.45,10188.8,Two year,Fiber optic,Electronic check,Yes,3,No,Yes,Yes
CUST04076,56.0,Female,0,20.41,131.92,One year,DSL,Bank transfer,No,3,No,Yes,Yes
CUST04077,69.0,Male,9,21.12,394.45,Two year,DSL,Credit card,Yes,1,Yes,No,No
CUST04078,46.0,Female,3,61.66,2755.45,Two year,DSL,Bank transfer,No,3,Yes,No,No
CUST04079,32.0,Male,8,35.53,796.58,Month-to-month,No,Credit card,No,2,No,No,No
CUST04080,60.0,Male,9,86.45,10188.8,Two year,Fiber optic,Electronic check,Yes,3,No,Yes,Yes
CUST04081,56.0,Female,0,20.41,131.92,One year,DSL,Bank transfer,No,3,No,Yes,Yes
CUST04082,69.0,Male,9,21.12,394.45,Two year,DSL,Credit card,Yes,1,Yes,No,No
CUST04083,46.0,Female,3,61.66,2755.45,Two year,DSL,Bank transfer,No,3,Yes,No,No
CUST04084,32.0,Male,8,35.53,796.58,Month-to-month,No,Credit card,No,2,No,No,No
CUST04085,60.0,Male,9,86.45,10188.8,Two year,Fiber optic,Electronic check,Yes,3,No,Yes,Yes
CUST04086,56.0,Female,0,20.41,131.92,One year,DSL,Bank transfer,No,3,No,Yes,Yes
CUST04087,69.0,Male,9,21.12,394.45,Two year,DSL,Credit card,Yes,1,Yes,No,No
CUST04088,46.0,Female,3,61.66,2755.45,Two year,DSL,Bank transfer,No,3,Yes,No,No
CUST04089,32.0,Male,8,35.53,796.58,Month-to-month,No,Credit card,No,2,No,No,No
CUST04090,60.0,Male,9,86.45,10188.8,Two year,Fiber optic,Electronic check,Yes,3,No,Yes,Yes
CUST04091,56.0,Female,0,20.41,131.92,One year,DSL,Bank transfer,No,3,No,Yes,Yes
CUST04092,69.0,Male,9,21.12,394.45,Two year,DSL,Credit card,Yes,1,Yes,No,No
CUST04093,46.0,Female,3,61.66,2755.45,Two year,DSL,Bank transfer,No,3,Yes,No,No
CUST04094,32.0,Male,8,35.53,796.58,Month-to-month,No,Credit card,No,2,No,No,No
CUST04095,60.0,Male,9,86.45,10188.8,Two year,Fiber optic,Electronic check,Yes,3,No,Yes,Yes
CUST04096,56.0,Female,0,20.41,131.92,One year,DSL,Bank transfer,No,3,No,Yes,Yes
CUST04097,69.0,Male,9,21.12,394.45,Two year,DSL,Credit card,Yes,1,Yes,No,No
CUST04098,46.0,Female,3,61.66,2755.45,Two year,DSL,Bank transfer,No,3,Yes,No,No
CUST04099,32.0,Male,8,35.53,796.58,Month-to-month,No,Credit card,No,2,No,No,No
CUST04100,60.0,Male,9,86.45,10188.8,Two year,Fiber optic,Electronic check,Yes,3,No,Yes,Yes
CUST04101,56.0,Female,0,20.41,131.92,One year,DSL,Bank transfer,No,3,No,Yes,Yes
CUST04102,69.0,Male,9,21.12,394.45,Two year,DSL,Credit card,Yes,1,Yes,No,No
CUST04103,46.0,Female,3,61.66,2755.45,Two year,DSL,Bank transfer,No,3,Yes,No,No
CUST04104,32.0,Male,8,35.53,796.58,Month-to-month,No,Credit card,No,2,No,No,No
CUST04105,60.0,Male,9,86.45,10188.8,Two year,Fiber optic,Electronic check,Yes,3,No,Yes,Yes
CUST04106,56.0,Female,0,20.41,131.92,One year,DSL,Bank transfer,No,3,No,Yes,Yes
CUST04107,69.0,Male,9,21.12,394.45,Two year,DSL,Credit card,Yes,1,Yes,No,No
CUST04108,46.0,Female,3,61.66,2755.45,Two year,DSL,Bank transfer,No,3,Yes,No,No
CUST04109,32.0,Male,8,35.53,796.58,Month-to-month,No,Credit card,No,2,No,No,No
CUST04110,60.0,Male,9,86.45,10188.8,Two year,Fiber optic,Electronic check,Yes,3,No,Yes,Yes
CUST04111,56.0,Female,0,20.41,131.92,One year,DSL,Bank transfer,No,3,No,Yes,Yes
CUST04112,69.0,Male,9,21.12,394.45,Two year,DSL,Credit card,Yes,1,Yes,No,No
CUST04113,46.0,Female,3,61.66,2755.45,Two year,DSL,Bank transfer,No,3,Yes,No,No
CUST04114,32.0,Male,8,35.53,796.58,Month-to-month,No,Credit card,No,2,No,No,No
CUST04115,60.0,Male,9,86.45,10188.8,Two year,Fiber optic,Electronic check,Yes,3,No,Yes,Yes
CUST04116,56.0,Female,0,20.41,131.92,One year,DSL,Bank transfer,No,3,No,Yes,Yes
CUST04117,69.0,Male,9,21.12,394.45,Two year,DSL,Credit card,Yes,1,Yes,No,No
CUST04118,46.0,Female,3,61.66,2755.45,Two year,DSL,Bank transfer,No,3,Yes,No,No
CUST04119,32.0,Male,8,35.53,796.58,Month-to-month,No,Credit card,No,2,No,No,No
CUST04120,60.0,Male,9,86.45,10188.8,Two year,Fiber optic,Electronic check,Yes,3,No,Yes,Yes
CUST04121,56.0,Female,0,20.41,131.92,One year,DSL,Bank transfer,No,3,No,Yes,Yes
CUST04122,69.0,Male,9,21.12,394.45,Two year,DSL,Credit card,Yes,1,Yes,No,No
CUST04123,46.0,Female,3,61.66,2755.45,Two year,DSL,Bank transfer,No,3,Yes,No,No
CUST04124,32.0,Male,8,35.53,796.58,Month-to-month,No,Credit card,No,2,No,No,No
CUST04125,60.0,Male,9,86.45,10188.8,Two year,Fiber optic,Electronic check,Yes,3,No,Yes,Yes
CUST04126,56.0,Female,0,20.41,131.92,One year,DSL,Bank transfer,No,3,No,Yes,Yes
CUST04127,69.0,Male,9,21.12,394.45,Two year,DSL,Credit card,Yes,1,Yes,No,No
CUST04128,46.0,Female,3,61.66,2755.45,Two year,DSL,Bank transfer,No,3,Yes,No,No
CUST04129,32.0,Male,8,35.53,796.58,Month-to-month,No,Credit card,No,2,No,No,No
CUST04130,60.0,Male,9,86.45,10188.8,Two year,Fiber optic,Electronic check,Yes,3,No,Yes,Yes
CUST04131,56.0,Female,0,20.41,131.92,One year,DSL,Bank transfer,No,3,No,Yes,Yes
CUST04132,69.0,Male,9,21.12,394.45,Two year,DSL,Credit card,Yes,1,Yes,No,No
CUST04133,46.0,Female,3,61.66,2755.45,Two year,DSL,Bank transfer,No,3,Yes,No,No
CUST04134,32.0,Male,8,35.53,796.58,Month-to-month,No,Credit card,No,2,No,No,No
CUST04135,60.0,Male,9,86.45,10188.8,Two year,Fiber optic,Electronic check,Yes,3,No,Yes,Yes
CUST04136,56.0,Female,0,20.41,131.92,One year,DSL,Bank transfer,No,3,No,Yes,Yes
CUST04137,69.0,Male,9,21.12,394.45,Two year,DSL,Credit card,Yes,1,Yes,No,No
CUST04138,46.0,Female,3,61.66,2755.45,Two year,DSL,Bank transfer,No,3,Yes,No,No
CUST04139,32.0,Male,8,35.53,796.58,Month-to-month,No,Credit card,No,2,No,No,No
CUST04140,60.0,Male,9,86.45,10188.8,Two year,Fiber optic,Electronic check,Yes,3,No,Yes,Yes
CUST04141,56.0,Female,0,20.41,131.92,One year,DSL,Bank transfer,No,3,No,Yes,Yes
CUST04142,69.0,Male,9,21.12,394.45,Two year,DSL,Credit card,Yes,1,Yes,No,No
CUST04143,46.0,Female,3,61.66,2755.45,Two year,DSL,Bank transfer,No,3,Yes,No,No
CUST04144,32.0,Male,8,35.53,796.58,Month-to-month,No,Credit card,No,2,No,No,No
CUST04145,60.0,Male,9,86.45,10188.8,Two year,Fiber optic,Electronic check,Yes,3,No,Yes,Yes
CUST04146,56.0,Female,0,20.41,131.92,One year,DSL,Bank transfer,No,3,No,Yes,Yes
CUST04147,69.0,Male,9,21.12,394.45,Two year,DSL,Credit card,Yes,1,Yes,No,No
CUST04148,46.0,Female,3,61.66,2755.45,Two year,DSL,Bank transfer,No,3,Yes,No,No
CUST04149,32.0,Male,8,35.53,796.58,Month-to-month,No,Credit card,No,2,No,No,No
CUST04150,60.0,Male,9,86.45,10188.8,Two year,Fiber optic,Electronic check,Yes,3,No,Yes,Yes
CUST04151,56.0,Female,0,20.41,131.92,One year,DSL,Bank transfer,No,3,No,Yes,Yes
CUST04152,69.0,Male,9,21.12,394.45,Two year,DSL,Credit card,Yes,1,Yes,No,No
CUST04153,46.0,Female,3,61.66,2755.45,Two year,DSL,Bank transfer,No,3,Yes,No,No
CUST04154,32.0,Male,8,35.53,796.58,Month-to-month,No,Credit card,No,2,No,No,No
CUST04155,60.0,Male,9,86.45,10188.8,Two year,Fiber optic,Electronic check,Yes,3,No,Yes,Yes
CUST04156,56.0,Female,0,20.41,131.92,One year,DSL,Bank transfer,No,3,No,Yes,Yes
CUST04157,69.0,Male,9,21.12,394.45,Two year,DSL,Credit card,Yes,1,Yes,No,No
CUST04158,46.0,Female,3,61.66,2755.45,Two year,DSL,Bank transfer,No,3,Yes,No,No
CUST04159,32.0,Male,8,35.53,796.58,Month-to-month,No,Credit card,No,2,No,No,No
CUST04160,60.0,Male,9,86.45,10188.8,Two year,Fiber optic,Electronic check,Yes,3,No,Yes,Yes
CUST04161,56.0,Female,0,20.41,131.92,One year,DSL,Bank transfer,No,3,No,Yes,Yes
CUST04162,69.0,Male,9,21.12,394.45,Two year,DSL,Credit card,Yes,1,Yes,No,No
CUST04163,46.0,Female,3,61.66,2755.45,Two year,DSL,Bank transfer,No,3,Yes,No,No
CUST04164,32.0,Male,8,35.53,796.58,Month-to-month,No,Credit card,No,2,No,No,No
CUST04165,60.0,Male,9,86.45,10188.8,Two year,Fiber optic,Electronic check,Yes,3,No,Yes,Yes
CUST04166,56.0,Female,0,20.41,131.92,One year,DSL,Bank transfer,No,3,No,Yes,Yes
CUST04167,69.0,Male,9,21.12,394.45,Two year,DSL,Credit card,Yes,1,Yes,No,No
CUST04168,46.0,Female,3,61.66,2755.45,Two year,DSL,Bank transfer,No,3,Yes,No,No
CUST04169,32.0,Male,8,35.53,796.58,Month-to-month,No,Credit card,No,2,No,No,No
CUST04170,60.0,Male,9,86.45,10188.8,Two year,Fiber optic,Electronic check,Yes,3,No,Yes,Yes
CUST04171,56.0,Female,0,20.41,131.92,One year,DSL,Bank transfer,No,3,No,Yes,Yes
CUST04172,69.0,Male,9,21.12,394.45,Two year,DSL,Credit card,Yes,1,Yes,No,No
CUST04173,46.0,Female,3,61.66,2755.45,Two year,DSL,Bank transfer,No,3,Yes,No,No
CUST04174,32.0,Male,8,35.53,796.58,Month-to-month,No,Credit card,No,2,No,No,No
CUST04175,60.0,Male,9,86.45,10188.8,Two year,Fiber optic,Electronic check,Yes,3,No,Yes,Yes
CUST04176,56.0,Female,0,20.41,131.92,One year,DSL,Bank transfer,No,3,No,Yes,Yes
CUST04177,69.0,Male,9,21.12,394.45,Two year,DSL,Credit card,Yes,1,Yes,No,No
CUST04178,46.0,Female,3,61.66,2755.45,Two year,DSL,Bank transfer,No,3,Yes,No,No
CUST04179,32.0,Male,8,35.53,796.58,Month-to-month,No,Credit card,No,2,No,No,No
CUST04180,60.0,Male,9,86.45,10188.8,Two year,Fiber optic,Electronic check,Yes,3,No,Yes,Yes
CUST04181,56.0,Female,0,20.41,131.92,One year,DSL,Bank transfer,No,3,No,Yes,Yes
CUST04182,69.0,Male,9,21.12,394.45,Two year,DSL,Credit card,Yes,1,Yes,No,No
CUST04183,46.0,Female,3,61.66,2755.45,Two year,DSL,Bank transfer,No,3,Yes,No,No
CUST04184,32.0,Male,8,35.53,796.58,Month-to-month,No,Credit card,No,2,No,No,No
CUST04185,60.0,Male,9,86.45,10188.8,Two year,Fiber optic,Electronic check,Yes,3,No,Yes,Yes
CUST04186,56.0,Female,0,20.41,131.92,One year,DSL,Bank transfer,No,3,No,Yes,Yes
CUST04187,69.0,Male,9,21.12,394.45,Two year,DSL,Credit card,Yes,1,Yes,No,No
CUST04188,46.0,Female,3,61.66,2755.45,Two year,DSL,Bank transfer,No,3,Yes,No,No
CUST04189,32.0,Male,8,35.53,796.58,Month-to-month,No,Credit card,No,2,No,No,No
CUST04190,60.0,Male,9,86.45,10188.8,Two year,Fiber optic,Electronic check,Yes,3,No,Yes,Yes
CUST04191,56.0,Female,0,20.41,131.92,One year,DSL,Bank transfer,No,3,No,Yes,Yes
CUST04192,69.0,Male,9,21.12,394.45,Two year,DSL,Credit card,Yes,1,Yes,No,No
CUST04193,46.0,Female,3,61.66,2755.45,Two year,DSL,Bank transfer,No,3,Yes,No,No
CUST04194,32.0,Male,8,35.53,796.58,Month-to-month,No,Credit card,No,2,No,No,No
CUST04195,60.0,Male,9,86.45,10188.8,Two year,Fiber optic,Electronic check,Yes,3,No,Yes,Yes
CUST04196,56.0,Female,0,20.41,131.92,One year,DSL,Bank transfer,No,3,No,Yes,Yes
CUST04197,69.0,Male,9,21.12,394.45,Two year,DSL,Credit card,Yes,1,Yes,No,No
CUST04198,46.0,Female,3,61.66,2755.45,Two year,DSL,Bank transfer,No,3,Yes,No,No
CUST04199,32.0,Male,8,35.53,796.58,Month-to-month,No,Credit card,No,2,No,No,No
CUST04200,60.0,Male,9,86.45,10188.8,Two year,Fiber optic,Electronic check,Yes,3,No,Yes,Yes
CUST04201,56.0,Female,0,20.41,131.92,One year,DSL,Bank transfer,No,3,No,Yes,Yes
CUST04202,69.0,Male,9,21.12,394.45,Two year,DSL,Credit card,Yes,1,Yes,No,No
CUST04203,46.0,Female,3,61.66,2755.45,Two year,DSL,Bank transfer,No,3,Yes,No,No
CUST04204,32.0,Male,8,35.53,796.58,Month-to-month,No,Credit card,No,2,No,No,No
CUST04205,60.0,Male,9,86.45,10188.8,Two year,Fiber optic,Electronic check,Yes,3,No,Yes,Yes
CUST04206,56.0,Female,0,20.41,131.92,One year,DSL,Bank transfer,No,3,No,Yes,Yes
CUST04207,69.0,Male,9,21.12,394.45,Two year,DSL,Credit card,Yes,1,Yes,No,No
CUST04208,46.0,Female,3,61.66,2755.45,Two year,DSL,Bank transfer,No,3,Yes,No,No
CUST04209,32.0,Male,8,35.53,796.58,Month-to-month,No,Credit card,No,2,No,No,No
CUST04210,60.0,Male,9,86.45,10188.8,Two year,Fiber optic,Electronic check,Yes,3,No,Yes,Yes
CUST04211,56.0,Female,0,20.41,131.92,One year,DSL,Bank transfer,No,3,No,Yes,Yes
CUST04212,69.0,Male,9,21.12,394.45,Two year,DSL,Credit card,Yes,1,Yes,No,No
CUST04213,46.0,Female,3,61.66,2755.45,Two year,DSL,Bank transfer,No,3,Yes,No,No
CUST04214,32.0,Male,8,35.53,796.58,Month-to-month,No,Credit card,No,2,No,No,No
CUST04215,60.0,Male,9,86.45,10188.8,Two year,Fiber optic,Electronic check,Yes,3,No,Yes,Yes
CUST04216,56.0,Female,0,20.41,131.92,One year,DSL,Bank transfer,No,3,No,Yes,Yes
CUST04217,69.0,Male,9,21.12,394.45,Two year,DSL,Credit card,Yes,1,Yes,No,No
CUST04218,46.0,Female,3,61.66,2755.45,Two year,DSL,Bank transfer,No,3,Yes,No,No
CUST04219,32.0,Male,8,35.53,796.58,Month-to-month,No,Credit card,No,2,No,No,No
CUST04220,60.0,Male,9,86.45,10188.8,Two year,Fiber optic,Electronic check,Yes,3,No,Yes,Yes
CUST04221,56.0,Female,0,20.41,131.92,One year,DSL,Bank transfer,No,3,No,Yes,Yes
CUST04222,69.0,Male,9,21.12,394.45,Two year,DSL,Credit card,Yes,1,Yes,No,No
CUST04223,46.0,Female,3,61.66,2755.45,Two year,DSL,Bank transfer,No,3,Yes,No,No
CUST04224,32.0,Male,8,35.53,796.58,Month-to-month,No,Credit card,No,2,No,No,No
CUST04225,60.0,Male,9,86.45,10188.8,Two year,Fiber optic,Electronic check,Yes,3,No,Yes,Yes
CUST04226,56.0,Female,0,20.41,131.92,One year,DSL,Bank transfer,No,3,No,Yes,Yes
CUST04227,69.0,Male,9,21.12,394.45,Two year,DSL,Credit card,Yes,1,Yes,No,No
CUST04228,46.0,Female,3,61.66,2755.45,Two year,DSL,Bank transfer,No,3,Yes,No,No
CUST04229,32.0,Male,8,35.53,796.58,Month-to-month,No,Credit card,No,2,No,No,No
CUST04230,60.0,Male,9,86.45,10188.8,Two year,Fiber optic,Electronic check,Yes,3,No,Yes,Yes
CUST04231,56.0,Female,0,20.41,131.92,One year,DSL,Bank transfer,No,3,No,Yes,Yes
CUST04232,69.0,Male,9,21.12,394.45,Two year,DSL,Credit card,Yes,1,Yes,No,No
CUST04233,46.0,Female,3,61.66,2755.45,Two year,DSL,Bank transfer,No,3,Yes,No,No
CUST04234,32.0,Male,8,35.53,796.58,Month-to-month,No,Credit card,No,2,No,No,No
CUST04235,60.0,Male,9,86.45,10188.8,Two year,Fiber optic,Electronic check,Yes,3,No,Yes,Yes
CUST04236,56.0,Female,0,20.41,131.92,One year,DSL,Bank transfer,No,3,No,Yes,Yes
CUST04237,69.0,Male,9,21.12,394.45,Two year,DSL,Credit card,Yes,1,Yes,No,No
CUST04238,46.0,Female,3,61.66,2755.45,Two year,DSL,Bank transfer,No,3,Yes,No,No
CUST04239,32.0,Male,8,35.53,796.58,Month-to-month,No,Credit card,No,2,No,No,No
CUST04240,60.0,Male,9,86.45,10188.8,Two year,Fiber optic,Electronic check,Yes,3,No,Yes,Yes
CUST04241,56.0,Female,0,20.41,131.92,One year,DSL,Bank transfer,No,3,No,Yes,Yes
CUST04242,69.0,Male,9,21.12,394.45,Two year,DSL,Credit card,Yes,1,Yes,No,No
CUST04243,46.0,Female,3,61.66,2755.45,Two year,DSL,Bank transfer,No,3,Yes,No,No
CUST04244,32.0,Male,8,35.53,796.58,Month-to-month,No,Credit card,No,2,No,No,No
CUST04245,60.0,Male,9,86.45,10188.8,Two year,Fiber optic,Electronic check,Yes,3,No,Yes,Yes
CUST04246,56.0,Female,0,20.41,131.92,One year,DSL,Bank transfer,No,3,No,Yes,Yes
CUST04247,69.0,Male,9,21.12,394.45,Two year,DSL,Credit card,Yes,1,Yes,No,No
CUST04248,46.0,Female,3,61.66,2755.45,Two year,DSL,Bank transfer,No,3,Yes,No,No
CUST04249,32.0,Male,8,35.53,796.58,Month-to-month,No,Credit card,No,2,No,No,No
CUST04250,60.0,Male,9,86.45,10188.8,Two year,Fiber optic,Electronic check,Yes,3,No,Yes,Yes
CUST04251,56.0,Female,0,20.41,131.92,One year,DSL,Bank transfer,No,3,No,Yes,Yes
CUST04252,69.0,Male,9,21.12,394.45,Two year,DSL,Credit card,Yes,1,Yes,No,No
CUST04253,46.0,Female,3,61.66,2755.45,Two year,DSL,Bank transfer,No,3,Yes,No,No
CUST04254,32.0,Male,8,35.53,796.58,Month-to-month,No,Credit card,No,2,No,No,No
CUST04255,60.0,Male,9,86.45,10188.8,Two year,Fiber optic,Electronic check,Yes,3,No,Yes,Yes
CUST04256,56.0,Female,0,20.41,131.92,One year,DSL,Bank transfer,No,3,No,Yes,Yes
CUST04257,69.0,Male,9,21.12,394.45,Two year,DSL,Credit card,Yes,1,Yes,No,No
CUST04258,46.0,Female,3,61.66,2755.45,Two year,DSL,Bank transfer,No,3,Yes,No,No
CUST04259,32.0,Male,8,35.53,796.58,Month-to-month,No,Credit card,No,2,No,No,No
CUST04260,60.0,Male,9,86.45,10188.8,Two year,Fiber optic,Electronic check,Yes,3,No,Yes,Yes
CUST04261,56.0,Female,0,20.41,131.92,One year,DSL,Bank transfer,No,3,No,Yes,Yes
CUST04262,69.0,Male,9,21.12,394.45,Two year,DSL,Credit card,Yes,1,Yes,No,No
CUST04263,46.0,Female,3,61.66,2755.45,Two year,DSL,Bank transfer,No,3,Yes,No,No
CUST04264,32.0,Male,8,35.53,796.58,Month-to-month,No,Credit card,No,2,No,No,No
CUST04265,60.0,Male,9,86.45,10188.8,Two year,Fiber optic,Electronic check,Yes,3,No,Yes,Yes
CUST04266,56.0,Female,0,20.41,131.92,One year,DSL,Bank transfer,No,3,No,Yes,Yes
CUST04267,69.0,Male,9,21.12,394.45,Two year,DSL,Credit card,Yes,1,Yes,No,No
CUST04268,46.0,Female,3,61.66,2755.45,Two year,DSL,Bank transfer,No,3,Yes,No,No
CUST04269,32.0,Male,8,35.53,796.58,Month-to-month,No,Credit card,No,2,No,No,No
CUST04270,60.0,Male,9,86.45,10188.8,Two year,Fiber optic,Electronic check,Yes,3,No,Yes,Yes
CUST04271,56.0,Female,0,20.41,131.92,One year,DSL,Bank transfer,No,3,No,Yes,Yes
CUST04272,69.0,Male,9,21.12,394.45,Two year,DSL,Credit card,Yes,1,Yes,No,No
CUST04273,46.0,Female,3,61.66,2755.45,Two year,DSL,Bank transfer,No,3,Yes,No,No
CUST04274,32.0,Male,8,35.53,796.58,Month-to-month,No,Credit card,No,2,No,No,No
CUST04275,60.0,Male,9,86.45,10188.8,Two year,Fiber optic,Electronic check,Yes,3,No,Yes,Yes
CUST04276,56.0,Female,0,20.41,131.92,One year,DSL,Bank transfer,No,3,No,Yes,Yes
CUST04277,69.0,Male,9,21.12,394.45,Two year,DSL,Credit card,Yes,1,Yes,No,No
CUST04278,46.0,Female,3,61.66,2755.45,Two year,DSL,Bank transfer,No,3,Yes,No,No
CUST04279,32.0,Male,8,35.53,796.58,Month-to-month,No,Credit card,No,2,No,No,No
CUST04280,60.0,Male,9,86.45,10188.8,Two year,Fiber optic,Electronic check,Yes,3,No,Yes,Yes
CUST04281,56.0,Female,0,20.41,131.92,One year,DSL,Bank transfer,No,3,No,Yes,Yes
CUST04282,69.0,Male,9,21.12,394.45,Two year,DSL,Credit card,Yes,1,Yes,No,No
CUST04283,46.0,Female,3,61.66,2755.45,Two year,DSL,Bank transfer,No,3,Yes,No,No
CUST04284,32.0,Male,8,35.53,796.58,Month-to-month,No,Credit card,No,2,No,No,No
CUST04285,60.0,Male,9,86.45,10188.8,Two year,Fiber optic,Electronic check,Yes,3,No,Yes,Yes
CUST04286,56.0,Female,0,20.41,131.92,One year,DSL,Bank transfer,No,3,No,Yes,Yes
CUST04287,69.0,Male,9,21.12,394.45,Two year,DSL,Credit card,Yes,1,Yes,No,No
CUST04288,46.0,Female,3,61.66,2755.45,Two year,DSL,Bank transfer,No,3,Yes,No,No
CUST04289,32.0,Male,8,35.53,796.58,Month-to-month,No,Credit card,No,2,No,No,No
CUST04290,60.0,Male,9,86.45,10188.8,Two year,Fiber optic,Electronic check,Yes,3,No,Yes,Yes
CUST04291,56.0,Female,0,20.41,131.92,One year,DSL,Bank transfer,No,3,No,Yes,Yes
CUST04292,69.0,Male,9,21.12,394.45,Two year,DSL,Credit card,Yes,1,Yes,No,No
CUST04293,46.0,Female,3,61.66,2755.45,Two year,DSL,Bank transfer,No,3,Yes,No,No
CUST04294,32.0,Male,8,35.53,796.58,Month-to-month,No,Credit card,No,2,No,No,No
CUST04295,60.0,Male,9,86.45,10188.8,Two year,Fiber optic,Electronic check,Yes,3,No,Yes,Yes
CUST04296,56.0,Female,0,20.41,131.92,One year,DSL,Bank transfer,No,3,No,Yes,Yes
CUST04297,69.0,Male,9,21.12,394.45,Two year,DSL,Credit card,Yes,1,Yes,No,No
CUST04298,46.0,Female,3,61.66,2755.45,Two year,DSL,Bank transfer,No,3,Yes,No,No
CUST04299,32.0,Male,8,35.53,796.58,Month-to-month,No,Credit card,No,2,No,No,No
CUST04300,60.0,Male,9,86.45,10188.8,Two year,Fiber optic,Electronic check,Yes,3,No,Yes,Yes
CUST04301,56.0,Female,0,20.41,131.92,One year,DSL,Bank transfer,No,3,No,Yes,Yes
CUST04302,69.0,Male,9,21.12,394.45,Two year,DSL,Credit card,Yes,1,Yes,No,No
CUST04303,46.0,Female,3,61.66,2755.45,Two year,DSL,Bank transfer,No,3,Yes,No,No
CUST04304,32.0,Male,8,35.53,796.58,Month-to-month,No,Credit card,No,2,No,No,No
CUST04305,60.0,Male,9,86.45,10188.8,Two year,Fiber optic,Electronic check,Yes,3,No,Yes,Yes
CUST04306,56.0,Female,0,20.41,131.92,One year,DSL,Bank transfer,No,3,No,Yes,Yes
CUST04307,69.0,Male,9,21.12,394.45,Two year,DSL,Credit card,Yes,1,Yes,No,No
CUST04308,46.0,Female,3,61.66,2755.45,Two year,DSL,Bank transfer,No,3,Yes,No,No
CUST04309,32.0,Male,8,35.53,796.58,Month-to-month,No,Credit card,No,2,No,No,No
CUST04310,60.0,Male,9,86.45,10188.8,Two year,Fiber optic,Electronic check,Yes,3,No,Yes,Yes
CUST04311,56.0,Female,0,20.41,131.92,One year,DSL,Bank transfer,No,3,No,Yes,Yes
CUST04312,69.0,Male,9,21.12,394.45,Two year,DSL,Credit card,Yes,1,Yes,No,No
CUST04313,46.0,Female,3,61.66,2755.45,Two year,DSL,Bank transfer,No,3,Yes,No,No
CUST04314,32.0,Male,8,35.53,796.58,Month-to-month,No,Credit card,No,2,No,No,No
CUST04315,60.0,Male,9,86.45,10188.8,Two year,Fiber optic,Electronic check,Yes,3,No,Yes,Yes
CUST04316,56.0,Female,0,20.41,131.92,One year,DSL,Bank transfer,No,3,No,Yes,Yes
CUST04317,69.0,Male,9,21.12,394.45,Two year,DSL,Credit card,Yes,1,Yes,No,No
CUST04318,46.0,Female,3,61.66,2755.45,Two year,DSL,Bank transfer,No,3,Yes,No,No
CUST04319,32.0,Male,8,35.53,796.58,Month-to-month,No,Credit card,No,2,No,No,No
CUST04320,60.0,Male,9,86.45,10188.8,Two year,Fiber optic,Electronic check,Yes,3,No,Yes,Yes
CUST04321,56.0,Female,0,20.41,131.92,One year,DSL,Bank transfer,No,3,No,Yes,Yes
CUST04322,69.0,Male,9,21.12,394.45,Two year,DSL,Credit card,Yes,1,Yes,No,No
CUST04323,46.0,Female,3,61.66,2755.45,Two year,DSL,Bank transfer,No,3,Yes,No,No
CUST04324,32.0,Male,8,35.53,796.58,Month-to-month,No,Credit card,No,2,No,No,No
CUST04325,60.0,Male,9,86.45,10188.8,Two year,Fiber optic,Electronic check,Yes,3,No,Yes,Yes
CUST04326,56.0,Female,0,20.41,131.92,One year,DSL,Bank transfer,No,3,No,Yes,Yes
CUST04327,69.0,Male,9,21.12,394.45,Two year,DSL,Credit card,Yes,1,Yes,No,No
CUST04328,46.0,Female,3,61.66,2755.45,Two year,DSL,Bank transfer,No,3,Yes,No,No
CUST04329,32.0,Male,8,35.53,796.58,Month-to-month,No,Credit card,No,2,No,No,No
CUST04330,60.0,Male,9,86.45,10188.8,Two year,Fiber optic,Electronic check,Yes,3,No,Yes,Yes
CUST04331,56.0,Female,0,20.41,131.92,One year,DSL,Bank transfer,No,3,No,Yes,Yes
CUST04332,69.0,Male,9,21.12,394.45,Two year,DSL,Credit card,Yes,1,Yes,No,No
CUST04333,46.0,Female,3,61.66,2755.45,Two year,DSL,Bank transfer,No,3,Yes,No,No
CUST04334,32.0,Male,8,35.53,796.58,Month-to-month,No,Credit card,No,2,No,No,No
CUST04335,60.0,Male,9,86.45,10188.8,Two year,Fiber optic,Electronic check,Yes,3,No,Yes,Yes
CUST04336,56.0,Female,0,20.41,131.92,One year,DSL,Bank transfer,No,3,No,Yes,Yes
CUST04337,69.0,Male,9,21.12,394.45,Two year,DSL,Credit card,Yes,1,Yes,No,No
CUST04338,46.0,Female,3,61.66,2755.45,Two year,DSL,Bank transfer,No,3,Yes,No,No
CUST04339,32.0,Male,8,35.53,796.58,Month-to-month,No,Credit card,No,2,No,No,No
CUST04340,60.0,Male,9,86.45,10188.8,Two year,Fiber optic,Electronic check,Yes,3,No,Yes,Yes
CUST04341,56.0,Female,0,20.41,131.92,One year,DSL,Bank transfer,No,3,No,Yes,Yes
CUST04342,69.0,Male,9,21.12,394.45,Two year,DSL,Credit card,Yes,1,Yes,No,No
CUST04343,46.0,Female,3,61.66,2755.45,Two year,DSL,Bank transfer,No,3,Yes,No,No
CUST04344,32.0,Male,8,35.53,796.58,Month-to-month,No,Credit card,No,2,No,No,No
CUST04345,60.0,Male,9,86.45,10188.8,Two year,Fiber optic,Electronic check,Yes,3,No,Yes,Yes
CUST04346,56.0,Female,0,20.41,131.92,One year,DSL,Bank transfer,No,3,No,Yes,Yes
CUST04347,69.0,Male,9,21.12,394.45,Two year,DSL,Credit card,Yes,1,Yes,No,No
CUST04348,46.0,Female,3,61.66,2755.45,Two year,DSL,Bank transfer,No,3,Yes,No,No
CUST04349,32.0,Male,8,35.53,796.58,Month-to-month,No,Credit card,No,2,No,No,No
CUST04350,60.0,Male,9,86.45,10188.8,Two year,Fiber optic,Electronic check,Yes,3,No,Yes,Yes
CUST04351,56.0,Female,0,20.41,131.92,One year,DSL,Bank transfer,No,3,No,Yes,Yes
CUST04352,69.0,Male,9,21.12,394.45,Two year,DSL,Credit card,Yes,1,Yes,No,No
CUST04353,46.0,Female,3,61.66,2755.45,Two year,DSL,Bank transfer,No,3,Yes,No,No
CUST04354,32.0,Male,8,35.53,796.58,Month-to-month,No,Credit card,No,2,No,No,No
CUST04355,60.0,Male,9,86.45,10188.8,Two year,Fiber optic,Electronic check,Yes,3,No,Yes,Yes
CUST04356,56.0,Female,0,20.41,131.92,One year,DSL,Bank transfer,No,3,No,Yes,Yes
CUST04357,69.0,Male,9,21.12,394.45,Two year,DSL,Credit card,Yes,1,Yes,No,No
CUST04358,46.0,Female,3,61.66,2755.45,Two year,DSL,Bank transfer,No,3,Yes,No,No
CUST04359,32.0,Male,8,35.53,796.58,Month-to-month,No,Credit card,No,2,No,No,No
CUST04360,60.0,Male,9,86.45,10188.8,Two year,Fiber optic,Electronic check,Yes,3,No,Yes,Yes
CUST04361,56.0,Female,0,20.41,131.92,One year,DSL,Bank transfer,No,3,No,Yes,Yes
CUST04362,69.0,Male,9,21.12,394.45,Two year,DSL,Credit card,Yes,1,Yes,No,No
CUST04363,46.0,Female,3,61.66,2755.45,Two year,DSL,Bank transfer,No,3,Yes,No,No
CUST04364,32.0,Male,8,35.53,796.58,Month-to-month,No,Credit card,No,2,No,No,No
CUST04365,60.0,Male,9,86.45,10188.8,Two year,Fiber optic,Electronic check,Yes,3,No,Yes,Yes
CUST04366,56.0,Female,0,20.41,131.92,One year,DSL,Bank transfer,No,3,No,Yes,Yes
CUST04367,69.0,Male,9,21.12,394.45,Two year,DSL,Credit card,Yes,1,Yes,No,No
CUST04368,46.0,Female,3,61.66,2755.45,Two year,DSL,Bank transfer,No,3,Yes,No,No
CUST04369,32.0,Male,8,35.53,796.58,Month-to-month,No,Credit card,No,2,No,No,No
CUST04370,60.0,Male,9,86.45,10188.8,Two year,Fiber optic,Electronic check,Yes,3,No,Yes,Yes
CUST04371,56.0,Female,0,20.41,131.92,One year,DSL,Bank transfer,No,3,No,Yes,Yes
CUST04372,69.0,Male,9,21.12,394.45,Two year,DSL,Credit card,Yes,1,Yes,No,No
CUST04373,46.0,Female,3,61.66,2755.45,Two year,DSL,Bank transfer,No,3,Yes,No,No
CUST04374,32.0,Male,8,35.53,796.58,Month-to-month,No,Credit card,No,2,No,No,No
CUST04375,60.0,Male,9,86.45,10188.8,Two year,Fiber optic,Electronic check,Yes,3,No,Yes,Yes
CUST04376,56.0,Female,0,20.41,131.92,One year,DSL,Bank transfer,No,3,No,Yes,Yes
CUST04377,69.0,Male,9,21.12,394.45,Two year,DSL,Credit card,Yes,1,Yes,No,No
CUST04378,46.0,Female,3,61.66,2755.45,Two year,DSL,Bank transfer,No,3,Yes,No,No
CUST04379,32.0,Male,8,35.53,796.58,Month-to-month,No,Credit card,No,2,No,No,No
CUST04380,60.0,Male,9,86.45,10188.8,Two year,Fiber optic,Electronic check,Yes,3,No,Yes,Yes
CUST04381,56.0,Female,0,20.41,131.92,One year,DSL,Bank transfer,No,3,No,Yes,Yes
CUST04382,69.0,Male,9,21.12,394.45,Two year,DSL,Credit card,Yes,1,Yes,No,No
CUST04383,46.0,Female,3,61.66,2755.45,Two year,DSL,Bank transfer,No,3,Yes,No,No
CUST04384,32.0,Male,8,35.53,796.58,Month-to-month,No,Credit card,No,2,No,No,No
CUST04385,60.0,Male,9,86.45,10188.8,Two year,Fiber optic,Electronic check,Yes,3,No,Yes,Yes
CUST04386,56.0,Female,0,20.41,131.92,One year,DSL,Bank transfer,No,3,No,Yes,Yes
CUST04387,69.0,Male,9,21.12,394.45,Two year,DSL,Credit card,Yes,1,Yes,No,No
CUST04388,46.0,Female,3,61.66,2755.45,Two year,DSL,Bank transfer,No,3,Yes,No,No
CUST04389,32.0,Male,8,35.53,796.58,Month-to-month,No,Credit card,No,2,No,No,No
CUST04390,60.0,Male,9,86.45,10188.8,Two year,Fiber optic,Electronic check,Yes,3,No,Yes,Yes
CUST04391,56.0,Female,0,20.41,131.92,One year,DSL,Bank transfer,No,3,No,Yes,Yes
CUST04392,69.0,Male,9,21.12,394.45,Two year,DSL,Credit card,Yes,1,Yes,No,No
CUST04393,46.0,Female,3,61.66,2755.45,Two year,DSL,Bank transfer,No,3,Yes,No,No
CUST04394,32.0,Male,8,35.53,796.58,Month-to-month,No,Credit card,No,2,No,No,No
CUST04395,60.0,Male,9,86.45,10188.8,Two year,Fiber optic,Electronic check,Yes,3,No,Yes,Yes
CUST04396,56.0,Female,0,20.41,131.92,One year,DSL,Bank transfer,No,3,No,Yes,Yes
CUST04397,69.0,Male,9,21.12,394.45,Two year,DSL,Credit card,Yes,1,Yes,No,No
CUST04398,46.0,Female,3,61.66,2755.45,Two year,DSL,Bank transfer,No,3,Yes,No,No
CUST04399,32.0,Male,8,35.53,796.58,Month-to-month,No,Credit card,No,2,No,No,No
CUST04400,60.0,Male,9,86.45,10188.8,Two year,Fiber optic,Electronic check,Yes,3,No,Yes,Yes
CUST04401,56.0,Female,0,20.41,131.92,One year,DSL,Bank transfer,No,3,No,Yes,Yes
CUST04402,69.0,Male,9,21.12,394.45,Two year,DSL,Credit card,Yes,1,Yes,No,No
CUST04403,46.0,Female,3,61.66,2755.45,Two year,DSL,Bank transfer,No,3,Yes,No,No
CUST04404,32.0,Male,8,35.53,796.58,Month-to-month,No,Credit card,No,2,No,No,No
CUST04405,60.0,Male,9,86.45,10188.8,Two year,Fiber optic,Electronic check,Yes,3,No,Yes,Yes
CUST04406,56.0,Female,0,20.41,131.92,One year,DSL,Bank transfer,No,3,No,Yes,Yes
CUST04407,69.0,Male,9,21.12,394.45,Two year,DSL,Credit card,Yes,1,Yes,No,No
CUST04408,46.0,Female,3,61.66,2755.45,Two year,DSL,Bank transfer,No,3,Yes,No,No
CUST04409,32.0,Male,8,35.53,796.58,Month-to-month,No,Credit card,No,2,No,No,No
CUST04410,60.0,Male,9,86.45,10188.8,Two year,Fiber optic,Electronic check,Yes,3,No,Yes,Yes
CUST04411,56.0,Female,0,20.41,131.92,One year,DSL,Bank transfer,No,3,No,Yes,Yes
CUST04412,69.0,Male,9,21.12,394.45,Two year,DSL,Credit card,Yes,1,Yes,No,No
CUST04413,46.0,Female,3,61.66,2755.45,Two year,DSL,Bank transfer,No,3,Yes,No,No
CUST04414,32.0,Male,8,35.53,796.58,Month-to-month,No,Credit card,No,2,No,No,No
CUST04415,60.0,Male,9,86.45,10188.8,Two year,Fiber optic,Electronic check,Yes,3,No,Yes,Yes
CUST04416,56.0,Female,0,20.41,131.92,One year,DSL,Bank transfer,No,3,No,Yes,Yes
CUST04417,69.0,Male,9,21.12,394.45,Two year,DSL,Credit card,Yes,1,Yes,No,No
CUST04418,46.0,Female,3,61.66,2755.45,Two year,DSL,Bank transfer,No,3,Yes,No,No
CUST04419,32.0,Male,8,35.53,796.58,Month-to-month,No,Credit card,No,2,No,No,No
CUST04420,60.0,Male,9,86.45,10188.8,Two year,Fiber optic,Electronic check,Yes,3,No,Yes,Yes
CUST04421,56.0,Female,0,20.41,131.92,One year,DSL,Bank transfer,No,3,No,Yes,Yes
CUST04422,69.0,Male,9,21.12,394.45,Two year,DSL,Credit card,Yes,1,Yes,No,No
CUST04423,46.0,Female,3,61.66,2755.45,Two year,DSL,Bank transfer,No,3,Yes,No,No
CUST04424,32.0,Male,8,35.53,796.58,Month-to-month,No,Credit card,No,2,No,No,No
CUST04425,60.0,Male,9,86.45,10188.8,Two year,Fiber optic,Electronic check,Yes,3,No,Yes,Yes
CUST04426,56.0,Female,0,20.41,131.92,One year,DSL,Bank transfer,No,3,No,Yes,Yes
CUST04427,69.0,Male,9,21.12,394.45,Two year,DSL,Credit card,Yes,1,Yes,No,No
CUST04428,46.0,Female,3,61.66,2755.45,Two year,DSL,Bank transfer,No,3,Yes,No,No
CUST04429,32.0,Male,8,35.53,796.58,Month-to-month,No,Credit card,No,2,No,No,No
CUST04430,60.0,Male,9,86.45,10188.8,Two year,Fiber optic,Electronic check,Yes,3,No,Yes,Yes
CUST04431,56.0,Female,0,20.41,131.92,One year,DSL,Bank transfer,No,3,No,Yes,Yes
CUST04432,69.0,Male,9,21.12,394.45,Two year,DSL,Credit card,Yes,1,Yes,No,No
CUST04433,46.0,Female,3,61.66,2755.45,Two year,DSL,Bank transfer,No,3,Yes,No,No
CUST04434,32.0,Male,8,35.53,796.58,Month-to-month,No,Credit card,No,2,No,No,No
CUST04435,60.0,Male,9,86.45,10188.8,Two year,Fiber optic,Electronic check,Yes,3,No,Yes,Yes
CUST04436,56.0,Female,0,20.41,131.92,One year,DSL,Bank transfer,No,3,No,Yes,Yes
CUST04437,69.0,Male,9,21.12,394.45,Two year,DSL,Credit card,Yes,1,Yes,No,No
CUST04438,46.0,Female,3,61.66,2755.45,Two year,DSL,Bank transfer,No,3,Yes,No,No
CUST04439,32.0,Male,8,35.53,796.58,Month-to-month,No,Credit card,No,2,No,No,No
CUST04440,60.0,Male,9,86.45,10188.8,Two year,Fiber optic,Electronic check,Yes,3,No,Yes,Yes
CUST04441,56.0,Female,0,20.41,131.92,One year,DSL,Bank transfer,No,3,No,Yes,Yes
CUST04442,69.0,Male,9,21.12,394.45,Two year,DSL,Credit card,Yes,1,Yes,No,No
CUST04443,46.0,Female,3,61.66,2755.45,Two year,DSL,Bank transfer,No,3,Yes,No,No
CUST04444,32.0,Male,8,35.53,796.58,Month-to-month,No,Credit card,No,2,No,No,No
CUST04445,60.0,Male,9,86.45,10188.8,Two year,Fiber optic,Electronic check,Yes,3,No,Yes,Yes
CUST04446,56.0,Female,0,20.41,131.92,One year,DSL,Bank transfer,No,3,No,Yes,Yes
CUST04447,69.0,Male,9,21.12,394.45,Two year,DSL,Credit card,Yes,1,Yes,No,No
CUST04448,46.0,Female,3,61.66,2755.45,Two year,DSL,Bank transfer,No,3,Yes,No,No
CUST04449,32.0,Male,8,35.53,796.58,Month-to-month,No,Credit card,No,2,No,No,No
CUST04450,60.0,Male,9,86.45,10188.8,Two year,Fiber optic,Electronic check,Yes,3,No,Yes,Yes
CUST04451,56.0,Female,0,20.41,131.92,One year,DSL,Bank transfer,No,3,No,Yes,Yes
CUST04452,69.0,Male,9,21.12,394.45,Two year,DSL,Credit card,Yes,1,Yes,No,No
CUST04453,46.0,Female,3,61.66,2755.45,Two year,DSL,Bank transfer,No,3,Yes,No,No
CUST04454,32.0,Male,8,35.53,796.58,Month-to-month,No,Credit card,No,2,No,No,No
CUST04455,60.0,Male,9,86.45,10188.8,Two year,Fiber optic,Electronic check,Yes,3,No,Yes,Yes
CUST04456,56.0,Female,0,20.41,131.92,One year,DSL,Bank transfer,No,3,No,Yes,Yes
CUST04457,69.0,Male,9,21.12,394.45,Two year,DSL,Credit card,Yes,1,Yes,No,No
CUST04458,46.0,Female,3,61.66,2755.45,Two year,DSL,Bank transfer,No,3,Yes,No,No
CUST04459,32.0,Male,8,35.53,796.58,Month-to-month,No,Credit card,No,2,No,No,No
CUST04460,60.0,Male,9,86.45,10188.8,Two year,Fiber optic,Electronic check,Yes,3,No,Yes,Yes
CUST04461,56.0,Female,0,20.41,131.92,One year,DSL,Bank transfer,No,3,No,Yes,Yes
CUST04462,69.0,Male,9,21.12,394.45,Two year,DSL,Credit card,Yes,1,Yes,No,No
CUST04463,46.0,Female,3,61.66,2755.45,Two year,DSL,Bank transfer,No,3,Yes,No,No
CUST04464,32.0,Male,8,35.53,796.58,Month-to-month,No,Credit card,No,2,No,No,No
CUST04465,60.0,Male,9,86.45,10188.8,Two year,Fiber optic,Electronic check,Yes,3,No,Yes,Yes
CUST04466,56.0,Female,0,20.41,131.92,One year,DSL,Bank transfer,No,3,No,Yes,Yes
CUST04467,69.0,Male,9,21.12,394.45,Two year,DSL,Credit card,Yes,1,Yes,No,No
CUST04468,46.0,Female,3,61.66,2755.45,Two year,DSL,Bank transfer,No,3,Yes,No,No
CUST04469,32.0,Male,8,35.53,796.58,Month-to-month,No,Credit card,No,2,No,No,No
CUST04470,60.0,Male,9,86.45,10188.8,Two year,Fiber optic,Electronic check,Yes,3,No,Yes,Yes
CUST04471,56.0,Female,0,20.41,131.92,One year,DSL,Bank transfer,No,3,No,Yes,Yes
CUST04472,69.0,Male,9,21.12,394.45,Two year,DSL,Credit card,Yes,1,Yes,No,No
CUST04473,46.0,Female,3,61.66,2755.45,Two year,DSL,Bank transfer,No,3,Yes,No,No
CUST04474,32.0,Male,8,35.53,796.58,Month-to-month,No,Credit card,No,2,No,No,No
CUST04475,60.0,Male,9,86.45,10188.8,Two year,Fiber optic,Electronic check,Yes,3,No,Yes,Yes
CUST04476,56.0,Female,0,20.41,131.92,One year,DSL,Bank transfer,No,3,No,Yes,Yes
CUST04477,69.0,Male,9,21.12,394.45,Two year,DSL,Credit card,Yes,1,Yes,No,No
CUST04478,46.0,Female,3,61.66,2755.45,Two year,DSL,Bank transfer,No,3,Yes,No,No
CUST04479,32.0,Male,8,35.53,796.58,Month-to-month,No,Credit card,No,2,No,No,No
CUST04480,60.0,Male,9,86.45,10188.8,Two year,Fiber optic,Electronic check,Yes,3,No,Yes,Yes
CUST04481,56.0,Female,0,20.41,131.92,One year,DSL,Bank transfer,No,3,No,Yes,Yes
CUST04482,69.0,Male,9,21.12,394.45,Two year,DSL,Credit card,Yes,1,Yes,No,No
CUST04483,46.0,Female,3,61.66,2755.45,Two year,DSL,Bank transfer,No,3,Yes,No,No
CUST04484,32.0,Male,8,35.53,796.58,Month-to-month,No,Credit card,No,2,No,No,No
CUST04485,60.0,Male,9,86.45,10188.8,Two year,Fiber optic,Electronic check,Yes,3,No,Yes,Yes
CUST04486,56.0,Female,0,20.41,131.92,One year,DSL,Bank transfer,No,3,No,Yes,Yes
CUST04487,69.0,Male,9,21.12,394.45,Two year,DSL,Credit card,Yes,1,Yes,No,No
CUST04488,46.0,Female,3,61.66,2755.45,Two year,DSL,Bank transfer,No,3,Yes,No,No
CUST04489,32.0,Male,8,35.53,796.58,Month-to-month,No,Credit card,No,2,No,No,No
CUST04490,60.0,Male,9,86.45,10188.8,Two year,Fiber optic,Electronic check,Yes,3,No,Yes,Yes
CUST04491,56.0,Female,0,20.41,131.92,One year,DSL,Bank transfer,No,3,No,Yes,Yes
CUST04492,69.0,Male,9,21.12,394.45,Two year,DSL,Credit card,Yes,1,Yes,No,No
CUST04493,46.0,Female,3,61.66,2755.45,Two year,DSL,Bank transfer,No,3,Yes,No,No
CUST04494,32.0,Male,8,35.53,796.58,Month-to-month,No,Credit card,No,2,No,No,No
CUST04495,60.0,Male,9,86.45,10188.8,Two year,Fiber optic,Electronic check,Yes,3,No,Yes,Yes
CUST04496,56.0,Female,0,20.41,131.92,One year,DSL,Bank transfer,No,3,No,Yes,Yes
CUST04497,69.0,Male,9,21.12,394.45,Two year,DSL,Credit card,Yes,1,Yes,No,No
CUST04498,46.0,Female,3,61.66,2755.45,Two year,DSL,Bank transfer,No,3,Yes,No,No
CUST04499,32.0,Male,8,35.53,796.58,Month-to-month,No,Credit card,No,2,No,No,No
CUST04500,60.0,Male,9,86.45,10188.8,Two year,Fiber optic,Electronic check,Yes,3,No,Yes,Yes
CUST04501,56.0,Female,0,20.41,131.92,One year,DSL,Bank transfer,No,3,No,Yes,Yes
CUST04502,69.0,Male,9,21.12,394.45,Two year,DSL,Credit card,Yes,1,Yes,No,No
CUST04503,46.0,Female,3,61.66,2755.45,Two year,DSL,Bank transfer,No,3,Yes,No,No
CUST04504,32.0,Male,8,35.53,796.58,Month-to-month,No,Credit card,No,2,No,No,No
CUST04505,60.0,Male,9,86.45,10188.8,Two year,Fiber optic,Electronic check,Yes,3,No,Yes,Yes
CUST04506,56.0,Female,0,20.41,131.92,One year,DSL,Bank transfer,No,3,No,Yes,Yes
CUST04507,69.0,Male,9,21.12,394.45,Two year,DSL,Credit card,Yes,1,Yes,No,No
CUST04508,46.0,Female,3,61.66,2755.45,Two year,DSL,Bank transfer,No,3,Yes,No,No
CUST04509,32.0,Male,8,35.53,796.58,Month-to-month,No,Credit card,No,2,No,No,No
CUST04510,60.0,Male,9,86.45,10188.8,Two year,Fiber optic,Electronic check,Yes,3,No,Yes,Yes
CUST04511,56.0,Female,0,20.41,131.92,One year,DSL,Bank transfer,No,3,No,Yes,Yes
CUST04512,69.0,Male,9,21.12,394.45,Two year,DSL,Credit card,Yes,1,Yes,No,No
CUST04513,46.0,Female,3,61.66,2755.45,Two year,DSL,Bank transfer,No,3,Yes,No,No
CUST04514,32.0,Male,8,35.53,796.58,Month-to-month,No,Credit card,No,2,No,No,No
CUST04515,60.0,Male,9,86.45,10188.8,Two year,Fiber optic,Electronic check,Yes,3,No,Yes,Yes
CUST04516,56.0,Female,0,20.41,131.92,One year,DSL,Bank transfer,No,3,No,Yes,Yes
CUST04517,69.0,Male,9,21.12,394.45,Two year,DSL,Credit card,Yes,1,Yes,No,No
CUST04518,46.0,Female,3,61.66,2755.45,Two year,DSL,Bank transfer,No,3,Yes,No,No
CUST04519,32.0,Male,8,35.53,796.58,Month-to-month,No,Credit card,No,2,No,No,No
CUST04520,60.0,Male,9,86.45,10188.8,Two year,Fiber optic,Electronic check,Yes,3,No,Yes,Yes
CUST04521,56.0,Female,0,20.41,131.92,One year,DSL,Bank transfer,No,3,No,Yes,Yes
CUST04522,69.0,Male,9,21.12,394.45,Two year,DSL,Credit card,Yes,1,Yes,No,No
CUST04523,46.0,Female,3,61.66,2755.45,Two year,DSL,Bank transfer,No,3,Yes,No,No
CUST04524,32.0,Male,8,35.53,796.58,Month-to-month,No,Credit card,No,2,No,No,No
CUST04525,60.0,Male,9,86.45,10188.8,Two year,Fiber optic,Electronic check,Yes,3,No,Yes,Yes
CUST04526,56.0,Female,0,20.41,131.92,One year,DSL,Bank transfer,No,3,No,Yes,Yes
CUST04527,69.0,Male,9,21.12,394.45,Two year,DSL,Credit card,Yes,1,Yes,No,No
CUST04528,46.0,Female,3,61.66,2755.45,Two year,DSL,Bank transfer,No,3,Yes,No,No
CUST04529,32.0,Male,8,35.53,796.58,Month-to-month,No,Credit card,No,2,No,No,No
CUST04530,60.0,Male,9,86.45,10188.8,Two year,Fiber optic,Electronic check,Yes,3,No,Yes,Yes
CUST04531,56.0,Female,0,20.41,131.92,One year,DSL,Bank transfer,No,3,No,Yes,Yes
CUST04532,69.0,Male,9,21.12,394.45,Two year,DSL,Credit card,Yes,1,Yes,No,No
CUST04533,46.0,Female,3,61.66,2755.45,Two year,DSL,Bank transfer,No,3,Yes,No,No
CUST04534,32.0,Male,8,35.53,796.58,Month-to-month,No,Credit card,No,2,No,No,No
CUST04535,60.0,Male,9,86.45,10188.8,Two year,Fiber optic,Electronic check,Yes,3,No,Yes,Yes
CUST04536,56.0,Female,0,20.41,131.92,One year,DSL,Bank transfer,No,3,No,Yes,Yes
CUST04537,69.0,Male,9,21.12,394.45,Two year,DSL,Credit card,Yes,1,Yes,No,No
CUST04538,46.0,Female,3,61.66,2755.45,Two year,DSL,Bank transfer,No,3,Yes,No,No
CUST04539,32.0,Male,8,35.53,796.58,Month-to-month,No,Credit card,No,2,No,No,No
CUST04540,60.0,Male,9,86.45,10188.8,Two year,Fiber optic,Electronic check,Yes,3,No,Yes,Yes
CUST04541,56.0,Female,0,20.41,131.92,One year,DSL,Bank transfer,No,3,No,Yes,Yes
CUST04542,69.0,Male,9,21.12,394.45,Two year,DSL,Credit card,Yes,1,Yes,No,No
CUST04543,46.0,Female,3,61.66,2755.45,Two year,DSL,Bank transfer,No,3,Yes,No,No
CUST04544,32.0,Male,8,35.53,796.58,Month-to-month,No,Credit card,No,2,No,No,No
CUST04545,60.0,Male,9,86.45,10188.8,Two year,Fiber optic,Electronic check,Yes,3,No,Yes,Yes
CUST04546,56.0,Female,0,20.41,131.92,One year,DSL,Bank transfer,No,3,No,Yes,Yes
CUST04547,69.0,Male,9,21.12,394.45,Two year,DSL,Credit card,Yes,1,Yes,No,No
CUST04548,46.0,Female,3,61.66,2755.45,Two year,DSL,Bank transfer,No,3,Yes,No,No
CUST04549,32.0,Male,8,35.53,796.58,Month-to-month,No,Credit card,No,2,No,No,No
CUST04550,60.0,Male,9,86.45,10188.8,Two year,Fiber optic,Electronic check,Yes,3,No,Yes,Yes
CUST04551,56.0,Female,0,20.41,131.92,One year,DSL,Bank transfer,No,3,No,Yes,Yes
CUST04552,69.0,Male,9,21.12,394.45,Two year,DSL,Credit card,Yes,1,Yes,No,No
CUST04553,46.0,Female,3,61.66,2755.45,Two year,DSL,Bank transfer,No,3,Yes,No,No
CUST04554,32.0,Male,8,35.53,796.58,Month-to-month,No,Credit card,No,2,No,No,No
CUST04555,60.0,Male,9,86.45,10188.8,Two year,Fiber optic,Electronic check,Yes,3,No,Yes,Yes
CUST04556,56.0,Female,0,20.41,131.92,One year,DSL,Bank transfer,No,3,No,Yes,Yes
CUST04557,69.0,Male,9,21.12,394.45,Two year,DSL,Credit card,Yes,1,Yes,No,No
CUST04558,46.0,Female,3,61.66,2755.45,Two year,DSL,Bank transfer,No,3,Yes,No,No
CUST04559,32.0,Male,8,35.53,796.58,Month-to-month,No,Credit card,No,2,No,No,No
CUST04560,60.0,Male,9,86.45,10188.8,Two year,Fiber optic,Electronic check,Yes,3,No,Yes,Yes
CUST04561,56.0,Female,0,20.41,131.92,One year,DSL,Bank transfer,No,3,No,Yes,Yes
CUST04562,69.0,Male,9,21.12,394.45,Two year,DSL,Credit card,Yes,1,Yes,No,No
CUST04563,46.0,Female,3,61.66,2755.45,Two year,DSL,Bank transfer,No,3,Yes,No,No
CUST04564,32.0,Male,8,35.53,796.58,Month-to-month,No,Credit card,No,2,No,No,No
CUST04565,60.0,Male,9,86.45,10188.8,Two year,Fiber optic,Electronic check,Yes,3,No,Yes,Yes
CUST04566,56.0,Female,0,20.41,131.92,One year,DSL,Bank transfer,No,3,No,Yes,Yes
CUST04567,69.0,Male,9,21.12,394.45,Two year,DSL,Credit card,Yes,1,Yes,No,No
CUST04568,46.0,Female,3,61.66,2755.45,Two year,DSL,Bank transfer,No,3,Yes,No,No
CUST04569,32.0,Male,8,35.53,796.58,Month-to-month,No,Credit card,No,2,No,No,No
CUST04570,60.0,Male,9,86.45,10188.8,Two year,Fiber optic,Electronic check,Yes,3,No,Yes,Yes
CUST04571,56.0,Female,0,20.41,131.92,One year,DSL,Bank transfer,No,3,No,Yes,Yes
CUST04572,69.0,Male,9,21.12,394.45,Two year,DSL,Credit card,Yes,1,Yes,No,No
CUST04573,46.0,Female,3,61.66,2755.45,Two year,DSL,Bank transfer,No,3,Yes,No,No
CUST04574,32.0,Male,8,35.53,796.58,Month-to-month,No,Credit card,No,2,No,No,No
CUST04575,60.0,Male,9,86.45,10188.8,Two year,Fiber optic,Electronic check,Yes,3,No,Yes,Yes
CUST04576,56.0,Female,0,20.41,131.92,One year,DSL,Bank transfer,No,3,No,Yes,Yes
CUST04577,69.0,Male,9,21.12,394.45,Two year,DSL,Credit card,Yes,1,Yes,No,No
CUST04578,46.0,Female,3,61.66,2755.45,Two year,DSL,Bank transfer,No,3,Yes,No,No
CUST04579,32.0,Male,8,35.53,796.58,Month-to-month,No,Credit card,No,2,No,No,No
CUST04580,60.0,Male,9,86.45,10188.8,Two year,Fiber optic,Electronic check,Yes,3,No,Yes,Yes
CUST04581,56.0,Female,0,20.41,131.92,One year,DSL,Bank transfer,No,3,No,Yes,Yes
CUST04582,69.0,Male,9,21.12,394.45,Two year,DSL,Credit card,Yes,1,Yes,No,No
CUST04583,46.0,Female,3,61.66,2755.45,Two year,DSL,Bank transfer,No,3,Yes,No,No
CUST04584,32.0,Male,8,35.53,796.58,Month-to-month,No,Credit card,No,2,No,No,No
CUST04585,60.0,Male,9,86.45,10188.8,Two year,Fiber optic,Electronic check,Yes,3,No,Yes,Yes
CUST04586,56.0,Female,0,20.41,131.92,One year,DSL,Bank transfer,No,3,No,Yes,Yes
CUST04587,69.0,Male,9,21.12,394.45,Two year,DSL,Credit card,Yes,1,Yes,No,No
CUST04588,46.0,Female,3,61.66,2755.45,Two year,DSL,Bank transfer,No,3,Yes,No,No
CUST04589,32.0,Male,8,35.53,796.58,Month-to-month,No,Credit card,No,2,No,No,No
CUST04590,60.0,Male,9,86.45,10188.8,Two year,Fiber optic,Electronic check,Yes,3,No,Yes,Yes
CUST04591,56.0,Female,0,20.41,131.92,One year,DSL,Bank transfer,No,3,No,Yes,Yes
CUST04592,69.0,Male,9,21.12,394.45,Two year,DSL,Credit card,Yes,1,Yes,No,No
CUST04593,46.0,Female,3,61.66,2755.45,Two year,DSL,Bank transfer,No,3,Yes,No,No
CUST04594,32.0,Male,8,35.53,796.58,Month-to-month,No,Credit card,No,2,No,No,No
CUST04595,60.0,Male,9,86.45,10188.8,Two year,Fiber optic,Electronic check,Yes,3,No,Yes,Yes
CUST04596,56.0,Female,0,20.41,131.92,One year,DSL,Bank transfer,No,3,No,Yes,Yes
CUST04597,69.0,Male,9,21.12,394.45,Two year,DSL,Credit card,Yes,1,Yes,No,No
CUST04598,46.0,Female,3,61.66,2755.45,Two year,DSL,Bank transfer,No,3,Yes,No,No
CUST04599,32.0,Male,8,35.53,796.58,Month-to-month,No,Credit card,No,2,No,No,No
CUST04600,60.0,Male,9,86.45,10188.8,Two year,Fiber optic,Electronic check,Yes,3,No,Yes,Yes
CUST04601,56.0,Female,0,20.41,131.92,One year,DSL,Bank transfer,No,3,No,Yes,Yes
CUST04602,69.0,Male,9,21.12,394.45,Two year,DSL,Credit card,Yes,1,Yes,No,No
CUST04603,46.0,Female,3,61.66,2755.45,Two year,DSL,Bank transfer,No,3,Yes,No,No
CUST04604,32.0,Male,8,35.53,796.58,Month-to-month,No,Credit card,No,2,No,No,No
CUST04605,60.0,Male,9,86.45,10188.8,Two year,Fiber optic,Electronic check,Yes,3,No,Yes,Yes
CUST04606,56.0,Female,0,20.41,131.92,One year,DSL,Bank transfer,No,3,No,Yes,Yes
CUST04607,69.0,Male,9,21.12,394.45,Two year,DSL,Credit card,Yes,1,Yes,No,No
CUST04608,46.0,Female,3,61.66,2755.45,Two year,DSL,Bank transfer,No,3,Yes,No,No
CUST04609,32.0,Male,8,35.53,796.58,Month-to-month,No,Credit card,No,2,No,No,No
CUST04610,60.0,Male,9,86.45,10188.8,Two year,Fiber optic,Electronic check,Yes,3,No,Yes,Yes
CUST04611,56.0,Female,0,20.41,131.92,One year,DSL,Bank transfer,No,3,No,Yes,Yes
CUST04612,69.0,Male,9,21.12,394.45,Two year,DSL,Credit card,Yes,1,Yes,No,No
CUST04613,46.0,Female,3,61.66,2755.45,Two year,DSL,Bank transfer,No,3,Yes,No,No
CUST04614,32.0,Male,8,35.53,796.58,Month-to-month,No,Credit card,No,2,No,No,No
CUST04615,60.0,Male,9,86.45,10188.8,Two year,Fiber optic,Electronic check,Yes,3,No,Yes,Yes
CUST04616,56.0,Female,0,20.41,131.92,One year,DSL,Bank transfer,No,3,No,Yes,Yes
CUST04617,69.0,Male,9,21.12,394.45,Two year,DSL,Credit card,Yes,1,Yes,No,No
CUST04618,46.0,Female,3,61.66,2755.45,Two year,DSL,Bank transfer,No,3,Yes,No,No
CUST04619,32.0,Male,8,35.53,796.58,Month-to-month,No,Credit card,No,2,No,No,No
CUST04620,60.0,Male,9,86.45,10188.8,Two year,Fiber optic,Electronic check,Yes,3,No,Yes,Yes
CUST04621,56.0,Female,0,20.41,131.92,One year,DSL,Bank transfer,No,3,No,Yes,Yes
CUST04622,69.0,Male,9,21.12,394.45,Two year,DSL,Credit card,Yes,1,Yes,No,No
CUST04623,46.0,Female,3,61.66,2755.45,Two year,DSL,Bank transfer,No,3,Yes,No,No
CUST04624,32.0,Male,8,35.53,796.58,Month-to-month,No,Credit card,No,2,No,No,No
CUST04625,60.0,Male,9,86.45,10188.8,Two year,Fiber optic,Electronic check,Yes,3,No,Yes,Yes
CUST04626,56.0,Female,0,20.41,131.92,One year,DSL,Bank transfer,No,3,No,Yes,Yes
CUST04627,69.0,Male,9,21.12,394.45,Two year,DSL,Credit card,Yes,1,Yes,No,No
CUST04628,46.0,Female,3,61.66,2755.45,Two year,DSL,Bank transfer,No,3,Yes,No,No
CUST04629,32.0,Male,8,35.53,796.58,Month-to-month,No,Credit card,No,2,No,No,No
CUST04630,60.0,Male,9,86.45,10188.8,Two year,Fiber optic,Electronic check,Yes,3,No,Yes,Yes
CUST04631,56.0,Female,0,20.41,131.92,One year,DSL,Bank transfer,No,3,No,Yes,Yes
CUST04632,69.0,Male,9,21.12,394.45,Two year,DSL,Credit card,Yes,1,Yes,No,No
CUST04633,46.0,Female,3,61.66,2755.45,Two year,DSL,Bank transfer,No,3,Yes,No,No
CUST04634,32.0,Male,8,35.53,796.58,Month-to-month,No,Credit card,No,2,No,No,No
CUST04635,60.0,Male,9,86.45,10188.8,Two year,Fiber optic,Electronic check,Yes,3,No,Yes,Yes
CUST04636,56.0,Female,0,20.41,131.92,One year,DSL,Bank transfer,No,3,No,Yes,Yes
CUST04637,69.0,Male,9,21.12,394.45,Two year,DSL,Credit card,Yes,1,Yes,No,No
CUST04638,46.0,Female,3,61.66,2755.45,Two year,DSL,Bank transfer,No,3,Yes,No,No
CUST04639,32.0,Male,8,35.53,796.58,Month-to-month,No,Credit card,No,2,No,No,No
CUST04640,60.0,Male,9,86.45,10188.8,Two year,Fiber optic,Electronic check,Yes,3,No,Yes,Yes
CUST04641,56.0,Female,0,20.41,131.92,One year,DSL,Bank transfer,No,3,No,Yes,Yes
CUST04642,69.0,Male,9,21.12,394.45,Two year,DSL,Credit card,Yes,1,Yes,No,No
CUST04643,46.0,Female,3,61.66,2755.45,Two year,DSL,Bank transfer,No,3,Yes,No,No
CUST04644,32.0,Male,8,35.53,796.58,Month-to-month,No,Credit card,No,2,No,No,No
CUST04645,60.0,Male,9,86.45,10188.8,Two year,Fiber optic,Electronic check,Yes,3,No,Yes,Yes
CUST04646,56.0,Female,0,20.41,131.92,One year,DSL,Bank transfer,No,3,No,Yes,Yes
CUST04647,69.0,Male,9,21.12,394.45,Two year,DSL,Credit card,Yes,1,Yes,No,No
CUST04648,46.0,Female,3,61.66,2755.45,Two year,DSL,Bank transfer,No,3,Yes,No,No
CUST04649,32.0,Male,8,35.53,796.58,Month-to-month,No,Credit card,No,2,No,No,No
CUST04650,60.0,Male,9,86.45,10188.8,Two year,Fiber optic,Electronic check,Yes,3,No,Yes,Yes
CUST04651,56.0,Female,0,20.41,131.92,One year,DSL,Bank transfer,No,3,No,Yes,Yes
CUST04652,69.0,Male,9,21.12,394.45,Two year,DSL,Credit card,Yes,1,Yes,No,No
CUST04653,46.0,Female,3,61.66,2755.45,Two year,DSL,Bank transfer,No,3,Yes,No,No
CUST04654,32.0,Male,8,35.53,796.58,Month-to-month,No,Credit card,No,2,No,No,No
CUST04655,60.0,Male,9,86.45,10188.8,Two year,Fiber optic,Electronic check,Yes,3,No,Yes,Yes
CUST04656,56.0,Female,0,20.41,131.92,One year,DSL,Bank transfer,No,3,No,Yes,Yes
CUST04657,69.0,Male,9,21.12,394.45,Two year,DSL,Credit card,Yes,1,Yes,No,No
CUST04658,46.0,Female,3,61.66,2755.45,Two year,DSL,Bank transfer,No,3,Yes,No,No
CUST04659,32.0,Male,8,35.53,796.58,Month-to-month,No,Credit card,No,2,No,No,No
CUST04660,60.0,Male,9,86.45,10188.8,Two year,Fiber optic,Electronic check,Yes,3,No,Yes,Yes
CUST04661,56.0,Female,0,20.41,131.92,One year,DSL,Bank transfer,No,3,No,Yes,Yes
CUST04662,69.0,Male,9,21.12,394.45,Two year,DSL,Credit card,Yes,1,Yes,No,No
CUST04663,46.0,Female,3,61.66,2755.45,Two year,DSL,Bank transfer,No,3,Yes,No,No
CUST04664,32.0,Male,8,35.53,796.58,Month-to-month,No,Credit card,No,2,No,No,No
CUST04665,60.0,Male,9,86.45,10188.8,Two year,Fiber optic,Electronic check,Yes,3,No,Yes,Yes
CUST04666,56.0,Female,0,20.41,131.92,One year,DSL,Bank transfer,No,3,No,Yes,Yes
CUST04667,69.0,Male,9,21.12,394.45,Two year,DSL,Credit card,Yes,1,Yes,No,No
CUST04668,46.0,Female,3,61.66,2755.45,Two year,DSL,Bank transfer,No,3,Yes,No,No
CUST04669,32.0,Male,8,35.53,796.58,Month-to-month,No,Credit card,No,2,No,No,No
CUST04670,60.0,Male,9,86.45,10188.8,Two year,Fiber optic,Electronic check,Yes,3,No,Yes,Yes
CUST04671,56.0,Female,0,20.41,131.92,One year,DSL,Bank transfer,No,3,No,Yes,Yes
CUST04672,69.0,Male,9,21.12,394.45,Two year,DSL,Credit card,Yes,1,Yes,No,No
CUST04673,46.0,Female,3,61.66,2755.45,Two year,DSL,Bank transfer,No,3,Yes,No,No
CUST04674,32.0,Male,8,35.53,796.58,Month-to-month,No,Credit card,No,2,No,No,No
CUST04675,60.0,Male,9,86.45,10188.8,Two year,Fiber optic,Electronic check,Yes,3,No,Yes,Yes
CUST04676,56.0,Female,0,20.41,131.92,One year,DSL,Bank transfer,No,3,No,Yes,Yes
CUST04677,69.0,Male,9,21.12,394.45,Two year,DSL,Credit card,Yes,1,Yes,No,No
CUST04678,46.0,Female,3,61.66,2755.45,Two year,DSL,Bank transfer,No,3,Yes,No,No
CUST04679,32.0,Male,8,35.53,796.58,Month-to-month,No,Credit card,No,2,No,No,No
CUST04680,60.0,Male,9,86.45,10188.8,Two year,Fiber optic,Electronic check,Yes,3,No,Yes,Yes
CUST04681,56.0,Female,0,20.41,131.92,One year,DSL,Bank transfer,No,3,No,Yes,Yes
CUST04682,69.0,Male,9,21.12,394.45,Two year,DSL,Credit card,Yes,1,Yes,No,No
CUST04683,46.0,Female,3,61.66,2755.45,Two year,DSL,Bank transfer,No,3,Yes,No,No
CUST04684,32.0,Male,8,35.53,796.58,Month-to-month,No,Credit card,No,2,No,No,No
CUST04685,60.0,Male,9,86.45,10188.8,Two year,Fiber optic,Electronic check,Yes,3,No,Yes,Yes
CUST04686,56.0,Female,0,20.41,131.92,One year,DSL,Bank transfer,No,3,No,Yes,Yes
CUST04687,69.0,Male,9,21.12,394.45,Two year,DSL,Credit card,Yes,1,Yes,No,No
CUST04688,46.0,Female,3,61.66,2755.45,Two year,DSL,Bank transfer,No,3,Yes,No,No
CUST04689,32.0,Male,8,35.53,796.58,Month-to-month,No,Credit card,No,2,No,No,No
CUST04690,60.0,Male,9,86.45,10188.8,Two year,Fiber optic,Electronic check,Yes,3,No,Yes,Yes
CUST04691,56.0,Female,0,20.41,131.92,One year,DSL,Bank transfer,No,3,No,Yes,Yes
CUST04692,69.0,Male,9,21.12,394.45,Two year,DSL,Credit card,Yes,1,Yes,No,No
CUST04693,46.0,Female,3,61.66,2755.45,Two year,DSL,Bank transfer,No,3,Yes,No,No
CUST04694,32.0,Male,8,35.53,796.58,Month-to-month,No,Credit card,No,2,No,No,No
CUST04695,60.0,Male,9,86.45,10188.8,Two year,Fiber optic,Electronic check,Yes,3,No,Yes,Yes
CUST04696,56.0,Female,0,20.41,131.92,One year,DSL,Bank transfer,No,3,No,Yes,Yes
CUST04697,69.0,Male,9,21.12,394.45,Two year,DSL,Credit card,Yes,1,Yes,No,No
CUST04698,46.0,Female,3,61.66,2755.45,Two year,DSL,Bank transfer,No,3,Yes,No,No
CUST04699,32.0,Male,8,35.53,796.58,Month-to-month,No,Credit card,No,2,No,No,No
CUST04700,60.0,Male,9,86.45,10188.8,Two year,Fiber optic,Electronic check,Yes,3,No,Yes,Yes
CUST04701,56.0,Female,0,20.41,131.92,One year,DSL,Bank transfer,No,3,No,Yes,Yes
CUST04702,69.0,Male,9,21.12,394.45,Two year,DSL,Credit card,Yes,1,Yes,No,No
CUST04703,46.0,Female,3,61.66,2755.45,Two year,DSL,Bank transfer,No,3,Yes,No,No
CUST04704,32.0,Male,8,35.53,796.58,Month-to-month,No,Credit card,No,2,No,No,No
CUST04705,60.0,Male,9,86.45,10188.8,Two year,Fiber optic,Electronic check,Yes,3,No,Yes,Yes
CUST04706,56.0,Female,0,20.41,131.92,One year,DSL,Bank transfer,No,3,No,Yes,Yes
CUST04707,69.0,Male,9,21.12,394.45,Two year,DSL,Credit card,Yes,1,Yes,No,No
CUST04708,46.0,Female,3,61.66,2755.45,Two year,DSL,Bank transfer,No,3,Yes,No,No
CUST04709,32.0,Male,8,35.53,796.58,Month-to-month,No,Credit card,No,2,No,No,No
CUST04710,60.0,Male,9,86.45,10188.8,Two year,Fiber optic,Electronic check,Yes,3,No,Yes,Yes
CUST04711,56.0,Female,0,20.41,131.92,One year,DSL,Bank transfer,No,3,No,Yes,Yes
CUST04712,69.0,Male,9,21.12,394.45,Two year,DSL,Credit card,Yes,1,Yes,No,No
CUST04713,46.0,Female,3,61.66,2755.45,Two year,DSL,Bank transfer,No,3,Yes,No,No
CUST04714,32.0,Male,8,35.53,796.58,Month-to-month,No,Credit card,No,2,No,No,No
CUST04715,60.0,Male,9,86.45,10188.8,Two year,Fiber optic,Electronic check,Yes,3,No,Yes,Yes
CUST04716,56.0,Female,0,20.41,131.92,One year,DSL,Bank transfer,No,3,No,Yes,Yes
CUST04717,69.0,Male,9,21.12,394.45,Two year,DSL,Credit card,Yes,1,Yes,No,No
CUST04718,46.0,Female,3,61.66,2755.45,Two year,DSL,Bank transfer,No,3,Yes,No,No
CUST04719,32.0,Male,8,35.53,796.58,Month-to-month,No,Credit card,No,2,No,No,No
CUST04720,60.0,Male,9,86.45,10188.8,Two year,Fiber optic,Electronic check,Yes,3,No,Yes,Yes
CUST04721,56.0,Female,0,20.41,131.92,One year,DSL,Bank transfer,No,3,No,Yes,Yes
CUST04722,69.0,Male,9,21.12,394.45,Two year,DSL,Credit card,Yes,1,Yes,No,No
CUST04723,46.0,Female,3,61.66,2755.45,Two year,DSL,Bank transfer,No,3,Yes,No,No
CUST04724,32.0,Male,8,35.53,796.58,Month-to-month,No,Credit card,No,2,No,No,No
CUST04725,60.0,Male,9,86.45,10188.8,Two year,Fiber optic,Electronic check,Yes,3,No,Yes,Yes
CUST04726,56.0,Female,0,20.41,131.92,One year,DSL,Bank transfer,No,3,No,Yes,Yes
CUST04727,69.0,Male,9,21.12,394.45,Two year,DSL,Credit card,Yes,1,Yes,No,No
CUST04728,46.0,Female,3,61.66,2755.45,Two year,DSL,Bank transfer,No,3,Yes,No,No
CUST04729,32.0,Male,8,35.53,796.58,Month-to-month,No,Credit card,No,2,No,No,No
CUST04730,60.0,Male,9,86.45,10188.8,Two year,Fiber optic,Electronic check,Yes,3,No,Yes,Yes
CUST04731,56.0,Female,0,20.41,131.92,One year,DSL,Bank transfer,No,3,No,Yes,Yes
CUST04732,69.0,Male,9,21.12,394.45,Two year,DSL,Credit card,Yes,1,Yes,No,No
CUST04733,46.0,Female,3,61.66,2755.45,Two year,DSL,Bank transfer,No,3,Yes,No,No
CUST04734,32.0,Male,8,35.53,796.58,Month-to-month,No,Credit card,No,2,No,No,No
CUST04735,60.0,Male,9,86.45,10188.8,Two year,Fiber optic,Electronic check,Yes,3,No,Yes,Yes
CUST04736,56.0,Female,0,20.41,131.92,One year,DSL,Bank transfer,No,3,No,Yes,Yes
CUST04737,69.0,Male,9,21.12,394.45,Two year,DSL,Credit card,Yes,1,Yes,No,No
CUST04738,46.0,Female,3,61.66,2755.45,Two year,DSL,Bank transfer,No,3,Yes,No,No
CUST04739,32.0,Male,8,35.53,796.58,Month-to-month,No,Credit card,No,2,No,No,No
CUST04740,60.0,Male,9,86.45,10188.8,Two year,Fiber optic,Electronic check,Yes,3,No,Yes,Yes
CUST04741,56.0,Female,0,20.41,131.92,One year,DSL,Bank transfer,No,3,No,Yes,Yes
CUST04742,69.0,Male,9,21.12,394.45,Two year,DSL,Credit card,Yes,1,Yes,No,No
CUST04743,46.0,Female,3,61.66,2755.45,Two year,DSL,Bank transfer,No,3,Yes,No,No
CUST04744,32.0,Male,8,35.53,796.58,Month-to-month,No,Credit card,No,2,No,No,No
CUST04745,60.0,Male,9,86.45,10188.8,Two year,Fiber optic,Electronic check,Yes,3,No,Yes,Yes
CUST04746,56.0,Female,0,20.41,131.92,One year,DSL,Bank transfer,No,3,No,Yes,Yes
CUST04747,69.0,Male,9,21.12,394.45,Two year,DSL,Credit card,Yes,1,Yes,No,No
CUST04748,46.0,Female,3,61.66,2755.45,Two year,DSL,Bank transfer,No,3,Yes,No,No
CUST04749,32.0,Male,8,35.53,796.58,Month-to-month,No,Credit card,No,2,No,No,No
CUST04750,60.0,Male,9,86.45,10188.8,Two year,Fiber optic,Electronic check,Yes,3,No,Yes,Yes
CUST04751,56.0,Female,0,20.41,131.92,One year,DSL,Bank transfer,No,3,No,Yes,Yes
CUST04752,69.0,Male,9,21.12,394.45,Two year,DSL,Credit card,Yes,1,Yes,No,No
CUST04753,46.0,Female,3,61.66,2755.45,Two year,DSL,Bank transfer,No,3,Yes,No,No
CUST04754,32.0,Male,8,35.53,796.58,Month-to-month,No,Credit card,No,2,No,No,No
CUST04755,60.0,Male,9,86.45,10188.8,Two year,Fiber optic,Electronic check,Yes,3,No,Yes,Yes
CUST04756,56.0,Female,0,20.41,131.92,One year,DSL,Bank transfer,No,3,No,Yes,Yes
CUST04757,69.0,Male,9,21.12,394.45,Two year,DSL,Credit card,Yes,1,Yes,No,No
CUST04758,46.0,Female,3,61.66,2755.45,Two year,DSL,Bank transfer,No,3,Yes,No,No
CUST04759,32.0,Male,8,35.53,796.58,Month-to-month,No,Credit card,No,2,No,No,No
CUST04760,60.0,Male,9,86.45,10188.8,Two year,Fiber optic,Electronic check,Yes,3,No,Yes,Yes
CUST04761,56.0,Female,0,20.41,131.92,One year,DSL,Bank transfer,No,3,No,Yes,Yes
CUST04762,69.0,Male,9,21.12,394.45,Two year,DSL,Credit card,Yes,1,Yes,No,No
CUST04763,46.0,Female,3,61.66,2755.45,Two year,DSL,Bank transfer,No,3,Yes,No,No
CUST04764,32.0,Male,8,35.53,796.58,Month-to-month,No,Credit card,No,2,No,No,No
CUST04765,60.0,Male,9,86.45,10188.8,Two year,Fiber optic,Electronic check,Yes,3,No,Yes,Yes
CUST04766,56.0,Female,0,20.41,131.92,One year,DSL,Bank transfer,No,3,No,Yes,Yes
CUST04767,69.0,Male,9,21.12,394.45,Two year,DSL,Credit card,Yes,1,Yes,No,No
CUST04768,46.0,Female,3,61.66,2755.45,Two year,DSL,Bank transfer,No,3,Yes,No,No
CUST04769,32.0,Male,8,35.53,796.58,Month-to-month,No,Credit card,No,2,No,No,No
CUST04770,60.0,Male,9,86.45,10188.8,Two year,Fiber optic,Electronic check,Yes,3,No,Yes,Yes
CUST04771,56.0,Female,0,20.41,131.92,One year,DSL,Bank transfer,No,3,No,Yes,Yes
CUST04772,69.0,Male,9,21.12,394.45,Two year,DSL,Credit card,Yes,1,Yes,No,No
CUST04773,46.0,Female,3,61.66,2755.45,Two year,DSL,Bank transfer,No,3,Yes,No,No
CUST04774,32.0,Male,8,35.53,796.58,Month-to-month,No,Credit card,No,2,No,No,No
CUST04775,60.0,Male,9,86.45,10188.8,Two year,Fiber optic,Electronic check,Yes,3,No,Yes,Yes
CUST04776,56.0,Female,0,20.41,131.92,One year,DSL,Bank transfer,No,3,No,Yes,Yes
CUST04777,69.0,Male,9,21.12,394.45,Two year,DSL,Credit card,Yes,1,Yes,No,No
CUST04778,46.0,Female,3,61.66,2755.45,Two year,DSL,Bank transfer,No,3,Yes,No,No
CUST04779,32.0,Male,8,35.53,796.58,Month-to-month,No,Credit card,No,2,No,No,No
CUST04780,60.0,Male,9,86.45,10188.8,Two year,Fiber optic,Electronic check,Yes,3,No,Yes,Yes
CUST04781,56.0,Female,0,20.41,131.92,One year,DSL,Bank transfer,No,3,No,Yes,Yes
CUST04782,69.0,Male,9,21.12,394.45,Two year,DSL,Credit card,Yes,1,Yes,No,No
CUST04783,46.0,Female,3,61.66,2755.45,Two year,DSL,Bank transfer,No,3,Yes,No,No
CUST04784,32.0,Male,8,35.53,796.58,Month-to-month,No,Credit card,No,2,No,No,No
CUST04785,60.0,Male,9,86.45,10188.8,Two year,Fiber optic,Electronic check,Yes,3,No,Yes,Yes
CUST04786,56.0,Female,0,20.41,131.92,One year,DSL,Bank transfer,No,3,No,Yes,Yes
CUST04787,69.0,Male,9,21.12,394.45,Two year,DSL,Credit card,Yes,1,Yes,No,No
CUST04788,46.0,Female,3,61.66,2755.45,Two year,DSL,Bank transfer,No,3,Yes,No,No
CUST04789,32.0,Male,8,35.53,796.58,Month-to-month,No,Credit card,No,2,No,No,No
CUST04790,60.0,Male,9,86.45,10188.8,Two year,Fiber optic,Electronic check,Yes,3,No,Yes,Yes
CUST04791,56.0,Female,0,20.41,131.92,One year,DSL,Bank transfer,No,3,No,Yes,Yes
CUST04792,69.0,Male,9,21.12,394.45,Two year,DSL,Credit card,Yes,1,Yes,No,No
CUST04793,46.0,Female,3,61.66,2755.45,Two year,DSL,Bank transfer,No,3,Yes,No,No
CUST04794,32.0,Male,8,35.53,796.58,Month-to-month,No,Credit card,No,2,No,No,No
CUST04795,60.0,Male,9,86.45,10188.8,Two year,Fiber optic,Electronic check,Yes,3,No,Yes,Yes
CUST04796,56.0,Female,0,20.41,131.92,One year,DSL,Bank transfer,No,3,No,Yes,Yes
CUST04797,69.0,Male,9,21.12,394.45,Two year,DSL,Credit card,Yes,1,Yes,No,No
CUST04798,46.0,Female,3,61.66,2755.45,Two year,DSL,Bank transfer,No,3,Yes,No,No
CUST04799,32.0,Male,8,35.53,796.58,Month-to-month,No,Credit card,No,2,No,No,No
CUST04800,60.0,Male,9,86.45,10188.8,Two year,Fiber optic,Electronic check,Yes,3,No,Yes,Yes
CUST04801,56.0,Female,0,20.41,131.92,One year,DSL,Bank transfer,No,3,No,Yes,Yes
CUST04802,69.0,Male,9,21.12,394.45,Two year,DSL,Credit card,Yes,1,Yes,No,No
CUST04803,46.0,Female,3,61.66,2755.45,Two year,DSL,Bank transfer,No,3,Yes,No,No
CUST04804,32.0,Male,8,35.53,796.58,Month-to-month,No,Credit card,No,2,No,No,No
CUST04805,60.0,Male,9,86.45,10188.8,Two year,Fiber optic,Electronic check,Yes,3,No,Yes,Yes
CUST04806,56.0,Female,0,20.41,131.92,One year,DSL,Bank transfer,No,3,No,Yes,Yes
CUST04807,69.0,Male,9,21.12,394.45,Two year,DSL,Credit card,Yes,1,Yes,No,No
CUST04808,46.0,Female,3,61.66,2755.45,Two year,DSL,Bank transfer,No,3,Yes,No,No
CUST04809,32.0,Male,8,35.53,796.58,Month-to-month,No,Credit card,No,2,No,No,No
CUST04810,60.0,Male,9,86.45,10188.8,Two year,Fiber optic,Electronic check,Yes,3,No,Yes,Yes
CUST04811,56.0,Female,0,20.41,131.92,One year,DSL,Bank transfer,No,3,No,Yes,Yes
CUST04812,69.0,Male,9,21.12,394.45,Two year,DSL,Credit card,Yes,1,Yes,No,No
CUST04813,46.0,Female,3,61.66,2755.45,Two year,DSL,Bank transfer,No,3,Yes,No,No
CUST04814,32.0,Male,8,35.53,796.58,Month-to-month,No,Credit card,No,2,No,No,No
CUST04815,60.0,Male,9,86.45,10188.8,Two year,Fiber optic,Electronic check,Yes,3,No,Yes,Yes
CUST04816,56.0,Female,0,20.41,131.92,One year,DSL,Bank transfer,No,3,No,Yes,Yes
CUST04817,69.0,Male,9,21.12,394.45,Two year,DSL,Credit card,Yes,1,Yes,No,No
CUST04818,46.0,Female,3,61.66,2755.45,Two year,DSL,Bank transfer,No,3,Yes,No,No
CUST04819,32.0,Male,8,35.53,796.58,Month-to-month,No,Credit card,No,2,No,No,No
CUST04820,60.0,Male,9,86.45,10188.8,Two year,Fiber optic,Electronic check,Yes,3,No,Yes,Yes
CUST04821,56.0,Female,0,20.41,131.92,One year,DSL,Bank transfer,No,3,No,Yes,Yes
CUST04822,69.0,Male,9,21.12,394.45,Two year,DSL,Credit card,Yes,1,Yes,No,No
CUST04823,46.0,Female,3,61.66,2755.45,Two year,DSL,Bank transfer,No,3,Yes,No,No
CUST04824,32.0,Male,8,35.53,796.58,Month-to-month,No,Credit card,No,2,No,No,No
CUST04825,60.0,Male,9,86.45,10188.8,Two year,Fiber optic,Electronic check,Yes,3,No,Yes,Yes
CUST04826,56.0,Female,0,20.41,131.92,One year,DSL,Bank transfer,No,3,No,Yes,Yes
CUST04827,69.0,Male,9,21.12,394.45,Two year,DSL,Credit card,Yes,1,Yes,No,No
CUST04828,46.0,Female,3,61.66,2755.45,Two year,DSL,Bank transfer,No,3,Yes,No,No
CUST04829,32.0,Male,8,35.53,796.58,Month-to-month,No,Credit card,No,2,No,No,No
CUST04830,60.0,Male,9,86.45,10188.8,Two year,Fiber optic,Electronic check,Yes,3,No,Yes,Yes
CUST04831,56.0,Female,0,20.41,131.92,One year,DSL,Bank transfer,No,3,No,Yes,Yes
CUST04832,69.0,Male,9,21.12,394.45,Two year,DSL,Credit card,Yes,1,Yes,No,No
CUST04833,46.0,Female,3,61.66,2755.45,Two year,DSL,Bank transfer,No,3,Yes,No,No
CUST04834,32.0,Male,8,35.53,796.58,Month-to-month,No,Credit card,No,2,No,No,No
CUST04835,60.0,Male,9,86.45,10188.8,Two year,Fiber optic,Electronic check,Yes,3,No,Yes,Yes
CUST04836,56.0,Female,0,20.41,131.92,One year,DSL,Bank transfer,No,3,No,Yes,Yes
CUST04837,69.0,Male,9,21.12,394.45,Two year,DSL,Credit card,Yes,1,Yes,No,No
CUST04838,46.0,Female,3,61.66,2755.45,Two year,DSL,Bank transfer,No,3,Yes,No,No
CUST04839,32.0,Male,8,35.53,796.58,Month-to-month,No,Credit card,No,2,No,No,No
CUST04840,60.0,Male,9,86.45,10188.8,Two year,Fiber optic,Electronic check,Yes,3,No,Yes,Yes
CUST04841,56.0,Female,0,20.41,131.92,One year,DSL,Bank transfer,No,3,No,Yes,Yes
CUST04842,69.0,Male,9,21.12,394.45,Two year,DSL,Credit card,Yes,1,Yes,No,No
CUST04843,46.0,Female,3,61.66,2755.45,Two year,DSL,Bank transfer,No,3,Yes,No,No
CUST04844,32.0,Male,8,35.53,796.58,Month-to-month,No,Credit card,No,2,No,No,No
CUST04845,60.0,Male,9,86.45,10188.8,Two year,Fiber optic,Electronic check,Yes,3,No,Yes,Yes
CUST04846,56.0,Female,0,20.41,131.92,One year,DSL,Bank transfer,No,3,No,Yes,Yes
CUST04847,69.0,Male,9,21.12,394.45,Two year,DSL,Credit card,Yes,1,Yes,No,No
CUST04848,46.0,Female,3,61.66,2755.45,Two year,DSL,Bank transfer,No,3,Yes,No,No
CUST04849,32.0,Male,8,35.53,796.58,Month-to-month,No,Credit card,No,2,No,No,No
CUST04850,60.0,Male,9,86.45,10188.8,Two year,Fiber optic,Electronic check,Yes,3,No,Yes,Yes
CUST04851,56.0,Female,0,20.41,131.92,One year,DSL,Bank transfer,No,3,No,Yes,Yes
CUST04852,69.0,Male,9,21.12,394.45,Two year,DSL,Credit card,Yes,1,Yes,No,No
CUST04853,46.0,Female,3,61.66,2755.45,Two year,DSL,Bank transfer,No,3,Yes,No,No
CUST04854,32.0,Male,8,35.53,796.58,Month-to-month,No,Credit card,No,2,No,No,No
CUST04855,60.0,Male,9,86.45,10188.8,Two year,Fiber optic,Electronic check,Yes,3,No,Yes,Yes
CUST04856,56.0,Female,0,20.41,131.92,One year,DSL,Bank transfer,No,3,No,Yes,Yes
CUST04857,69.0,Male,9,21.12,394.45,Two year,DSL,Credit card,Yes,1,Yes,No,No
CUST04858,46.0,Female,3,61.66,2755.45,Two year,DSL,Bank transfer,No,3,Yes,No,No
CUST04859,32.0,Male,8,35.53,796.58,Month-to-month,No,Credit card,No,2,No,No,No
CUST04860,60.0,Male,9,86.45,10188.8,Two year,Fiber optic,Electronic check,Yes,3,No,Yes,Yes
CUST04861,56.0,Female,0,20.41,131.92,One year,DSL,Bank transfer,No,3,No,Yes,Yes
CUST04862,69.0,Male,9,21.12,394.45,Two year,DSL,Credit card,Yes,1,Yes,No,No
CUST04863,46.0,Female,3,61.66,2755.45,Two year,DSL,Bank transfer,No,3,Yes,No,No
CUST04864,32.0,Male,8,35.53,796.58,Month-to-month,No,Credit card,No,2,No,No,No
CUST04865,60.0,Male,9,86.45,10188.8,Two year,Fiber optic,Electronic check,Yes,3,No,Yes,Yes
CUST04866,56.0,Female,0,20.41,131.92,One year,DSL,Bank transfer,No,3,No,Yes,Yes
CUST04867,69.0,Male,9,21.12,394.45,Two year,DSL,Credit card,Yes,1,Yes,No,No
CUST04868,46.0,Female,3,61.66,2755.45,Two year,DSL,Bank transfer,No,3,Yes,No,No
CUST04869,32.0,Male,8,35.53,796.58,Month-to-month,No,Credit card,No,2,No,No,No
CUST04870,60.0,Male,9,86.45,10188.8,Two year,Fiber optic,Electronic check,Yes,3,No,Yes,Yes
CUST04871,56.0,Female,0,20.41,131.92,One year,DSL,Bank transfer,No,3,No,Yes,Yes
CUST04872,69.0,Male,9,21.12,394.45,Two year,DSL,Credit card,Yes,1,Yes,No,No
CUST04873,46.0,Female,3,61.66,2755.45,Two year,DSL,Bank transfer,No,3,Yes,No,No
CUST04874,32.0,Male,8,35.53,796.58,Month-to-month,No,Credit card,No,2,No,No,No
CUST04875,60.0,Male,9,86.45,10188.8,Two year,Fiber optic,Electronic check,Yes,3,No,Yes,Yes
CUST04876,56.0,Female,0,20.41,131.92,One year,DSL,Bank transfer,No,3,No,Yes,Yes
CUST04877,69.0,Male,9,21.12,394.45,Two year,DSL,Credit card,Yes,1,Yes,No,No
CUST04878,46.0,Female,3,61.66,2755.45,Two year,DSL,Bank transfer,No,3,Yes,No,No
CUST04879,32.0,Male,8,35.53,796.58,Month-to-month,No,Credit card,No,2,No,No,No
CUST04880,60.0,Male,9,86.45,10188.8,Two year,Fiber optic,Electronic check,Yes,3,No,Yes,Yes
CUST04881,56.0,Female,0,20.41,131.92,One year,DSL,Bank transfer,No,3,No,Yes,Yes
CUST04882,69.0,Male,9,21.12,394.45,Two year,DSL,Credit card,Yes,1,Yes,No,No
CUST04883,46.0,Female,3,61.66,2755.45,Two year,DSL,Bank transfer,No,3,Yes,No,No
CUST04884,32.0,Male,8,35.53,796.58,Month-to-month,No,Credit card,No,2,No,No,No
CUST04885,60.0,Male,9,86.45,10188.8,Two year,Fiber optic,Electronic check,Yes,3,No,Yes,Yes
CUST04886,56.0,Female,0,20.41,131.92,One year,DSL,Bank transfer,No,3,No,Yes,Yes
CUST04887,69.0,Male,9,21.12,394.45,Two year,DSL,Credit card,Yes,1,Yes,No,No
CUST04888,46.0,Female,3,61.66,2755.45,Two year,DSL,Bank transfer,No,3,Yes,No,No
CUST04889,32.0,Male,8,35.53,796.58,Month-to-month,No,Credit card,No,2,No,No,No
CUST04890,60.0,Male,9,86.45,10188.8,Two year,Fiber optic,Electronic check,Yes,3,No,Yes,Yes
CUST04891,56.0,Female,0,20.41,131.92,One year,DSL,Bank transfer,No,3,No,Yes,Yes
CUST04892,69.0,Male,9,21.12,394.45,Two year,DSL,Credit card,Yes,1,Yes,No,No
CUST04893,46.0,Female,3,61.66,2755.45,Two year,DSL,Bank transfer,No,3,Yes,No,No
CUST04894,32.0,Male,8,35.53,796.58,Month-to-month,No,Credit card,No,2,No,No,No
CUST04895,60.0,Male,9,86.45,10188.8,Two year,Fiber optic,Electronic check,Yes,3,No,Yes,Yes
CUST04896,56.0,Female,0,20.41,131.92,One year,DSL,Bank transfer,No,3,No,Yes,Yes
CUST04897,69.0,Male,9,21.12,394.45,Two year,DSL,Credit card,Yes,1,Yes,No,No
CUST04898,46.0,Female,3,61.66,2755.45,Two year,DSL,Bank transfer,No,3,Yes,No,No
CUST04899,32.0,Male,8,35.53,796.58,Month-to-month,No,Credit card,No,2,No,No,No
CUST04900,60.0,Male,9,86.45,10188.8,Two year,Fiber optic,Electronic check,Yes,3,No,Yes,Yes
CUST04901,56.0,Female,0,20.41,131.92,One year,DSL,Bank transfer,No,3,No,Yes,Yes
CUST04902,69.0,Male,9,21.12,394.45,Two year,DSL,Credit card,Yes,1,Yes,No,No
CUST04903,46.0,Female,3,61.66,2755.45,Two year,DSL,Bank transfer,No,3,Yes,No,No
CUST04904,32.0,Male,8,35.53,796.58,Month-to-month,No,Credit card,No,2,No,No,No
CUST04905,60.0,Male,9,86.45,10188.8,Two year,Fiber optic,Electronic check,Yes,3,No,Yes,Yes
CUST04906,56.0,Female,0,20.41,131.92,One year,DSL,Bank transfer,No,3,No,Yes,Yes
CUST04907,69.0,Male,9,21.12,394.45,Two year,DSL,Credit card,Yes,1,Yes,No,No
CUST04908,46.0,Female,3,61.66,2755.45,Two year,DSL,Bank transfer,No,3,Yes,No,No
CUST04909,32.0,Male,8,35.53,796.58,Month-to-month,No,Credit card,No,2,No,No,No
CUST04910,60.0,Male,9,86.45,10188.8,Two year,Fiber optic,Electronic check,Yes,3,No,Yes,Yes
CUST04911,56.0,Female,0,20.41,131.92,One year,DSL,Bank transfer,No,3,No,Yes,Yes
CUST04912,69.0,Male,9,21.12,394.45,Two year,DSL,Credit card,Yes,1,Yes,No,No
CUST04913,46.0,Female,3,61.66,2755.45,Two year,DSL,Bank transfer,No,3,Yes,No,No
CUST04914,32.0,Male,8,35.53,796.58,Month-to-month,No,Credit card,No,2,No,No,No
CUST04915,60.0,Male,9,86.45,10188.8,Two year,Fiber optic,Electronic check,Yes,3,No,Yes,Yes
CUST04916,56.0,Female,0,20.41,131.92,One year,DSL,Bank transfer,No,3,No,Yes,Yes
CUST04917,69.0,Male,9,21.12,394.45,Two year,DSL,Credit card,Yes,1,Yes,No,No
CUST04918,46.0,Female,3,61.66,2755.45,Two year,DSL,Bank transfer,No,3,Yes,No,No
CUST04919,32.0,Male,8,35.53,796.58,Month-to-month,No,Credit card,No,2,No,No,No
CUST04920,60.0,Male,9,86.45,10188.8,Two year,Fiber optic,Electronic check,Yes,3,No,Yes,Yes
CUST04921,56.0,Female,0,20.41,131.92,One year,DSL,Bank transfer,No,3,No,Yes,Yes
CUST04922,69.0,Male,9,21.12,394.45,Two year,DSL,Credit card,Yes,1,Yes,No,No
CUST04923,46.0,Female,3,61.66,2755.45,Two year,DSL,Bank transfer,No,3,Yes,No,No
CUST04924,32.0,Male,8,35.53,796.58,Month-to-month,No,Credit card,No,2,No,No,No
CUST04925,60.0,Male,9,86.45,10188.8,Two year,Fiber optic,Electronic check,Yes,3,No,Yes,Yes
CUST04926,56.0,Female,0,20.41,131.92,One year,DSL,Bank transfer,No,3,No,Yes,Yes
CUST04927,69.0,Male,9,21.12,394.45,Two year,DSL,Credit card,Yes,1,Yes,No,No
CUST04928,46.0,Female,3,61.66,2755.45,Two year,DSL,Bank transfer,No,3,Yes,No,No
CUST04929,32.0,Male,8,35.53,796.58,Month-to-month,No,Credit card,No,2,No,No,No
CUST04930,60.0,Male,9,86.45,10188.8,Two year,Fiber optic,Electronic check,Yes,3,No,Yes,Yes
CUST04931,56.0,Female,0,20.41,131.92,One year,DSL,Bank transfer,No,3,No,Yes,Yes
CUST04932,69.0,Male,9,21.12,394.45,Two year,DSL,Credit card,Yes,1,Yes,No,No
CUST04933,46.0,Female,3,61.66,2755.45,Two year,DSL,Bank transfer,No,3,Yes,No,No
CUST04934,32.0,Male,8,35.53,796.58,Month-to-month,No,Credit card,No,2,No,No,No
CUST04935,60.0,Male,9,86.45,10188.8,Two year,Fiber optic,Electronic check,Yes,3,No,Yes,Yes
CUST04936,56.0,Female,0,20.41,131.92,One year,DSL,Bank transfer,No,3,No,Yes,Yes
CUST04937,69.0,Male,9,21.12,394.45,Two year,DSL,Credit card,Yes,1,Yes,No,No
CUST04938,46.0,Female,3,61.66,2755.45,Two year,DSL,Bank transfer,No,3,Yes,No,No
CUST04939,32.0,Male,8,35.53,796.58,Month-to-month,No,Credit card,No,2,No,No,No
CUST04940,60.0,Male,9,86.45,10188.8,Two year,Fiber optic,Electronic check,Yes,3,No,Yes,Yes
CUST04941,56.0,Female,0,20.41,131.92,One year,DSL,Bank transfer,No,3,No,Yes,Yes
CUST04942,69.0,Male,9,21.12,394.45,Two year,DSL,Credit card,Yes,1,Yes,No,No
CUST04943,46.0,Female,3,61.66,2755.45,Two year,DSL,Bank transfer,No,3,Yes,No,No
CUST04944,32.0,Male,8,35.53,796.58,Month-to-month,No,Credit card,No,2,No,No,No
CUST04945,60.0,Male,9,86.45,10188.8,Two year,Fiber optic,Electronic check,Yes,3,No,Yes,Yes
CUST04946,56.0,Female,0,20.41,131.92,One year,DSL,Bank transfer,No,3,No,Yes,Yes
CUST04947,69.0,Male,9,21.12,394.45,Two year,DSL,Credit card,Yes,1,Yes,No,No
CUST04948,46.0,Female,3,61.66,2755.45,Two year,DSL,Bank transfer,No,3,Yes,No,No
CUST04949,32.0,Male,8,35.53,796.58,Month-to-month,No,Credit card,No,2,No,No,No
CUST04950,60.0,Male,9,86.45,10188.8,Two year,Fiber optic,Electronic check,Yes,3,No,Yes,Yes
CUST04951,56.0,Female,0,20.41,131.92,One year,DSL,Bank transfer,No,3,No,Yes,Yes
CUST04952,69.0,Male,9,21.12,394.45,Two year,DSL,Credit card,Yes,1,Yes,No,No
CUST04953,46.0,Female,3,61.66,2755.45,Two year,DSL,Bank transfer,No,3,Yes,No,No
CUST04954,32.0,Male,8,35.53,796.58,Month-to-month,No,Credit card,No,2,No,No,No
CUST04955,60.0,Male,9,86.45,10188.8,Two year,Fiber optic,Electronic check,Yes,3,No,Yes,Yes
CUST04956,56.0,Female,0,20.41,131.92,One year,DSL,Bank transfer,No,3,No,Yes,Yes
CUST04957,69.0,Male,9,21.12,394.45,Two year,DSL,Credit card,Yes,1,Yes,No,No
CUST04958,46.0,Female,3,61.66,2755.45,Two year,DSL,Bank transfer,No,3,Yes,No,No
CUST04959,32.0,Male,8,35.53,796.58,Month-to-month,No,Credit card,No,2,No,No,No
CUST04960,60.0,Male,9,86.45,10188.8,Two year,Fiber optic,Electronic check,Yes,3,No,Yes,Yes
CUST04961,56.0,Female,0,20.41,131.92,One year,DSL,Bank transfer,No,3,No,Yes,Yes
CUST04962,69.0,Male,9,21.12,394.45,Two year,DSL,Credit card,Yes,1,Yes,No,No
CUST04963,46.0,Female,3,61.66,2755.45,Two year,DSL,Bank transfer,No,3,Yes,No,No
CUST04964,32.0,Male,8,35.53,796.58,Month-to-month,No,Credit card,No,2,No,No,No
CUST04965,60.0,Male,9,86.45,10188.8,Two year,Fiber optic,Electronic check,Yes,3,No,Yes,Yes
CUST04966,56.0,Female,0,20.41,131.92,One year,DSL,Bank transfer,No,3,No,Yes,Yes
CUST04967,69.0,Male,9,21.12,394.45,Two year,DSL,Credit card,Yes,1,Yes,No,No
CUST04968,46.0,Female,3,61.66,2755.45,Two year,DSL,Bank transfer,No,3,Yes,No,No
CUST04969,32.0,Male,8,35.53,796.58,Month-to-month,No,Credit card,No,2,No,No,No
CUST04970,60.0,Male,9,86.45,10188.8,Two year,Fiber optic,Electronic check,Yes,3,No,Yes,Yes
CUST04971,56.0,Female,0,20.41,131.92,One year,DSL,Bank transfer,No,3,No,Yes,Yes
CUST04972,69.0,Male,9,21.12,394.45,Two year,DSL,Credit card,Yes,1,Yes,No,No
CUST04973,46.0,Female,3,61.66,2755.45,Two year,DSL,Bank transfer,No,3,Yes,No,No
CUST04974,32.0,Male,8,35.53,796.58,Month-to-month,No,Credit card,No,2,No,No,No
CUST04975,60.0,Male,9,86.45,10188.8,Two year,Fiber optic,Electronic check,Yes,3,No,Yes,Yes
CUST04976,56.0,Female,0,20.41,131.92,One year,DSL,Bank transfer,No,3,No,Yes,Yes
CUST04977,69.0,Male,9,21.12,394.45,Two year,DSL,Credit card,Yes,1,Yes,No,No
CUST04978,46.0,Female,3,61.66,2755.45,Two year,DSL,Bank transfer,No,3,Yes,No,No
CUST04979,32.0,Male,8,35.53,796.58,Month-to-month,No,Credit card,No,2,No,No,No
CUST04980,60.0,Male,9,86.45,10188.8,Two year,Fiber optic,Electronic check,Yes,3,No,Yes,Yes
CUST04981,56.0,Female,0,20.41,131.92,One year,DSL,Bank transfer,No,3,No,Yes,Yes
CUST04982,69.0,Male,9,21.12,394.45,Two year,DSL,Credit card,Yes,1,Yes,No,No
CUST04983,46.0,Female,3,61.66,2755.45,Two year,DSL,Bank transfer,No,3,Yes,No,No
CUST04984,32.0,Male,8,35.53,796.58,Month-to-month,No,Credit card,No,2,No,No,No
CUST04985,60.0,Male,9,86.45,10188.8,Two year,Fiber optic,Electronic check,Yes,3,No,Yes,Yes
CUST04986,56.0,Female,0,20.41,131.92,One year,DSL,Bank transfer,No,3,No,Yes,Yes
CUST04987,69.0,Male,9,21.12,394.45,Two year,DSL,Credit card,Yes,1,Yes,No,No
CUST04988,46.0,Female,3,61.66,2755.45,Two year,DSL,Bank transfer,No,3,Yes,No,No
CUST04989,32.0,Male,8,35.53,796.58,Month-to-month,No,Credit card,No,2,No,No,No
CUST04990,60.0,Male,9,86.45,10188.8,Two year,Fiber optic,Electronic check,Yes,3,No,Yes,Yes
CUST04991,56.0,Female,0,20.41,131.92,One year,DSL,Bank transfer,No,3,No,Yes,Yes
CUST04992,69.0,Male,9,21.12,394.45,Two year,DSL,Credit card,Yes,1,Yes,No,No
CUST04993,46.0,Female,3,61.66,2755.45,Two year,DSL,Bank transfer,No,3,Yes,No,No
CUST04994,32.0,Male,8,35.53,796.58,Month-to-month,No,Credit card,No,2,No,No,No
CUST04995,60.0,Male,9,86.45,10188.8,Two year,Fiber optic,Electronic check,Yes,3,No,Yes,Yes
CUST04996,56.0,Female,0,20.41,131.92,One year,DSL,Bank transfer,No,3,No,Yes,Yes
CUST04997,69.0,Male,9,21.12,394.45,Two year,DSL,Credit card,Yes,1,Yes,No,No
CUST04998,46.0,Female,3,61.66,2755.45,Two year,DSL,Bank transfer,No,3,Yes,No,No
CUST04999,32.0,Male,8,35.53,796.58,Month-to-month,No,Credit card,No,2,No,No,No
CUST05000,60.0,Male,9,86.45,10188.8,Two year,Fiber optic,Electronic check,Yes,3,No,Yes,Yes
CUST05001,56.0,Female,0,20.41,131.92,One year,DSL,Bank transfer,No,3,No,Yes,Yes
CUST05002,69.0,Male,9,21.12,394.45,Two year,DSL,Credit card,Yes,1,Yes,No,No
CUST05003,46.0,Female,3,61.66,2755.45,Two year,DSL,Bank transfer,No,3,Yes,No,No
CUST05004,32.0,Male,8,35.53,796.58,Month-to-month,No,Credit card,No,2,No,No,No
CUST05005,60.0,Male,9,86.45,10188.8,Two year,Fiber optic,Electronic check,Yes,3,No,Yes,Yes
CUST05006,56.0,Female,0,20.41,131.92,One year,DSL,Bank transfer,No,3,No,Yes,Yes
CUST05007,69.0,Male,9,21.12,394.45,Two year,DSL,Credit card,Yes,1,Yes,No,No
CUST05008,46.0,Female,3,61.66,2755.45,Two year,DSL,Bank transfer,No,3,Yes,No,No
CUST05009,32.0,Male,8,35.53,796.58,Month-to-month,No,Credit card,No,2,No,No,No
CUST05010,60.0,Male,9,86.45,10188.8,Two year,Fiber optic,Electronic check,Yes,3,No,Yes,Yes
CUST05011,56.0,Female,0,20.41,131.92,One year,DSL,Bank transfer,No,3,No,Yes,Yes
CUST05012,69.0,Male,9,21.12,394.45,Two year,DSL,Credit card,Yes,1,Yes,No,No
CUST05013,46.0,Female,3,61.66,2755.45,Two year,DSL,Bank transfer,No,3,Yes,No,No
CUST05014,32.0,Male,8,35.53,796.58,Month-to-month,No,Credit card,No,2,No,No,No
CUST05015,60.0,Male,9,86.45,10188.8,Two year,Fiber optic,Electronic check,Yes,3,No,Yes,Yes
CUST05016,56.0,Female,0,20.41,131.92,One year,DSL,Bank transfer,No,3,No,Yes,Yes
CUST05017,69.0,Male,9,21.12,394.45,Two year,DSL,Credit card,Yes,1,Yes,No,No
CUST05018,46.0,Female,3,61.66,2755.45,Two year,DSL,Bank transfer,No,3,Yes,No,No
CUST05019,32.0,Male,8,35.53,796.58,Month-to-month,No,Credit card,No,2,No,No,No
CUST05020,60.0,Male,9,86.45,10188.8,Two year,Fiber optic,Electronic check,Yes,3,No,Yes,Yes
CUST05021,56.0,Female,0,20.41,131.92,One year,DSL,Bank transfer,No,3,No,Yes,Yes
CUST05022,69.0,Male,9,21.12,394.45,Two year,DSL,Credit card,Yes,1,Yes,No,No
CUST05023,46.0,Female,3,61.66,2755.45,Two year,DSL,Bank transfer,No,3,Yes,No,No
CUST05024,32.0,Male,8,35.53,796.58,Month-to-month,No,Credit card,No,2,No,No,No
CUST05025,60.0,Male,9,86.45,10188.8,Two year,Fiber optic,Electronic check,Yes,3,No,Yes,Yes
CUST05026,56.0,Female,0,20.41,131.92,One year,DSL,Bank transfer,No,3,No,Yes,Yes
CUST05027,69.0,Male,9,21.12,394.45,Two year,DSL,Credit card,Yes,1,Yes,No,No
CUST05028,46.0,Female,3,61.66,2755.45,Two year,DSL,Bank transfer,No,3,Yes,No,No
CUST05029,32.0,Male,8,35.53,796.58,Month-to-month,No,Credit card,No,2,No,No,No
CUST05030,60.0,Male,9,86.45,10188.8,Two year,Fiber optic,Electronic check,Yes,3,No,Yes,Yes
CUST05031,56.0,Female,0,20.41,131.92,One year,DSL,Bank transfer,No,3,No,Yes,Yes
CUST05032,69.0,Male,9,21.12,394.45,Two year,DSL,Credit card,Yes,1,Yes,No,No
CUST05033,46.0,Female,3,61.66,2755.45,Two year,DSL,Bank transfer,No,3,Yes,No,No
CUST05034,32.0,Male,8,35.53,796.58,Month-to-month,No,Credit card,No,2,No,No,No
CUST05035,60.0,Male,9,86.45,10188.8,Two year,Fiber optic,Electronic check,Yes,3,No,Yes,Yes
CUST05036,56.0,Female,0,20.41,131.92,One year,DSL,Bank transfer,No,3,No,Yes,Yes
CUST05037,69.0,Male,9,21.12,394.45,Two year,DSL,Credit card,Yes,1,Yes,No,No
CUST05038,46.0,Female,3,61.66,2755.45,Two year,DSL,Bank transfer,No,3,Yes,No,No
CUST05039,32.0,Male,8,35.53,796.58,Month-to-month,No,Credit card,No,2,No,No,No
CUST05040,60.0,Male,9,86.45,10188.8,Two year,Fiber optic,Electronic check,Yes,3,No,Yes,Yes
CUST05041,56.0,Female,0,20.41,131.92,One year,DSL,Bank transfer,No,3,No,Yes,Yes
CUST05042,69.0,Male,9,21.12,394.45,Two year,DSL,Credit card,Yes,1,Yes,No,No
CUST05043,46.0,Female,3,61.66,2755.45,Two year,DSL,Bank transfer,No,3,Yes,No,No
CUST05044,32.0,Male,8,35.53,796.58,Month-to-month,No,Credit card,No,2,No,No,No
CUST05045,60.0,Male,9,86.45,10188.8,Two year,Fiber optic,Electronic check,Yes,3,No,Yes,Yes
CUST05046,56.0,Female,0,20.41,131.92,One year,DSL,Bank transfer,No,3,No,Yes,Yes
CUST05047,69.0,Male,9,21.12,394.45,Two year,DSL,Credit card,Yes,1,Yes,No,No
CUST05048,46.0,Female,3,61.66,2755.45,Two year,DSL,Bank transfer,No,3,Yes,No,No
CUST05049,32.0,Male,8,35.53,796.58,Month-to-month,No,Credit card,No,2,No,No,No
CUST05050,60.0,Male,9,86.45,10188.8,Two year,Fiber optic,Electronic check,Yes,3,No,Yes,Yes
CUST05051,56.0,Female,0,20.41,131.92,One year,DSL,Bank transfer,No,3,No,Yes,Yes
CUST05052,69.0,Male,9,21.12,394.45,Two year,DSL,Credit card,Yes,1,Yes,No,No
CUST05053,46.0,Female,3,61.66,2755.45,Two year,DSL,Bank transfer,No,3,Yes,No,No
CUST05054,32.0,Male,8,35.53,796.58,Month-to-month,No,Credit card,No,2,No,No,No
CUST05055,60.0,Male,9,86.45,10188.8,Two year,Fiber optic,Electronic check,Yes,3,No,Yes,Yes
CUST05056,56.0,Female,0,20.41,131.92,One year,DSL,Bank transfer,No,3,No,Yes,Yes
CUST05057,69.0,Male,9,21.12,394.45,Two year,DSL,Credit card,Yes,1,Yes,No,No
CUST05058,46.0,Female,3,61.66,2755.45,Two year,DSL,Bank transfer,No,3,Yes,No,No
CUST05059,32.0,Male,8,35.53,796.58,Month-to-month,No,Credit card,No,2,No,No,No
CUST05060,60.0,Male,9,86.45,10188.8,Two year,Fiber optic,Electronic check,Yes,3,No,Yes,Yes
CUST05061,56.0,Female,0,20.41,131.92,One year,DSL,Bank transfer,No,3,No,Yes,Yes
CUST05062,69.0,Male,9,21.12,394.45,Two year,DSL,Credit card,Yes,1,Yes,No,No
CUST05063,46.0,Female,3,61.66,2755.45,Two year,DSL,Bank transfer,No,3,Yes,No,No
CUST05064,32.0,Male,8,35.53,796.58,Month-to-month,No,Credit card,No,2,No,No,No
CUST05065,60.0,Male,9,86.45,10188.8,Two year,Fiber optic,Electronic check,Yes,3,No,Yes,Yes
CUST05066,56.0,Female,0,20.41,131.92,One year,DSL,Bank transfer,No,3,No,Yes,Yes
CUST05067,69.0,Male,9,21.12,394.45,Two year,DSL,Credit card,Yes,1,Yes,No,No
CUST05068,46.0,Female,3,61.66,2755.45,Two year,DSL,Bank transfer,No,3,Yes,No,No
CUST05069,32.0,Male,8,35.53,796.58,Month-to-month,No,Credit card,No,2,No,No,No
CUST05070,60.0,Male,9,86.45,10188.8,Two year,Fiber optic,Electronic check,Yes,3,No,Yes,Yes
CUST05071,56.0,Female,0,20.41,131.92,One year,DSL,Bank transfer,No,3,No,Yes,Yes
CUST05072,69.0,Male,9,21.12,394.45,Two year,DSL,Credit card,Yes,1,Yes,No,No
CUST05073,46.0,Female,3,61.66,2755.45,Two year,DSL,Bank transfer,No,3,Yes,No,No
CUST05074,32.0,Male,8,35.53,796.58,Month-to-month,No,Credit card,No,2,No,No,No
CUST05075,60.0,Male,9,86.45,10188.8,Two year,Fiber optic,Electronic check,Yes,3,No,Yes,Yes
CUST05076,56.0,Female,0,20.41,131.92,One year,DSL,Bank transfer,No,3,No,Yes,Yes
CUST05077,69.0,Male,9,21.12,394.45,Two year,DSL,Credit card,Yes,1,Yes,No,No
CUST05078,46.0,Female,3,61.66,2755.45,Two year,DSL,Bank transfer,No,3,Yes,No,No
CUST05079,32.0,Male,8,35.53,796.58,Month-to-month,No,Credit card,No,2,No,No,No
CUST05080,60.0,Male,9,86.45,10188.8,Two year,Fiber optic,Electronic check,Yes,3,No,Yes,Yes
CUST05081,56.0,Female,0,20.41,131.92,One year,DSL,Bank transfer,No,3,No,Yes,Yes
CUST05082,69.0,Male,9,21.12,394.45,Two year,DSL,Credit card,Yes,1,Yes,No,No
CUST05083,46.0,Female,3,61.66,2755.45,Two year,DSL,Bank transfer,No,3,Yes,No,No
CUST05084,32.0,Male,8,35.53,796.58,Month-to-month,No,Credit card,No,2,No,No,No
CUST05085,60.0,Male,9,86.45,10188.8,Two year,Fiber optic,Electronic check,Yes,3,No,Yes,Yes
CUST05086,56.0,Female,0,20.41,131.92,One year,DSL,Bank transfer,No,3,No,Yes,Yes
CUST05087,69.0,Male,9,21.12,394.45,Two year,DSL,Credit card,Yes,1,Yes,No,No
CUST05088,46.0,Female,3,61.66,2755.45,Two year,DSL,Bank transfer,No,3,Yes,No,No
CUST05089,32.0,Male,8,35.53,796.58,Month-to-month,No,Credit card,No,2,No,No,No
CUST05090,60.0,Male,9,86.45,10188.8,Two year,Fiber optic,Electronic check,Yes,3,No,Yes,Yes
CUST05091,56.0,Female,0,20.41,131.92,One year,DSL,Bank transfer,No,3,No,Yes,Yes
CUST05092,69.0,Male,9,21.12,394.45,Two year,DSL,Credit card,Yes,1,Yes,No,No
CUST05093,46.0,Female,3,61.66,2755.45,Two year,DSL,Bank transfer,No,3,Yes,No,No
CUST05094,32.0,Male,8,35.53,796.58,Month-to-month,No,Credit card,No,2,No,No,No
CUST05095,60.0,Male,9,86.45,10188.8,Two year,Fiber optic,Electronic check,Yes,3,No,Yes,Yes
CUST05096,56.0,Female,0,20.41,131.92,One year,DSL,Bank transfer,No,3,No,Yes,Yes
CUST05097,69.0,Male,9,21.12,394.45,Two year,DSL,Credit card,Yes,1,Yes,No,No
CUST05098,46.0,Female,3,61.66,2755.45,Two year,DSL,Bank transfer,No,3,Yes,No,No
CUST05099,32.0,Male,8,35.53,796.58,Month-to-month,No,Credit card,No,2,No,No,No
CUST05100,60.0,Male,9,86.45,10188.8,Two year,Fiber optic,Electronic check,Yes,3,No,Yes,Yes
CUST05101,56.0,Female,0,20.41,131.92,One year,DSL,Bank transfer,No,3,No,Yes,Yes
CUST05102,69.0,Male,9,21.12,394.45,Two year,DSL,Credit card,Yes,1,Yes,No,No
CUST05103,46.0,Female,3,61.66,2755.45,Two year,DSL,Bank transfer,No,3,Yes,No,No
CUST05104,32.0,Male,8,35.53,796.58,Month-to-month,No,Credit card,No,2,No,No,No
CUST05105,60.0,Male,9,86.45,10188.8,Two year,Fiber optic,Electronic check,Yes,3,No,Yes,Yes
CUST05106,56.0,Female,0,20.41,131.92,One year,DSL,Bank transfer,No,3,No,Yes,Yes
CUST05107,69.0,Male,9,21.12,394.45,Two year,DSL,Credit card,Yes,1,Yes,No,No
CUST05108,46.0,Female,3,61.66,2755.45,Two year,DSL,Bank transfer,No,3,Yes,No,No
CUST05109,32.0,Male,8,35.53,796.58,Month-to-month,No,Credit card,No,2,No,No,No
CUST05110,60.0,Male,9,86.45,10188.8,Two year,Fiber optic,Electronic check,Yes,3,No,Yes,Yes
CUST05111,56.0,Female,0,20.41,131.92,One year,DSL,Bank transfer,No,3,No,Yes,Yes
CUST05112,69.0,Male,9,21.12,394.45,Two year,DSL,Credit card,Yes,1,Yes,No,No
CUST05113,46.0,Female,3,61.66,2755.45,Two year,DSL,Bank transfer,No,3,Yes,No,No
CUST05114,32.0,Male,8,35.53,796.58,Month-to-month,No,Credit card,No,2,No,No,No
CUST05115,60.0,Male,9,86.45,10188.8,Two year,Fiber optic,Electronic check,Yes,3,No,Yes,Yes
CUST05116,56.0,Female,0,20.41,131.92,One year,DSL,Bank transfer,No,3,No,Yes,Yes
CUST05117,69.0,Male,9,21.12,394.45,Two year,DSL,Credit card,Yes,1,Yes,No,No
CUST05118,46.0,Female,3,61.66,2755.45,Two year,DSL,Bank transfer,No,3,Yes,No,No
CUST05119,32.0,Male,8,35.53,796.58,Month-to-month,No,Credit card,No,2,No,No,No
CUST05120,60.0,Male,9,86.45,10188.8,Two year,Fiber optic,Electronic check,Yes,3,No,Yes,Yes
CUST05121,56.0,Female,0,20.41,131.92,One year,DSL,Bank transfer,No,3,No,Yes,Yes
CUST05122,69.0,Male,9,21.12,394.45,Two year,DSL,Credit card,Yes,1,Yes,No,No
CUST05123,46.0,Female,3,61.66,2755.45,Two year,DSL,Bank transfer,No,3,Yes,No,No
CUST05124,32.0,Male,8,35.53,796.58,Month-to-month,No,Credit card,No,2,No,No,No
CUST05125,60.0,Male,9,86.45,10188.8,Two year,Fiber optic,Electronic check,Yes,3,No,Yes,Yes
CUST05126,56.0,Female,0,20.41,131.92,One year,DSL,Bank transfer,No,3,No,Yes,Yes
CUST05127,69.0,Male,9,21.12,394.45,Two year,DSL,Credit card,Yes,1,Yes,No,No
CUST05128,46.0,Female,3,61.66,2755.45,Two year,DSL,Bank transfer,No,3,Yes,No,No
CUST05129,32.0,Male,8,35.53,796.58,Month-to-month,No,Credit card,No,2,No,No,No
CUST05130,60.0,Male,9,86.45,10188.8,Two year,Fiber optic,Electronic check,Yes,3,No,Yes,Yes
CUST05131,56.0,Female,0,20.41,131.92,One year,DSL,Bank transfer,No,3,No,Yes,Yes
CUST05132,69.0,Male,9,21.12,394.45,Two year,DSL,Credit card,Yes,1,Yes,No,No
CUST05133,46.0,Female,3,61.66,2755.45,Two year,DSL,Bank transfer,No,3,Yes,No,No
CUST05134,32.0,Male,8,35.53,796.58,Month-to-month,No,Credit card,No,2,No,No,No
CUST05135,60.0,Male,9,86.45,10188.8,Two year,Fiber optic,Electronic check,Yes,3,No,Yes,Yes
CUST05136,56.0,Female,0,20.41,131.92,One year,DSL,Bank transfer,No,3,No,Yes,Yes
CUST05137,69.0,Male,9,21.12,394.45,Two year,DSL,Credit card,Yes,1,Yes,No,No
CUST05138,46.0,Female,3,61.66,2755.45,Two year,DSL,Bank transfer,No,3,Yes,No,No
CUST05139,32.0,Male,8,35.53,796.58,Month-to-month,No,Credit card,No,2,No,No,No
CUST05140,60.0,Male,9,86.45,10188.8,Two year,Fiber optic,Electronic check,Yes,3,No,Yes,Yes
CUST05141,56.0,Female,0,20.41,131.92,One year,DSL,Bank transfer,No,3,No,Yes,Yes
CUST05142,69.0,Male,9,21.12,394.45,Two year,DSL,Credit card,Yes,1,Yes,No,No
CUST05143,46.0,Female,3,61.66,2755.45,Two year,DSL,Bank transfer,No,3,Yes,No,No
CUST05144,32.0,Male,8,35.53,796.58,Month-to-month,No,Credit card,No,2,No,No,No
CUST05145,60.0,Male,9,86.45,10188.8,Two year,Fiber optic,Electronic check,Yes,3,No,Yes,Yes
CUST05146,56.0,Female,0,20.41,131.92,One year,DSL,Bank transfer,No,3,No,Yes,Yes
CUST05147,69.0,Male,9,21.12,394.45,Two year,DSL,Credit card,Yes,1,Yes,No,No
CUST05148,46.0,Female,3,61.66,2755.45,Two year,DSL,Bank transfer,No,3,Yes,No,No
CUST05149,32.0,Male,8,35.53,796.58,Month-to-month,No,Credit card,No,2,No,No,No
CUST05150,60.0,Male,9,86.45,10188.8,Two year,Fiber optic,Electronic check,Yes,3,No,Yes,Yes
CUST05151,56.0,Female,0,20.41,131.92,One year,DSL,Bank transfer,No,3,No,Yes,Yes
CUST05152,69.0,Male,9,21.12,394.45,Two year,DSL,Credit card,Yes,1,Yes,No,No
CUST05153,46.0,Female,3,61.66,2755.45,Two year,DSL,Bank transfer,No,3,Yes,No,No
CUST05154,32.0,Male,8,35.53,796.58,Month-to-month,No,Credit card,No,2,No,No,No
CUST05155,60.0,Male,9,86.45,10188.8,Two year,Fiber optic,Electronic check,Yes,3,No,Yes,Yes
CUST05156,56.0,Female,0,20.41,131.92,One year,DSL,Bank transfer,No,3,No,Yes,Yes
CUST05157,69.0,Male,9,21.12,394.45,Two year,DSL,Credit card,Yes,1,Yes,No,No
CUST05158,46.0,Female,3,61.66,2755.45,Two year,DSL,Bank transfer,No,3,Yes,No,No
CUST05159,32.0,Male,8,35.53,796.58,Month-to-month,No,Credit card,No,2,No,No,No
CUST05160,60.0,Male,9,86.45,10188.8,Two year,Fiber optic,Electronic check,Yes,3,No,Yes,Yes
CUST05161,56.0,Female,0,20.41,131.92,One year,DSL,Bank transfer,No,3,No,Yes,Yes
CUST05162,69.0,Male,9,21.12,394.45,Two year,DSL,Credit card,Yes,1,Yes,No,No
CUST05163,46.0,Female,3,61.66,2755.45,Two year,DSL,Bank transfer,No,3,Yes,No,No
CUST05164,32.0,Male,8,35.53,796.58,Month-to-month,No,Credit card,No,2,No,No,No
CUST05165,60.0,Male,9,86.45,10188.8,Two year,Fiber optic,Electronic check,Yes,3,No,Yes,Yes
CUST05166,56.0,Female,0,20.41,131.92,One year,DSL,Bank transfer,No,3,No,Yes,Yes
CUST05167,69.0,Male,9,21.12,394.45,Two year,DSL,Credit card,Yes,1,Yes,No,No
CUST05168,46.0,Female,3,61.66,2755.45,Two year,DSL,Bank transfer,No,3,Yes,No,No
CUST05169,32.0,Male,8,35.53,796.58,Month-to-month,No,Credit card,No,2,No,No,No
CUST05170,60.0,Male,9,86.45,10188.8,Two year,Fiber optic,Electronic check,Yes,3,No,Yes,Yes
CUST05171,56.0,Female,0,20.41,131.92,One year,DSL,Bank transfer,No,3,No,Yes,Yes
CUST05172,69.0,Male,9,21.12,394.45,Two year,DSL,Credit card,Yes,1,Yes,No,No
CUST05173,46.0,Female,3,61.66,2755.45,Two year,DSL,Bank transfer,No,3,Yes,No,No
CUST05174,32.0,Male,8,35.53,796.58,Month-to-month,No,Credit card,No,2,No,No,No
CUST05175,60.0,Male,9,86.45,10188.8,Two year,Fiber optic,Electronic check,Yes,3,No,Yes,Yes
CUST05176,56.0,Female,0,20.41,131.92,One year,DSL,Bank transfer,No,3,No,Yes,Yes
CUST05177,69.0,Male,9,21.12,394.45,Two year,DSL,Credit card,Yes,1,Yes,No,No
CUST05178,46.0,Female,3,61.66,2755.45,Two year,DSL,Bank transfer,No,3,Yes,No,No
CUST05179,32.0,Male,8,35.53,796.58,Month-to-month,No,Credit card,No,2,No,No,No
CUST05180,60.0,Male,9,86.45,10188.8,Two year,Fiber optic,Electronic check,Yes,3,No,Yes,Yes
CUST05181,56.0,Female,0,20.41,131.92,One year,DSL,Bank transfer,No,3,No,Yes,Yes
CUST05182,69.0,Male,9,21.12,394.45,Two year,DSL,Credit card,Yes,1,Yes,No,No
CUST05183,46.0,Female,3,61.66,2755.45,Two year,DSL,Bank transfer,No,3,Yes,No,No
CUST05184,32.0,Male,8,35.53,796.58,Month-to-month,No,Credit card,No,2,No,No,No
CUST05185,60.0,Male,9,86.45,10188.8,Two year,Fiber optic,Electronic check,Yes,3,No,Yes,Yes
CUST05186,56.0,Female,0,20.41,131.92,One year,DSL,Bank transfer,No,3,No,Yes,Yes
CUST05187,69.0,Male,9,21.12,394.45,Two year,DSL,Credit card,Yes,1,Yes,No,No
CUST05188,46.0,Female,3,61.66,2755.45,Two year,DSL,Bank transfer,No,3,Yes,No,No
CUST05189,32.0,Male,8,35.53,796.58,Month-to-month,No,Credit card,No,2,No,No,No
CUST05190,60.0,Male,9,86.45,10188.8,Two year,Fiber optic,Electronic check,Yes,3,No,Yes,Yes
CUST05191,56.0,Female,0,20.41,131.92,One year,DSL,Bank transfer,No,3,No,Yes,Yes
CUST05192,69.0,Male,9,21.12,394.45,Two year,DSL,Credit card,Yes,1,Yes,No,No
CUST05193,46.0,Female,3,61.66,2755.45,Two year,DSL,Bank transfer,No,3,Yes,No,No
CUST05194,32.0,Male,8,35.53,796.58,Month-to-month,No,Credit card,No,2,No,No,No
CUST05195,60.0,Male,9,86.45,10188.8,Two year,Fiber optic,Electronic check,Yes,3,No,Yes,Yes
CUST05196,56.0,Female,0,20.41,131.92,One year,DSL,Bank transfer,No,3,No,Yes,Yes
CUST05197,69.0,Male,9,21.12,394.45,Two year,DSL,Credit card,Yes,1,Yes,No,No
CUST05198,46.0,Female,3,61.66,2755.45,Two year,DSL,Bank transfer,No,3,Yes,No,No
CUST05199,32.0,Male,8,35.53,796.58,Month-to-month,No,Credit card,No,2,No,No,No
CUST05200,60.0,Male,9,86.45,10188.8,Two year,Fiber optic,Electronic check,Yes,3,No,Yes,Yes
CUST05201,56.0,Female,0,20.41,131.92,One year,DSL,Bank transfer,No,3,No,Yes,Yes
CUST05202,69.0,Male,9,21.12,394.45,Two year,DSL,Credit card,Yes,1,Yes,No,No
CUST05203,46.0,Female,3,61.66,2755.45,Two year,DSL,Bank transfer,No,3,Yes,No,No
CUST05204,32.0,Male,8,35.53,796.58,Month-to-month,No,Credit card,No,2,No,No,No
CUST05205,60.0,Male,9,86.45,10188.8,Two year,Fiber optic,Electronic check,Yes,3,No,Yes,Yes
CUST05206,56.0,Female,0,20.41,131.92,One year,DSL,Bank transfer,No,3,No,Yes,Yes
CUST05207,69.0,Male,9,21.12,394.45,Two year,DSL,Credit card,Yes,1,Yes,No,No
CUST05208,46.0,Female,3,61.66,2755.45,Two year,DSL,Bank transfer,No,3,Yes,No,No
CUST05209,32.0,Male,8,35.53,796.58,Month-to-month,No,Credit card,No,2,No,No,No
CUST05210,60.0,Male,9,86.45,10188.8,Two year,Fiber optic,Electronic check,Yes,3,No,Yes,Yes
CUST05211,56.0,Female,0,20.41,131.92,One year,DSL,Bank transfer,No,3,No,Yes,Yes
CUST05212,69.0,Male,9,21.12,394.45,Two year,DSL,Credit card,Yes,1,Yes,No,No
CUST05213,46.0,Female,3,61.66,2755.45,Two year,DSL,Bank transfer,No,3,Yes,No,No
CUST05214,32.0,Male,8,35.53,796.58,Month-to-month,No,Credit card,No,2,No,No,No
CUST05215,60.0,Male,9,86.45,10188.8,Two year,Fiber optic,Electronic check,Yes,3,No,Yes,Yes
CUST05216,56.0,Female,0,20.41,131.92,One year,DSL,Bank transfer,No,3,No,Yes,Yes
CUST05217,69.0,Male,9,21.12,394.45,Two year,DSL,Credit card,Yes,1,Yes,No,No
CUST05218,46.0,Female,3,61.66,2755.45,Two year,DSL,Bank transfer,No,3,Yes,No,No
CUST05219,32.0,Male,8,35.53,796.58,Month-to-month,No,Credit card,No,2,No,No,No
CUST05220,60.0,Male,9,86.45,10188.8,Two year,Fiber optic,Electronic check,Yes,3,No,Yes,Yes
CUST05221,56.0,Female,0,20.41,131.92,One year,DSL,Bank transfer,No,3,No,Yes,Yes
CUST05222,69.0,Male,9,21.12,394.45,Two year,DSL,Credit card,Yes,1,Yes,No,No
CUST05223,46.0,Female,3,61.66,2755.45,Two year,DSL,Bank transfer,No,3,Yes,No,No
CUST05224,32.0,Male,8,35.53,796.58,Month-to-month,No,Credit card,No,2,No,No,No
CUST05225,60.0,Male,9,86.45,10188.8,Two year,Fiber optic,Electronic check,Yes,3,No,Yes,Yes
CUST05226,56.0,Female,0,20.41,131.92,One year,DSL,Bank transfer,No,3,No,Yes,Yes
CUST05227,69.0,Male,9,21.12,394.45,Two year,DSL,Credit card,Yes,1,Yes,No,No
CUST05228,46.0,Female,3,61.66,2755.45,Two year,DSL,Bank transfer,No,3,Yes,No,No
CUST05229,32.0,Male,8,35.53,796.58,Month-to-month,No,Credit card,No,2,No,No,No
CUST05230,60.0,Male,9,86.45,10188.8,Two year,Fiber optic,Electronic check,Yes,3,No,Yes,Yes
CUST05231,56.0,Female,0,20.41,131.92,One year,DSL,Bank transfer,No,3,No,Yes,Yes
CUST05232,69.0,Male,9,21.12,394.45,Two year,DSL,Credit card,Yes,1,Yes,No,No
CUST05233,46.0,Female,3,61.66,2755.45,Two year,DSL,Bank transfer,No,3,Yes,No,No
CUST05234,32.0,Male,8,35.53,796.58,Month-to-month,No,Credit card,No,2,No,No,No
CUST05235,60.0,Male,9,86.45,10188.8,Two year,Fiber optic,Electronic check,Yes,3,No,Yes,Yes
CUST05236,56.0,Female,0,20.41,131.92,One year,DSL,Bank transfer,No,3,No,Yes,Yes
CUST05237,69.0,Male,9,21.12,394.45,Two year,DSL,Credit card,Yes,1,Yes,No,No
CUST05238,46.0,Female,3,61.66,2755.45,Two year,DSL,Bank transfer,No,3,Yes,No,No
CUST05239,32.0,Male,8,35.53,796.58,Month-to-month,No,Credit card,No,2,No,No,No
CUST05240,60.0,Male,9,86.45,10188.8,Two year,Fiber optic,Electronic check,Yes,3,No,Yes,Yes
CUST05241,56.0,Female,0,20.41,131.92,One year,DSL,Bank transfer,No,3,No,Yes,Yes
CUST05242,69.0,Male,9,21.12,394.45,Two year,DSL,Credit card,Yes,1,Yes,No,No
CUST05243,46.0,Female,3,61.66,2755.45,Two year,DSL,Bank transfer,No,3,Yes,No,No
CUST05244,32.0,Male,8,35.53,796.58,Month-to-month,No,Credit card,No,2,No,No,No
CUST05245,60.0,Male,9,86.45,10188.8,Two year,Fiber optic,Electronic check,Yes,3,No,Yes,Yes
CUST05246,56.0,Female,0,20.41,131.92,One year,DSL,Bank transfer,No,3,No,Yes,Yes
CUST05247,69.0,Male,9,21.12,394.45,Two year,DSL,Credit card,Yes,1,Yes,No,No
CUST05248,46.0,Female,3,61.66,2755.45,Two year,DSL,Bank transfer,No,3,Yes,No,No
CUST05249,32.0,Male,8,35.53,796.58,Month-to-month,No,Credit card,No,2,No,No,No
CUST05250,60.0,Male,9,86.45,10188.8,Two year,Fiber optic,Electronic check,Yes,3,No,Yes,Yes
CUST05251,56.0,Female,0,20.41,131.92,One year,DSL,Bank transfer,No,3,No,Yes,Yes
CUST05252,69.0,Male,9,21.12,394.45,Two year,DSL,Credit card,Yes,1,Yes,No,No
CUST05253,46.0,Female,3,61.66,2755.45,Two year,DSL,Bank transfer,No,3,Yes,No,No
CUST05254,32.0,Male,8,35.53,796.58,Month-to-month,No,Credit card,No,2,No,No,No
CUST05255,60.0,Male,9,86.45,10188.8,Two year,Fiber optic,Electronic check,Yes,3,No,Yes,Yes
CUST05256,56.0,Female,0,20.41,131.92,One year,DSL,Bank transfer,No,3,No,Yes,Yes
CUST05257,69.0,Male,9,21.12,394.45,Two year,DSL,Credit card,Yes,1,Yes,No,No
CUST05258,46.0,Female,3,61.66,2755.45,Two year,DSL,Bank transfer,No,3,Yes,No,No
CUST05259,32.0,Male,8,35.53,796.58,Month-to-month,No,Credit card,No,2,No,No,No
CUST05260,60.0,Male,9,86.45,10188.8,Two year,Fiber optic,Electronic check,Yes,3,No,Yes,Yes
CUST05261,56.0,Female,0,20.41,131.92,One year,DSL,Bank transfer,No,3,No,Yes,Yes
CUST05262,69.0,Male,9,21.12,394.45,Two year,DSL,Credit card,Yes,1,Yes,No,No
CUST05263,46.0,Female,3,61.66,2755.45,Two year,DSL,Bank transfer,No,3,Yes,No,No
CUST05264,32.0,Male,8,35.53,796.58,Month-to-month,No,Credit card,No,2,No,No,No
CUST05265,60.0,Male,9,86.45,10188.8,Two year,Fiber optic,Electronic check,Yes,3,No,Yes,Yes
CUST05266,56.0,Female,0,20.41,131.92,One year,DSL,Bank transfer,No,3,No,Yes,Yes
CUST05267,69.0,Male,9,21.12,394.45,Two year,DSL,Credit card,Yes,1,Yes,No,No
CUST05268,46.0,Female,3,61.66,2755.45,Two year,DSL,Bank transfer,No,3,Yes,No,No
CUST05269,32.0,Male,8,35.53,796.58,Month-to-month,No,Credit card,No,2,No,No,No
CUST05270,60.0,Male,9,86.45,10188.8,Two year,Fiber optic,Electronic check,Yes,3,No,Yes,Yes
CUST05271,56.0,Female,0,20.41,131.92,One year,DSL,Bank transfer,No,3,No,Yes,Yes
CUST05272,69.0,Male,9,21.12,394.45,Two year,DSL,Credit card,Yes,1,Yes,No,No
CUST05273,46.0,Female,3,61.66,2755.45,Two year,DSL,Bank transfer,No,3,Yes,No,No
CUST05274,32.0,Male,8,35.53,796.58,Month-to-month,No,Credit card,No,2,No,No,No
CUST05275,60.0,Male,9,86.45,10188.8,Two year,Fiber optic,Electronic check,Yes,3,No,Yes,Yes
CUST05276,56.0,Female,0,20.41,131.92,One year,DSL,Bank transfer,No,3,No,Yes,Yes
CUST05277,69.0,Male,9,21.12,394.45,Two year,DSL,Credit card,Yes,1,Yes,No,No
CUST05278,46.0,Female,3,61.66,2755.45,Two year,DSL,Bank transfer,No,3,Yes,No,No
CUST05279,32.0,Male,8,35.53,796.58,Month-to-month,No,Credit card,No,2,No,No,No
CUST05280,60.0,Male,9,86.45,10188.8,Two year,Fiber optic,Electronic check,Yes,3,No,Yes,Yes
CUST05281,56.0,Female,0,20.41,131.92,One year,DSL,Bank transfer,No,3,No,Yes,Yes
CUST05282,69.0,Male,9,21.12,394.45,Two year,DSL,Credit card,Yes,1,Yes,No,No
CUST05283,46.0,Female,3,61.66,2755.45,Two year,DSL,Bank transfer,No,3,Yes,No,No
CUST05284,32.0,Male,8,35.53,796.58,Month-to-month,No,Credit card,No,2,No,No,No
CUST05285,60.0,Male,9,86.45,10188.8,Two year,Fiber optic,Electronic check,Yes,3,No,Yes,Yes
CUST05286,56.0,Female,0,20.41,131.92,One year,DSL,Bank transfer,No,3,No,Yes,Yes
CUST05287,69.0,Male,9,21.12,394.45,Two year,DSL,Credit card,Yes,1,Yes,No,No
CUST05288,46.0,Female,3,61.66,2755.45,Two year,DSL,Bank transfer,No,3,Yes,No,No
CUST05289,32.0,Male,8,35.53,796.58,Month-to-month,No,Credit card,No,2,No,No,No
CUST05290,60.0,Male,9,86.45,10188.8,Two year,Fiber optic,Electronic check,Yes,3,No,Yes,Yes
CUST05291,56.0,Female,0,20.41,131.92,One year,DSL,Bank transfer,No,3,No,Yes,Yes
CUST05292,69.0,Male,9,21.12,394.45,Two year,DSL,Credit card,Yes,1,Yes,No,No
CUST05293,46.0,Female,3,61.66,2755.45,Two year,DSL,Bank transfer,No,3,Yes,No,No
CUST05294,32.0,Male,8,35.53,796.58,Month-to-month,No,Credit card,No,2,No,No,No
CUST05295,60.0,Male,9,86.45,10188.8,Two year,Fiber optic,Electronic check,Yes,3,No,Yes,Yes
CUST05296,56.0,Female,0,20.41,131.92,One year,DSL,Bank transfer,No,3,No,Yes,Yes
CUST05297,69.0,Male,9,21.12,394.45,Two year,DSL,Credit card,Yes,1,Yes,No,No
CUST05298,46.0,Female,3,61.66,2755.45,Two year,DSL,Bank transfer,No,3,Yes,No,No
CUST05299,32.0,Male,8,35.53,796.58,Month-to-month,No,Credit card,No,2,No,No,No
CUST05300,60.0,Male,9,86.45,10188.8,Two year,Fiber optic,Electronic check,Yes,3,No,Yes,Yes
CUST05301,56.0,Female,0,20.41,131.92,One year,DSL,Bank transfer,No,3,No,Yes,Yes
CUST05302,69.0,Male,9,21.12,394.45,Two year,DSL,Credit card,Yes,1,Yes,No,No
CUST05303,46.0,Female,3,61.66,2755.45,Two year,DSL,Bank transfer,No,3,Yes,No,No
CUST05304,32.0,Male,8,35.53,796.58,Month-to-month,No,Credit card,No,2,No,No,No
CUST05305,60.0,Male,9,86.45,10188.8,Two year,Fiber optic,Electronic check,Yes,3,No,Yes,Yes
CUST05306,56.0,Female,0,20.41,131.92,One year,DSL,Bank transfer,No,3,No,Yes,Yes
CUST05307,69.0,Male,9,21.12,394.45,Two year,DSL,Credit card,Yes,1,Yes,No,No
CUST05308,46.0,Female,3,61.66,2755.45,Two year,DSL,Bank transfer,No,3,Yes,No,No
CUST05309,32.0,Male,8,35.53,796.58,Month-to-month,No,Credit card,No,2,No,No,No
CUST05310,60.0,Male,9,86.45,10188.8,Two year,Fiber optic,Electronic check,Yes,3,No,Yes,Yes
CUST05311,56.0,Female,0,20.41,131.92,One year,DSL,Bank transfer,No,3,No,Yes,Yes
CUST05312,69.0,Male,9,21.12,394.45,Two year,DSL,Credit card,Yes,1,Yes,No,No
CUST05313,46.0,Female,3,61.66,2755.45,Two year,DSL,Bank transfer,No,3,Yes,No,No
CUST05314,32.0,Male,8,35.53,796.58,Month-to-month,No,Credit card,No,2,No,No,No
CUST05315,60.0,Male,9,86.45,10188.8,Two year,Fiber optic,Electronic check,Yes,3,No,Yes,Yes
CUST05316,56.0,Female,0,20.41,131.92,One year,DSL,Bank transfer,No,3,No,Yes,Yes
CUST05317,69.0,Male,9,21.12,394.45,Two year,DSL,Credit card,Yes,1,Yes,No,No
CUST05318,46.0,Female,3,61.66,2755.45,Two year,DSL,Bank transfer,No,3,Yes,No,No
CUST05319,32.0,Male,8,35.53,796.58,Month-to-month,No,Credit card,No,2,No,No,No
CUST05320,60.0,Male,9,86.45,10188.8,Two year,Fiber optic,Electronic check,Yes,3,No,Yes,Yes
CUST05321,56.0,Female,0,20.41,131.92,One year,DSL,Bank transfer,No,3,No,Yes,Yes
CUST05322,69.0,Male,9,21.12,394.45,Two year,DSL,Credit card,Yes,1,Yes,No,No
CUST05323,46.0,Female,3,61.66,2755.45,Two year,DSL,Bank transfer,No,3,Yes,No,No
CUST05324,32.0,Male,8,35.53,796.58,Month-to-month,No,Credit card,No,2,No,No,No
CUST05325,60.0,Male,9,86.45,10188.8,Two year,Fiber optic,Electronic check,Yes,3,No,Yes,Yes
CUST05326,56.0,Female,0,20.41,131.92,One year,DSL,Bank transfer,No,3,No,Yes,Yes
CUST05327,69.0,Male,9,21.12,394.45,Two year,DSL,Credit card,Yes,1,Yes,No,No
CUST05328,46.0,Female,3,61.66,2755.45,Two year,DSL,Bank transfer,No,3,Yes,No,No
CUST05329,32.0,Male,8,35.53,796.58,Month-to-month,No,Credit card,No,2,No,No,No
CUST05330,60.0,Male,9,86.45,10188.8,Two year,Fiber optic,Electronic check,Yes,3,No,Yes,Yes
CUST05331,56.0,Female,0,20.41,131.92,One year,DSL,Bank transfer,No,3,No,Yes,Yes
CUST05332,69.0,Male,9,21.12,394.45,Two year,DSL,Credit card,Yes,1,Yes,No,No
CUST05333,46.0,Female,3,61.66,2755.45,Two year,DSL,Bank transfer,No,3,Yes,No,No
CUST05334,32.0,Male,8,35.53,796.58,Month-to-month,No,Credit card,No,2,No,No,No
CUST05335,60.0,Male,9,86.45,10188.8,Two year,Fiber optic,Electronic check,Yes,3,No,Yes,Yes
CUST05336,56.0,Female,0,20.41,131.92,One year,DSL,Bank transfer,No,3,No,Yes,Yes
CUST05337,69.0,Male,9,21.12,394.45,Two year,DSL,Credit card,Yes,1,Yes,No,No
CUST05338,46.0,Female,3,61.66,2755.45,Two year,DSL,Bank transfer,No,3,Yes,No,No
CUST05339,32.0,Male,8,35.53,796.58,Month-to-month,No,Credit card,No,2,No,No,No
CUST05340,60.0,Male,9,86.45,10188.8,Two year,Fiber optic,Electronic check,Yes,3,No,Yes,Yes
CUST05341,56.0,Female,0,20.41,131.92,One year,DSL,Bank transfer,No,3,No,Yes,Yes
CUST05342,69.0,Male,9,21.12,394.45,Two year,DSL,Credit card,Yes,1,Yes,No,No
CUST05343,46.0,Female,3,61.66,2755.45,Two year,DSL,Bank transfer,No,3,Yes,No,No
CUST05344,32.0,Male,8,35.53,796.58,Month-to-month,No,Credit card,No,2,No,No,No
CUST05345,60.0,Male,9,86.45,10188.8,Two year,Fiber optic,Electronic check,Yes,3,No,Yes,Yes
CUST05346,56.0,Female,0,20.41,131.92,One year,DSL,Bank transfer,No,3,No,Yes,Yes
CUST05347,69.0,Male,9,21.12,394.45,Two year,DSL,Credit card,Yes,1,Yes,No,No
CUST05348,46.0,Female,3,61.66,2755.45,Two year,DSL,Bank transfer,No,3,Yes,No,No
CUST05349,32.0,Male,8,35.53,796.58,Month-to-month,No,Credit card,No,2,No,No,No
CUST05350,60.0,Male,9,86.45,10188.8,Two year,Fiber optic,Electronic check,Yes,3,No,Yes,Yes
CUST05351,56.0,Female,0,20.41,131.92,One year,DSL,Bank transfer,No,3,No,Yes,Yes
CUST05352,69.0,Male,9,21.12,394.45,Two year,DSL,Credit card,Yes,1,Yes,No,No
CUST05353,46.0,Female,3,61.66,2755.45,Two year,DSL,Bank transfer,No,3,Yes,No,No
CUST05354,32.0,Male,8,35.53,796.58,Month-to-month,No,Credit card,No,2,No,No,No
CUST05355,60.0,Male,9,86.45,10188.8,Two year,Fiber optic,Electronic check,Yes,3,No,Yes,Yes
CUST05356,56.0,Female,0,20.41,131.92,One year,DSL,Bank transfer,No,3,No,Yes,Yes
CUST05357,69.0,Male,9,21.12,394.45,Two year,DSL,Credit card,Yes,1,Yes,No,No
CUST05358,46.0,Female,3,61.66,2755.45,Two year,DSL,Bank transfer,No,3,Yes,No,No
CUST05359,32.0,Male,8,35.53,796.58,Month-to-month,No,Credit card,No,2,No,No,No
CUST05360,60.0,Male,9,86.45,10188.8,Two year,Fiber optic,Electronic check,Yes,3,No,Yes,Yes
CUST05361,56.0,Female,0,20.41,131.92,One year,DSL,Bank transfer,No,3,No,Yes,Yes
CUST05362,69.0,Male,9,21.12,394.45,Two year,DSL,Credit card,Yes,1,Yes,No,No
CUST05363,46.0,Female,3,61.66,2755.45,Two year,DSL,Bank transfer,No,3,Yes,No,No
CUST05364,32.0,Male,8,35.53,796.58,Month-to-month,No,Credit card,No,2,No,No,No
CUST05365,60.0,Male,9,86.45,10188.8,Two year,Fiber optic,Electronic check,Yes,3,No,Yes,Yes
CUST05366,56.0,Female,0,20.41,131.92,One year,DSL,Bank transfer,No,3,No,Yes,Yes
CUST05367,69.0,Male,9,21.12,394.45,Two year,DSL,Credit card,Yes,1,Yes,No,No
CUST05368,46.0,Female,3,61.66,2755.45,Two year,DSL,Bank transfer,No,3,Yes,No,No
CUST05369,32.0,Male,8,35.53,796.58,Month-to-month,No,Credit card,No,2,No,No,No
CUST05370,60.0,Male,9,86.45,10188.8,Two year,Fiber optic,Electronic check,Yes,3,No,Yes,Yes
CUST05371,56.0,Female,0,20.41,131.92,One year,DSL,Bank transfer,No,3,No,Yes,Yes
CUST05372,69.0,Male,9,21.12,394.45,Two year,DSL,Credit card,Yes,1,Yes,No,No
CUST05373,46.0,Female,3,61.66,2755.45,Two year,DSL,Bank transfer,No,3,Yes,No,No
CUST05374,32.0,Male,8,35.53,796.58,Month-to-month,No,Credit card,No,2,No,No,No
CUST05375,60.0,Male,9,86.45,10188.8,Two year,Fiber optic,Electronic check,Yes,3,No,Yes,Yes
CUST05376,56.0,Female,0,20.41,131.92,One year,DSL,Bank transfer,No,3,No,Yes,Yes
CUST05377,69.0,Male,9,21.12,394.45,Two year,DSL,Credit card,Yes,1,Yes,No,No
CUST05378,46.0,Female,3,61.66,2755.45,Two year,DSL,Bank transfer,No,3,Yes,No,No
CUST05379,32.0,Male,8,35.53,796.58,Month-to-month,No,Credit card,No,2,No,No,No
CUST05380,60.0,Male,9,86.45,10188.8,Two year,Fiber optic,Electronic check,Yes,3,No,Yes,Yes
CUST05381,56.0,Female,0,20.41,131.92,One year,DSL,Bank transfer,No,3,No,Yes,Yes
CUST05382,69.0,Male,9,21.12,394.45,Two year,DSL,Credit card,Yes,1,Yes,No,No
CUST05383,46.0,Female,3,61.66,2755.45,Two year,DSL,Bank transfer,No,3,Yes,No,No
CUST05384,32.0,Male,8,35.53,796.58,Month-to-month,No,Credit card,No,2,No,No,No
CUST05385,60.0,Male,9,86.45,10188.8,Two year,Fiber optic,Electronic check,Yes,3,No,Yes,Yes
CUST05386,56.0,Female,0,20.41,131.92,One year,DSL,Bank transfer,No,3,No,Yes,Yes
CUST05387,69.0,Male,9,21.12,394.45,Two year,DSL,Credit card,Yes,1,Yes,No,No
CUST05388,46.0,Female,3,61.66,2755.45,Two year,DSL,Bank transfer,No,3,Yes,No,No
CUST05389,32.0,Male,8,35.53,796.58,Month-to-month,No,Credit card,No,2,No,No,No
CUST05390,60.0,Male,9,86.45,10188.8,Two year,Fiber optic,Electronic check,Yes,3,No,Yes,Yes
CUST05391,56.0,Female,0,20.41,131.92,One year,DSL,Bank transfer,No,3,No,Yes,Yes
CUST05392,69.0,Male,9,21.12,394.45,Two year,DSL,Credit card,Yes,1,Yes,No,No
CUST05393,46.0,Female,3,61.66,2755.45,Two year,DSL,Bank transfer,No,3,Yes,No,No
CUST05394,32.0,Male,8,35.53,796.58,Month-to-month,No,Credit card,No,2,No,No,No
CUST05395,60.0,Male,9,86.45,10188.8,Two year,Fiber optic,Electronic check,Yes,3,No,Yes,Yes
CUST05396,56.0,Female,0,20.41,131.92,One year,DSL,Bank transfer,No,3,No,Yes,Yes
CUST05397,69.0,Male,9,21.12,394.45,Two year,DSL,Credit card,Yes,1,Yes,No,No
CUST05398,46.0,Female,3,61.66,2755.45,Two year,DSL,Bank transfer,No,3,Yes,No,No
CUST05399,32.0,Male,8,35.53,796.58,Month-to-month,No,Credit card,No,2,No,No,No
CUST05400,60.0,Male,9,86.45,10188.8,Two year,Fiber optic,Electronic check,Yes,3,No,Yes,Yes
CUST05401,56.0,Female,0,20.41,131.92,One year,DSL,Bank transfer,No,3,No,Yes,Yes
CUST05402,69.0,Male,9,21.12,394.45,Two year,DSL,Credit card,Yes,1,Yes,No,No
CUST05403,46.0,Female,3,61.66,2755.45,Two year,DSL,Bank transfer,No,3,Yes,No,No
CUST05404,32.0,Male,8,35.53,796.58,Month-to-month,No,Credit card,No,2,No,No,No
CUST05405,60.0,Male,9,86.45,10188.8,Two year,Fiber optic,Electronic check,Yes,3,No,Yes,Yes
CUST05406,56.0,Female,0,20.41,131.92,One year,DSL,Bank transfer,No,3,No,Yes,Yes
CUST05407,69.0,Male,9,21.12,394.45,Two year,DSL,Credit card,Yes,1,Yes,No,No
CUST05408,46.0,Female,3,61.66,2755.45,Two year,DSL,Bank transfer,No,3,Yes,No,No
CUST05409,32.0,Male,8,35.53,796.58,Month-to-month,No,Credit card,No,2,No,No,No
CUST05410,60.0,Male,9,86.45,10188.8,Two year,Fiber optic,Electronic check,Yes,3,No,Yes,Yes
CUST05411,56.0,Female,0,20.41,131.92,One year,DSL,Bank transfer,No,3,No,Yes,Yes
CUST05412,69.0,Male,9,21.12,394.45,Two year,DSL,Credit card,Yes,1,Yes,No,No
CUST05413,46.0,Female,3,61.66,2755.45,Two year,DSL,Bank transfer,No,3,Yes,No,No
CUST05414,32.0,Male,8,35.53,796.58,Month-to-month,No,Credit card,No,2,No,No,No
CUST05415,60.0,Male,9,86.45,10188.8,Two year,Fiber optic,Electronic check,Yes,3,No,Yes,Yes
CUST05416,56.0,Female,0,20.41,131.92,One year,DSL,Bank transfer,No,3,No,Yes,Yes
CUST05417,69.0,Male,9,21.12,394.45,Two year,DSL,Credit card,Yes,1,Yes,No,No
CUST05418,46.0,Female,3,61.66,2755.45,Two year,DSL,Bank transfer,No,3,Yes,No,No
CUST05419,32.0,Male,8,35.53,796.58,Month-to-month,No,Credit card,No,2,No,No,No
CUST05420,60.0,Male,9,86.45,10188.8,Two year,Fiber optic,Electronic check,Yes,3,No,Yes,Yes
CUST05421,56.0,Female,0,20.41,131.92,One year,DSL,Bank transfer,No,3,No,Yes,Yes
CUST05422,69.0,Male,9,21.12,394.45,Two year,DSL,Credit card,Yes,1,Yes,No,No
CUST05423,46.0,Female,3,61.66,2755.45,Two year,DSL,Bank transfer,No,3,Yes,No,No
CUST05424,32.0,Male,8,35.53,796.58,Month-to-month,No,Credit card,No,2,No,No,No
CUST05425,60.0,Male,9,86.45,10188.8,Two year,Fiber optic,Electronic check,Yes,3,No,Yes,Yes
CUST05426,56.0,Female,0,20.41,131.92,One year,DSL,Bank transfer,No,3,No,Yes,Yes
CUST05427,69.0,Male,9,21.12,394.45,Two year,DSL,Credit card,Yes,1,Yes,No,No
CUST05428,46.0,Female,3,61.66,2755.45,Two year,DSL,Bank transfer,No,3,Yes,No,No
CUST05429,32.0,Male,8,35.53,796.58,Month-to-month,No,Credit card,No,2,No,No,No
CUST05430,60.0,Male,9,86.45,10188.8,Two year,Fiber optic,Electronic check,Yes,3,No,Yes,Yes
CUST05431,56.0,Female,0,20.41,131.92,One year,DSL,Bank transfer,No,3,No,Yes,Yes
CUST05432,69.0,Male,9,21.12,394.45,Two year,DSL,Credit card,Yes,1,Yes,No,No
CUST05433,46.0,Female,3,61.66,2755.45,Two year,DSL,Bank transfer,No,3,Yes,No,No
CUST05434,32.0,Male,8,35.53,796.58,Month-to-month,No,Credit card,No,2,No,No,No
CUST05435,60.0,Male,9,86.45,10188.8,Two year,Fiber optic,Electronic check,Yes,3,No,Yes,Yes
CUST05436,56.0,Female,0,20.41,131.92,One year,DSL,Bank transfer,No,3,No,Yes,Yes
CUST05437,69.0,Male,9,21.12,394.45,Two year,DSL,Credit card,Yes,1,Yes,No,No
CUST05438,46.0,Female,3,61.66,2755.45,Two year,DSL,Bank transfer,No,3,Yes,No,No
CUST05439,32.0,Male,8,35.53,796.58,Month-to-month,No,Credit card,No,2,No,No,No
CUST05440,60.0,Male,9,86.45,10188.8,Two year,Fiber optic,Electronic check,Yes,3,No,Yes,Yes
CUST05441,56.0,Female,0,20.41,131.92,One year,DSL,Bank transfer,No,3,No,Yes,Yes
CUST05442,69.0,Male,9,21.12,394.45,Two year,DSL,Credit card,Yes,1,Yes,No,No
CUST05443,46.0,Female,3,61.66,2755.45,Two year,DSL,Bank transfer,No,3,Yes,No,No
CUST05444,32.0,Male,8,35.53,796.58,Month-to-month,No,Credit card,No,2,No,No,No
CUST05445,60.0,Male,9,86.45,10188.8,Two year,Fiber optic,Electronic check,Yes,3,No,Yes,Yes
CUST05446,56.0,Female,0,20.41,131.92,One year,DSL,Bank transfer,No,3,No,Yes,Yes
CUST05447,69.0,Male,9,21.12,394.45,Two year,DSL,Credit card,Yes,1,Yes,No,No
CUST05448,46.0,Female,3,61.66,2755.45,Two year,DSL,Bank transfer,No,3,Yes,No,No
CUST05449,32.0,Male,8,35.53,796.58,Month-to-month,No,Credit card,No,2,No,No,No
CUST05450,60.0,Male,9,86.45,10188.8,Two year,Fiber optic,Electronic check,Yes,3,No,Yes,Yes
CUST05451,56.0,Female,0,20.41,131.92,One year,DSL,Bank transfer,No,3,No,Yes,Yes
CUST05452,69.0,Male,9,21.12,394.45,Two year,DSL,Credit card,Yes,1,Yes,No,No
CUST05453,46.0,Female,3,61.66,2755.45,Two year,DSL,Bank transfer,No,3,Yes,No,No
CUST05454,32.0,Male,8,35.53,796.58,Month-to-month,No,Credit card,No,2,No,No,No
CUST05455,60.0,Male,9,86.45,10188.8,Two year,Fiber optic,Electronic check,Yes,3,No,Yes,Yes
CUST05456,56.0,Female,0,20.41,131.92,One year,DSL,Bank transfer,No,3,No,Yes,Yes
CUST05457,69.0,Male,9,21.12,394.45,Two year,DSL,Credit card,Yes,1,Yes,No,No
CUST05458,46.0,Female,3,61.66,2755.45,Two year,DSL,Bank transfer,No,3,Yes,No,No
CUST05459,32.0,Male,8,35.53,796.58,Month-to-month,No,Credit card,No,2,No,No,No
CUST05460,60.0,Male,9,86.45,10188.8,Two year,Fiber optic,Electronic check,Yes,3,No,Yes,Yes
CUST05461,56.0,Female,0,20.41,131.92,One year,DSL,Bank transfer,No,3,No,Yes,Yes
CUST05462,69.0,Male,9,21.12,394.45,Two year,DSL,Credit card,Yes,1,Yes,No,No
CUST05463,46.0,Female,3,61.66,2755.45,Two year,DSL,Bank transfer,No,3,Yes,No,No
CUST05464,32.0,Male,8,35.53,796.58,Month-to-month,No,Credit card,No,2,No,No,No
CUST05465,60.0,Male,9,86.45,10188.8,Two year,Fiber optic,Electronic check,Yes,3,No,Yes,Yes
CUST05466,56.0,Female,0,20.41,131.92,One year,DSL,Bank transfer,No,3,No,Yes,Yes
CUST05467,69.0,Male,9,21.12,394.45,Two year,DSL,Credit card,Yes,1,Yes,No,No
CUST05468,46.0,Female,3,61.66,2755.45,Two year,DSL,Bank transfer,No,3,Yes,No,No
CUST05469,32.0,Male,8,35.53,796.58,Month-to-month,No,Credit card,No,2,No,No,No
CUST05470,60.0,Male,9,86.45,10188.8,Two year,Fiber optic,Electronic check,Yes,3,No,Yes,Yes
CUST05471,56.0,Female,0,20.41,131.92,One year,DSL,Bank transfer,No,3,No,Yes,Yes
CUST05472,69.0,Male,9,21.12,394.45,Two year,DSL,Credit card,Yes,1,Yes,No,No
CUST05473,46.0,Female,3,61.66,2755.45,Two year,DSL,Bank transfer,No,3,Yes,No,No
CUST05474,32.0,Male,8,35.53,796.58,Month-to-month,No,Credit card,No,2,No,No,No
CUST05475,60.0,Male,9,86.45,10188.8,Two year,Fiber optic,Electronic check,Yes,3,No,Yes,Yes
CUST05476,56.0,Female,0,20.41,131.92,One year,DSL,Bank transfer,No,3,No,Yes,Yes
CUST05477,69.0,Male,9,21.12,394.45,Two year,DSL,Credit card,Yes,1,Yes,No,No
CUST05478,46.0,Female,3,61.66,2755.45,Two year,DSL,Bank transfer,No,3,Yes,No,No
CUST05479,32.0,Male,8,35.53,796.58,Month-to-month,No,Credit card,No,2,No,No,No
CUST05480,60.0,Male,9,86.45,10188.8,Two year,Fiber optic,Electronic check,Yes,3,No,Yes,Yes
CUST05481,56.0,Female,0,20.41,131.92,One year,DSL,Bank transfer,No,3,No,Yes,Yes
CUST05482,69.0,Male,9,21.12,394.45,Two year,DSL,Credit card,Yes,1,Yes,No,No
CUST05483,46.0,Female,3,61.66,2755.45,Two year,DSL,Bank transfer,No,3,Yes,No,No
CUST05484,32.0,Male,8,35.53,796.58,Month-to-month,No,Credit card,No,2,No,No,No
CUST05485,60.0,Male,9,86.45,10188.8,Two year,Fiber optic,Electronic check,Yes,3,No,Yes,Yes
CUST05486,56.0,Female,0,20.41,131.92,One year,DSL,Bank transfer,No,3,No,Yes,Yes
CUST05487,69.0,Male,9,21.12,394.45,Two year,DSL,Credit card,Yes,1,Yes,No,No
CUST05488,46.0,Female,3,61.66,2755.45,Two year,DSL,Bank transfer,No,3,Yes,No,No
CUST05489,32.0,Male,8,35.53,796.58,Month-to-month,No,Credit card,No,2,No,No,No
CUST05490,60.0,Male,9,86.45,10188.8,Two year,Fiber optic,Electronic check,Yes,3,No,Yes,Yes
CUST05491,56.0,Female,0,20.41,131.92,One year,DSL,Bank transfer,No,3,No,Yes,Yes
CUST05492,69.0,Male,9,21.12,394.45,Two year,DSL,Credit card,Yes,1,Yes,No,No
CUST05493,46.0,Female,3,61.66,2755.45,Two year,DSL,Bank transfer,No,3,Yes,No,No
CUST05494,32.0,Male,8,35.53,796.58,Month-to-month,No,Credit card,No,2,No,No,No
CUST05495,60.0,Male,9,86.45,10188.8,Two year,Fiber optic,Electronic check,Yes,3,No,Yes,Yes
CUST05496,56.0,Female,0,20.41,131.92,One year,DSL,Bank transfer,No,3,No,Yes,Yes
CUST05497,69.0,Male,9,21.12,394.45,Two year,DSL,Credit card,Yes,1,Yes,No,No
CUST05498,46.0,Female,3,61.66,2755.45,Two year,DSL,Bank transfer,No,3,Yes,No,No
CUST05499,32.0,Male,8,35.53,796.58,Month-to-month,No,Credit card,No,2,No,No,No
CUST05500,60.0,Male,9,86.45,10188.8,Two year,Fiber optic,Electronic check,Yes,3,No,Yes,Yes
CUST05501,56.0,Female,0,20.41,131.92,One year,DSL,Bank transfer,No,3,No,Yes,Yes
CUST05502,69.0,Male,9,21.12,394.45,Two year,DSL,Credit card,Yes,1,Yes,No,No
CUST05503,46.0,Female,3,61.66,2755.45,Two year,DSL,Bank transfer,No,3,Yes,No,No
CUST05504,32.0,Male,8,35.53,796.58,Month-to-month,No,Credit card,No,2,No,No,No
CUST05505,60.0,Male,9,86.45,10188.8,Two year,Fiber optic,Electronic check,Yes,3,No,Yes,Yes
CUST05506,56.0,Female,0,20.41,131.92,One year,DSL,Bank transfer,No,3,No,Yes,Yes
CUST05507,69.0,Male,9,21.12,394.45,Two year,DSL,Credit card,Yes,1,Yes,No,No
CUST05508,46.0,Female,3,61.66,2755.45,Two year,DSL,Bank transfer,No,3,Yes,No,No
CUST05509,32.0,Male,8,35.53,796.58,Month-to-month,No,Credit card,No,2,No,No,No
CUST05510,60.0,Male,9,86.45,10188.8,Two year,Fiber optic,Electronic check,Yes,3,No,Yes,Yes
CUST05511,56.0,Female,0,20.41,131.92,One year,DSL,Bank transfer,No,3,No,Yes,Yes
CUST05512,69.0,Male,9,21.12,394.45,Two year,DSL,Credit card,Yes,1,Yes,No,No
CUST05513,46.0,Female,3,61.66,2755.45,Two year,DSL,Bank transfer,No,3,Yes,No,No
CUST05514,32.0,Male,8,35.53,796.58,Month-to-month,No,Credit card,No,2,No,No,No
CUST05515,60.0,Male,9,86.45,10188.8,Two year,Fiber optic,Electronic check,Yes,3,No,Yes,Yes
CUST05516,56.0,Female,0,20.41,131.92,One year,DSL,Bank transfer,No,3,No,Yes,Yes
CUST05517,69.0,Male,9,21.12,394.45,Two year,DSL,Credit card,Yes,1,Yes,No,No
CUST05518,46.0,Female,3,61.66,2755.45,Two year,DSL,Bank transfer,No,3,Yes,No,No
CUST05519,32.0,Male,8,35.53,796.58,Month-to-month,No,Credit card,No,2,No,No,No
CUST05520,60.0,Male,9,86.45,10188.8,Two year,Fiber optic,Electronic check,Yes,3,No,Yes,Yes
CUST05521,56.0,Female,0,20.41,131.92,One year,DSL,Bank transfer,No,3,No,Yes,Yes
CUST05522,69.0,Male,9,21.12,394.45,Two year,DSL,Credit card,Yes,1,Yes,No,No
CUST05523,46.0,Female,3,61.66,2755.45,Two year,DSL,Bank transfer,No,3,Yes,No,No
CUST05524,32.0,Male,8,35.53,796.58,Month-to-month,No,Credit card,No,2,No,No,No
CUST05525,60.0,Male,9,86.45,10188.8,Two year,Fiber optic,Electronic check,Yes,3,No,Yes,Yes
CUST05526,56.0,Female,0,20.41,131.92,One year,DSL,Bank transfer,No,3,No,Yes,Yes
CUST05527,69.0,Male,9,21.12,394.45,Two year,DSL,Credit card,Yes,1,Yes,No,No
CUST05528,46.0,Female,3,61.66,2755.45,Two year,DSL,Bank transfer,No,3,Yes,No,No
CUST05529,32.0,Male,8,35.53,796.58,Month-to-month,No,Credit card,No,2,No,No,No
CUST05530,60.0,Male,9,86.45,10188.8,Two year,Fiber optic,Electronic check,Yes,3,No,Yes,Yes
CUST05531,56.0,Female,0,20.41,131.92,One year,DSL,Bank transfer,No,3,No,Yes,Yes
CUST05532,69.0,Male,9,21.12,394.45,Two year,DSL,Credit card,Yes,1,Yes,No,No
CUST05533,46.0,Female,3,61.66,2755.45,Two year,DSL,Bank transfer,No,3,Yes,No,No
CUST05534,32.0,Male,8,35.53,796.58,Month-to-month,No,Credit card,No,2,No,No,No
CUST05535,60.0,Male,9,86.45,10188.8,Two year,Fiber optic,Electronic check,Yes,3,No,Yes,Yes
CUST05536,56.0,Female,0,20.41,131.92,One year,DSL,Bank transfer,No,3,No,Yes,Yes
CUST05537,69.0,Male,9,21.12,394.45,Two year,DSL,Credit card,Yes,1,Yes,No,No
CUST05538,46.0,Female,3,61.66,2755.45,Two year,DSL,Bank transfer,No,3,Yes,No,No
CUST05539,32.0,Male,8,35.53,796.58,Month-to-month,No,Credit card,No,2,No,No,No
CUST05540,60.0,Male,9,86.45,10188.8,Two year,Fiber optic,Electronic check,Yes,3,No,Yes,Yes
CUST05541,56.0,Female,0,20.41,131.92,One year,DSL,Bank transfer,No,3,No,Yes,Yes
CUST05542,69.0,Male,9,21.12,394.45,Two year,DSL,Credit card,Yes,1,Yes,No,No
CUST05543,46.0,Female,3,61.66,2755.45,Two year,DSL,Bank transfer,No,3,Yes,No,No
CUST05544,32.0,Male,8,35.53,796.58,Month-to-month,No,Credit card,No,2,No,No,No
CUST05545,60.0,Male,9,86.45,10188.8,Two year,Fiber optic,Electronic check,Yes,3,No,Yes,Yes
CUST05546,56.0,Female,0,20.41,131.92,One year,DSL,Bank transfer,No,3,No,Yes,Yes
CUST05547,69.0,Male,9,21.12,394.45,Two year,DSL,Credit card,Yes,1,Yes,No,No
CUST05548,46.0,Female,3,61.66,2755.45,Two year,DSL,Bank transfer,No,3,Yes,No,No
CUST05549,32.0,Male,8,35.53,796.58,Month-to-month,No,Credit card,No,2,No,No,No
CUST05550,60.0,Male,9,86.45,10188.8,Two year,Fiber optic,Electronic check,Yes,3,No,Yes,Yes
CUST05551,56.0,Female,0,20.41,131.92,One year,DSL,Bank transfer,No,3,No,Yes,Yes
CUST05552,69.0,Male,9,21.12,394.45,Two year,DSL,Credit card,Yes,1,Yes,No,No
CUST05553,46.0,Female,3,61.66,2755.45,Two year,DSL,Bank transfer,No,3,Yes,No,No
CUST05554,32.0,Male,8,35.53,796.58,Month-to-month,No,Credit card,No,2,No,No,No
CUST05555,60.0,Male,9,86.45,10188.8,Two year,Fiber optic,Electronic check,Yes,3,No,Yes,Yes
CUST05556,56.0,Female,0,20.41,131.92,One year,DSL,Bank transfer,No,3,No,Yes,Yes
CUST05557,69.0,Male,9,21.12,394.45,Two year,DSL,Credit card,Yes,1,Yes,No,No
CUST05558,46.0,Female,3,61.66,2755.45,Two year,DSL,Bank transfer,No,3,Yes,No,No
CUST05559,32.0,Male,8,35.53,796.58,Month-to-month,No,Credit card,No,2,No,No,No
CUST05560,60.0,Male,9,86.45,10188.8,Two year,Fiber optic,Electronic check,Yes,3,No,Yes,Yes
CUST05561,56.0,Female,0,20.41,131.92,One year,DSL,Bank transfer,No,3,No,Yes,Yes
CUST05562,69.0,Male,9,21.12,394.45,Two year,DSL,Credit card,Yes,1,Yes,No,No
CUST05563,46.0,Female,3,61.66,2755.45,Two year,DSL,Bank transfer,No,3,Yes,No,No
CUST05564,32.0,Male,8,35.53,796.58,Month-to-month,No,Credit card,No,2,No,No,No
CUST05565,60.0,Male,9,86.45,10188.8,Two year,Fiber optic,Electronic check,Yes,3,No,Yes,Yes
CUST05566,56.0,Female,0,20.41,131.92,One year,DSL,Bank transfer,No,3,No,Yes,Yes
CUST05567,69.0,Male,9,21.12,394.45,Two year,DSL,Credit card,Yes,1,Yes,No,No
CUST05568,46.0,Female,3,61.66,2755.45,Two year,DSL,Bank transfer,No,3,Yes,No,No
CUST05569,32.0,Male,8,35.53,796.58,Month-to-month,No,Credit card,No,2,No,No,No
CUST05570,60.0,Male,9,86.45,10188.8,Two year,Fiber optic,Electronic check,Yes,3,No,Yes,Yes
CUST05571,56.0,Female,0,20.41,131.92,One year,DSL,Bank transfer,No,3,No,Yes,Yes
CUST05572,69.0,Male,9,21.12,394.45,Two year,DSL,Credit card,Yes,1,Yes,No,No
CUST05573,46.0,Female,3,61.66,2755.45,Two year,DSL,Bank transfer,No,3,Yes,No,No
CUST05574,32.0,Male,8,35.53,796.58,Month-to-month,No,Credit card,No,2,No,No,No
CUST05575,60.0,Male,9,86.45,10188.8,Two year,Fiber optic,Electronic check,Yes,3,No,Yes,Yes
CUST05576,56.0,Female,0,20.41,131.92,One year,DSL,Bank transfer,No,3,No,Yes,Yes
CUST05577,69.0,Male,9,21.12,394.45,Two year,DSL,Credit card,Yes,1,Yes,No,No
CUST05578,46.0,Female,3,61.66,2755.45,Two year,DSL,Bank transfer,No,3,Yes,No,No
CUST05579,32.0,Male,8,35.53,796.58,Month-to-month,No,Credit card,No,2,No,No,No
CUST05580,60.0,Male,9,86.45,10188.8,Two year,Fiber optic,Electronic check,Yes,3,No,Yes,Yes
CUST05581,56.0,Female,0,20.41,131.92,One year,DSL,Bank transfer,No,3,No,Yes,Yes
CUST05582,69.0,Male,9,21.12,394.45,Two year,DSL,Credit card,Yes,1,Yes,No,No
CUST05583,46.0,Female,3,61.66,2755.45,Two year,DSL,Bank transfer,No,3,Yes,No,No
CUST05584,32.0,Male,8,35.53,796.58,Month-to-month,No,Credit card,No,2,No,No,No
CUST05585,60.0,Male,9,86.45,10188.8,Two year,Fiber optic,Electronic check,Yes,3,No,Yes,Yes
CUST05586,56.0,Female,0,20.41,131.92,One year,DSL,Bank transfer,No,3,No,Yes,Yes
CUST05587,69.0,Male,9,21.12,394.45,Two year,DSL,Credit card,Yes,1,Yes,No,No
CUST05588,46.0,Female,3,61.66,2755.45,Two year,DSL,Bank transfer,No,3,Yes,No,No
CUST05589,32.0,Male,8,35.53,796.58,Month-to-month,No,Credit card,No,2,No,No,No
CUST05590,60.0,Male,9,86.45,10188.8,Two year,Fiber optic,Electronic check,Yes,3,No,Yes,Yes
CUST05591,56.0,Female,0,20.41,131.92,One year,DSL,Bank transfer,No,3,No,Yes,Yes
CUST05592,69.0,Male,9,21.12,394.45,Two year,DSL,Credit card,Yes,1,Yes,No,No
CUST05593,46.0,Female,3,61.66,2755.45,Two year,DSL,Bank transfer,No,3,Yes,No,No
CUST05594,32.0,Male,8,35.53,796.58,Month-to-month,No,Credit card,No,2,No,No,No
CUST05595,60.0,Male,9,86.45,10188.8,Two year,Fiber optic,Electronic check,Yes,3,No,Yes,Yes
CUST05596,56.0,Female,0,20.41,131.92,One year,DSL,Bank transfer,No,3,No,Yes,Yes
CUST05597,69.0,Male,9,21.12,394.45,Two year,DSL,Credit card,Yes,1,Yes,No,No
CUST05598,46.0,Female,3,61.66,2755.45,Two year,DSL,Bank transfer,No,3,Yes,No,No
CUST05599,32.0,Male,8,35.53,796.58,Month-to-month,No,Credit card,No,2,No,No,No
CUST05600,60.0,Male,9,86.45,10188.8,Two year,Fiber optic,Electronic check,Yes,3,No,Yes,Yes
CUST05601,56.0,Female,0,20.41,131.92,One year,DSL,Bank transfer,No,3,No,Yes,Yes
CUST05602,69.0,Male,9,21.12,394.45,Two year,DSL,Credit card,Yes,1,Yes,No,No
CUST05603,46.0,Female,3,61.66,2755.45,Two year,DSL,Bank transfer,No,3,Yes,No,No
CUST05604,32.0,Male,8,35.53,796.58,Month-to-month,No,Credit card,No,2,No,No,No
CUST05605,60.0,Male,9,86.45,10188.8,Two year,Fiber optic,Electronic check,Yes,3,No,Yes,Yes
CUST05606,56.0,Female,0,20.41,131.92,One year,DSL,Bank transfer,No,3,No,Yes,Yes
CUST05607,69.0,Male,9,21.12,394.45,Two year,DSL,Credit card,Yes,1,Yes,No,No
CUST05608,46.0,Female,3,61.66,2755.45,Two year,DSL,Bank transfer,No,3,Yes,No,No
CUST05609,32.0,Male,8,35.53,796.58,Month-to-month,No,Credit card,No,2,No,No,No
CUST05610,60.0,Male,9,86.45,10188.8,Two year,Fiber optic,Electronic check,Yes,3,No,Yes,Yes
CUST05611,56.0,Female,0,20.41,131.92,One year,DSL,Bank transfer,No,3,No,Yes,Yes
CUST05612,69.0,Male,9,21.12,394.45,Two year,DSL,Credit card,Yes,1,Yes,No,No
CUST05613,46.0,Female,3,61.66,2755.45,Two year,DSL,Bank transfer,No,3,Yes,No,No
CUST05614,32.0,Male,8,35.53,796.58,Month-to-month,No,Credit card,No,2,No,No,No
CUST05615,60.0,Male,9,86.45,10188.8,Two year,Fiber optic,Electronic check,Yes,3,No,Yes,Yes
CUST05616,56.0,Female,0,20.41,131.92,One year,DSL,Bank transfer,No,3,No,Yes,Yes
CUST05617,69.0,Male,9,21.12,394.45,Two year,DSL,Credit card,Yes,1,Yes,No,No
CUST05618,46.0,Female,3,61.66,2755.45,Two year,DSL,Bank transfer,No,3,Yes,No,No
CUST05619,32.0,Male,8,35.53,796.58,Month-to-month,No,Credit card,No,2,No,No,No
CUST05620,60.0,Male,9,86.45,10188.8,Two year,Fiber optic,Electronic check,Yes,3,No,Yes,Yes
CUST05621,56.0,Female,0,20.41,131.92,One year,DSL,Bank transfer,No,3,No,Yes,Yes
CUST05622,69.0,Male,9,21.12,394.45,Two year,DSL,Credit card,Yes,1,Yes,No,No
CUST05623,46.0,Female,3,61.66,2755.45,Two year,DSL,Bank transfer,No,3,Yes,No,No
CUST05624,32.0,Male,8,35.53,796.58,Month-to-month,No,Credit card,No,2,No,No,No
CUST05625,60.0,Male,9,86.45,10188.8,Two year,Fiber optic,Electronic check,Yes,3,No,Yes,Yes
CUST05626,56.0,Female,0,20.41,131.92,One year,DSL,Bank transfer,No,3,No,Yes,Yes
CUST05627,69.0,Male,9,21.12,394.45,Two year,DSL,Credit card,Yes,1,Yes,No,No
CUST05628,46.0,Female,3,61.66,2755.45,Two year,DSL,Bank transfer,No,3,Yes,No,No
CUST05629,32.0,Male,8,35.53,796.58,Month-to-month,No,Credit card,No,2,No,No,No
CUST05630,60.0,Male,9,86.45,10188.8,Two year,Fiber optic,Electronic check,Yes,3,No,Yes,Yes
CUST05631,56.0,Female,0,20.41,131.92,One year,DSL,Bank transfer,No,3,No,Yes,Yes
CUST05632,69.0,Male,9,21.12,394.45,Two year,DSL,Credit card,Yes,1,Yes,No,No
CUST05633,46.0,Female,3,61.66,2755.45,Two year,DSL,Bank transfer,No,3,Yes,No,No
CUST05634,32.0,Male,8,35.53,796.58,Month-to-month,No,Credit card,No,2,No,No,No
CUST05635,60.0,Male,9,86.45,10188.8,Two year,Fiber optic,Electronic check,Yes,3,No,Yes,Yes
CUST05636,56.0,Female,0,20.41,131.92,One year,DSL,Bank transfer,No,3,No,Yes,Yes
CUST05637,69.0,Male,9,21.12,394.45,Two year,DSL,Credit card,Yes,1,Yes,No,No
CUST05638,46.0,Female,3,61.66,2755.45,Two year,DSL,Bank transfer,No,3,Yes,No,No
CUST05639,32.0,Male,8,35.53,796.58,Month-to-month,No,Credit card,No,2,No,No,No
CUST05640,60.0,Male,9,86.45,10188.8,Two year,Fiber optic,Electronic check,Yes,3,No,Yes,Yes
CUST05641,56.0,Female,0,20.41,131.92,One year,DSL,Bank transfer,No,3,No,Yes,Yes
CUST05642,69.0,Male,9,21.12,394.45,Two year,DSL,Credit card,Yes,1,Yes,No,No
CUST05643,46.0,Female,3,61.66,2755.45,Two year,DSL,Bank transfer,No,3,Yes,No,No
CUST05644,32.0,Male,8,35.53,796.58,Month-to-month,No,Credit card,No,2,No,No,No
CUST05645,60.0,Male,9,86.45,10188.8,Two year,Fiber optic,Electronic check,Yes,3,No,Yes,Yes
CUST05646,56.0,Female,0,20.41,131.92,One year,DSL,Bank transfer,No,3,No,Yes,Yes
CUST05647,69.0,Male,9,21.12,394.45,Two year,DSL,Credit card,Yes,1,Yes,No,No
CUST05648,46.0,Female,3,61.66,2755.45,Two year,DSL,Bank transfer,No,3,Yes,No,No
CUST05649,32.0,Male,8,35.53,796.58,Month-to-month,No,Credit card,No,2,No,No,No
CUST05650,60.0,Male,9,86.45,10188.8,Two year,Fiber optic,Electronic check,Yes,3,No,Yes,Yes
CUST05651,56.0,Female,0,20.41,131.92,One year,DSL,Bank transfer,No,3,No,Yes,Yes
CUST05652,69.0,Male,9,21.12,394.45,Two year,DSL,Credit card,Yes,1,Yes,No,No
CUST05653,46.0,Female,3,61.66,2755.45,Two year,DSL,Bank transfer,No,3,Yes,No,No
CUST05654,32.0,Male,8,35.53,796.58,Month-to-month,No,Credit card,No,2,No,No,No
CUST05655,60.0,Male,9,86.45,10188.8,Two year,Fiber optic,Electronic check,Yes,3,No,Yes,Yes
CUST05656,56.0,Female,0,20.41,131.92,One year,DSL,Bank transfer,No,3,No,Yes,Yes
CUST05657,69.0,Male,9,21.12,394.45,Two year,DSL,Credit card,Yes,1,Yes,No,No
CUST05658,46.0,Female,3,61.66,2755.45,Two year,DSL,Bank transfer,No,3,Yes,No,No
CUST05659,32.0,Male,8,35.53,796.58,Month-to-month,No,Credit card,No,2,No,No,No
CUST05660,60.0,Male,9,86.45,10188.8,Two year,Fiber optic,Electronic check,Yes,3,No,Yes,Yes
CUST05661,56.0,Female,0,20.41,131.92,One year,DSL,Bank transfer,No,3,No,Yes,Yes
CUST05662,69.0,Male,9,21.12,394.45,Two year,DSL,Credit card,Yes,1,Yes,No,No
CUST05663,46.0,Female,3,61.66,2755.45,Two year,DSL,Bank transfer,No,3,Yes,No,No
CUST05664,32.0,Male,8,35.53,796.58,Month-to-month,No,Credit card,No,2,No,No,No
CUST05665,60.0,Male,9,86.45,10188.8,Two year,Fiber optic,Electronic check,Yes,3,No,Yes,Yes
CUST05666,56.0,Female,0,20.41,131.92,One year,DSL,Bank transfer,No,3,No,Yes,Yes
CUST05667,69.0,Male,9,21.12,394.45,Two year,DSL,Credit card,Yes,1,Yes,No,No
CUST05668,46.0,Female,3,61.66,2755.45,Two year,DSL,Bank transfer,No,3,Yes,No,No
CUST05669,32.0,Male,8,35.53,796.58,Month-to-month,No,Credit card,No,2,No,No,No
CUST05670,60.0,Male,9,86.45,10188.8,Two year,Fiber optic,Electronic check,Yes,3,No,Yes,Yes
CUST05671,56.0,Female,0,20.41,131.92,One year,DSL,Bank transfer,No,3,No,Yes,Yes
CUST05672,69.0,Male,9,21.12,394.45,Two year,DSL,Credit card,Yes,1,Yes,No,No
CUST05673,46.0,Female,3,61.66,2755.45,Two year,DSL,Bank transfer,No,3,Yes,No,No
CUST05674,32.0,Male,8,35.53,796.58,Month-to-month,No,Credit card,No,2,No,No,No
CUST05675,60.0,Male,9,86.45,10188.8,Two year,Fiber optic,Electronic check,Yes,3,No,Yes,Yes
CUST05676,56.0,Female,0,20.41,131.92,One year,DSL,Bank transfer,No,3,No,Yes,Yes
CUST05677,69.0,Male,9,21.12,394.45,Two year,DSL,Credit card,Yes,1,Yes,No,No
CUST05678,46.0,Female,3,61.66,2755.45,Two year,DSL,Bank transfer,No,3,Yes,No,No
CUST05679,32.0,Male,8,35.53,796.58,Month-to-month,No,Credit card,No,2,No,No,No
CUST05680,60.0,Male,9,86.45,10188.8,Two year,Fiber optic,Electronic check,Yes,3,No,Yes,Yes
CUST05681,56.0,Female,0,20.41,131.92,One year,DSL,Bank transfer,No,3,No,Yes,Yes
CUST05682,69.0,Male,9,21.12,394.45,Two year,DSL,Credit card,Yes,1,Yes,No,No
CUST05683,46.0,Female,3,61.66,2755.45,Two year,DSL,Bank transfer,No,3,Yes,No,No
CUST05684,32.0,Male,8,35.53,796.58,Month-to-month,No,Credit card,No,2,No,No,No
CUST05685,60.0,Male,9,86.45,10188.8,Two year,Fiber optic,Electronic check,Yes,3,No,Yes,Yes
CUST05686,56.0,Female,0,20.41,131.92,One year,DSL,Bank transfer,No,3,No,Yes,Yes
CUST05687,69.0,Male,9,21.12,394.45,Two year,DSL,Credit card,Yes,1,Yes,No,No
CUST05688,46.0,Female,3,61.66,2755.45,Two year,DSL,Bank transfer,No,3,Yes,No,No
CUST05689,32.0,Male,8,35.53,796.58,Month-to-month,No,Credit card,No,2,No,No,No
CUST05690,60.0,Male,9,86.45,10188.8,Two year,Fiber optic,Electronic check,Yes,3,No,Yes,Yes
CUST05691,56.0,Female,0,20.41,131.92,One year,DSL,Bank transfer,No,3,No,Yes,Yes
CUST05692,69.0,Male,9,21.12,394.45,Two year,DSL,Credit card,Yes,1,Yes,No,No
CUST05693,46.0,Female,3,61.66,2755.45,Two year,DSL,Bank transfer,No,3,Yes,No,No
CUST05694,32.0,Male,8,35.53,796.58,Month-to-month,No,Credit card,No,2,No,No,No
CUST05695,60.0,Male,9,86.45,10188.8,Two year,Fiber optic,Electronic check,Yes,3,No,Yes,Yes
CUST05696,56.0,Female,0,20.41,131.92,One year,DSL,Bank transfer,No,3,No,Yes,Yes
CUST05697,69.0,Male,9,21.12,394.45,Two year,DSL,Credit card,Yes,1,Yes,No,No
CUST05698,46.0,Female,3,61.66,2755.45,Two year,DSL,Bank transfer,No,3,Yes,No,No
CUST05699,32.0,Male,8,35.53,796.58,Month-to-month,No,Credit card,No,2,No,No,No
CUST05700,60.0,Male,9,86.45,10188.8,Two year,Fiber optic,Electronic check,Yes,3,No,Yes,Yes
CUST05701,56.0,Female,0,20.41,131.92,One year,DSL,Bank transfer,No,3,No,Yes,Yes
CUST05702,69.0,Male,9,21.12,394.45,Two year,DSL,Credit card,Yes,1,Yes,No,No
CUST05703,46.0,Female,3,61.66,2755.45,Two year,DSL,Bank transfer,No,3,Yes,No,No
CUST05704,32.0,Male,8,35.53,796.58,Month-to-month,No,Credit card,No,2,No,No,No
CUST05705,60.0,Male,9,86.45,10188.8,Two year,Fiber optic,Electronic check,Yes,3,No,Yes,Yes
CUST05706,56.0,Female,0,20.41,131.92,One year,DSL,Bank transfer,No,3,No,Yes,Yes
CUST05707,69.0,Male,9,21.12,394.45,Two year,DSL,Credit card,Yes,1,Yes,No,No
CUST05708,46.0,Female,3,61.66,2755.45,Two year,DSL,Bank transfer,No,3,Yes,No,No
CUST05709,32.0,Male,8,35.53,796.58,Month-to-month,No,Credit card,No,2,No,No,No
CUST05710,60.0,Male,9,86.45,10188.8,Two year,Fiber optic,Electronic check,Yes,3,No,Yes,Yes
CUST05711,56.0,Female,0,20.41,131.92,One year,DSL,Bank transfer,No,3,No,Yes,Yes
CUST05712,69.0,Male,9,21.12,394.45,Two year,DSL,Credit card,Yes,1,Yes,No,No
CUST05713,46.0,Female,3,61.66,2755.45,Two year,DSL,Bank transfer,No,3,Yes,No,No
CUST05714,32.0,Male,8,35.53,796.58,Month-to-month,No,Credit card,No,2,No,No,No
CUST05715,60.0,Male,9,86.45,10188.8,Two year,Fiber optic,Electronic check,Yes,3,No,Yes,Yes
CUST05716,56.0,Female,0,20.41,131.92,One year,DSL,Bank transfer,No,3,No,Yes,Yes
CUST05717,69.0,Male,9,21.12,394.45,Two year,DSL,Credit card,Yes,1,Yes,No,No
CUST05718,46.0,Female,3,61.66,2755.45,Two year,DSL,Bank transfer,No,3,Yes,No,No
CUST05719,32.0,Male,8,35.53,796.58,Month-to-month,No,Credit card,No,2,No,No,No
CUST05720,60.0,Male,9,86.45,10188.8,Two year,Fiber optic,Electronic check,Yes,3,No,Yes,Yes
CUST05721,56.0,Female,0,20.41,131.92,One year,DSL,Bank transfer,No,3,No,Yes,Yes
CUST05722,69.0,Male,9,21.12,394.45,Two year,DSL,Credit card,Yes,1,Yes,No,No
CUST05723,46.0,Female,3,61.66,2755.45,Two year,DSL,Bank transfer,No,3,Yes,No,No
CUST05724,32.0,Male,8,35.53,796.58,Month-to-month,No,Credit card,No,2,No,No,No
CUST05725,60.0,Male,9,86.45,10188.8,Two year,Fiber optic,Electronic check,Yes,3,No,Yes,Yes
CUST05726,56.0,Female,0,20.41,131.92,One year,DSL,Bank transfer,No,3,No,Yes,Yes
CUST05727,69.0,Male,9,21.12,394.45,Two year,DSL,Credit card,Yes,1,Yes,No,No
CUST05728,46.0,Female,3,61.66,2755.45,Two year,DSL,Bank transfer,No,3,Yes,No,No
CUST05729,32.0,Male,8,35.53,796.58,Month-to-month,No,Credit card,No,2,No,No,No
CUST05730,60.0,Male,9,86.45,10188.8,Two year,Fiber optic,Electronic check,Yes,3,No,Yes,Yes
CUST05731,56.0,Female,0,20.41,131.92,One year,DSL,Bank transfer,No,3,No,Yes,Yes
CUST05732,69.0,Male,9,21.12,394.45,Two year,DSL,Credit card,Yes,1,Yes,No,No
CUST05733,46.0,Female,3,61.66,2755.45,Two year,DSL,Bank transfer,No,3,Yes,No,No
CUST05734,32.0,Male,8,35.53,796.58,Month-to-month,No,Credit card,No,2,No,No,No
CUST05735,60.0,Male,9,86.45,10188.8,Two year,Fiber optic,Electronic check,Yes,3,No,Yes,Yes
CUST05736,56.0,Female,0,20.41,131.92,One year,DSL,Bank transfer,No,3,No,Yes,Yes
CUST05737,69.0,Male,9,21.12,394.45,Two year,DSL,Credit card,Yes,1,Yes,No,No
CUST05738,46.0,Female,3,61.66,2755.45,Two year,DSL,Bank transfer,No,3,Yes,No,No
CUST05739,32.0,Male,8,35.53,796.58,Month-to-month,No,Credit card,No,2,No,No,No
CUST05740,60.0,Male,9,86.45,10188.8,Two year,Fiber optic,Electronic check,Yes,3,No,Yes,Yes
CUST05741,56.0,Female,0,20.41,131.92,One year,DSL,Bank transfer,No,3,No,Yes,Yes
CUST05742,69.0,Male,9,21.12,394.45,Two year,DSL,Credit card,Yes,1,Yes,No,No
CUST05743,46.0,Female,3,61.66,2755.45,Two year,DSL,Bank transfer,No,3,Yes,No,No
CUST05744,32.0,Male,8,35.53,796.58,Month-to-month,No,Credit card,No,2,No,No,No
CUST05745,60.0,Male,9,86.45,10188.8,Two year,Fiber optic,Electronic check,Yes,3,No,Yes,Yes
CUST05746,56.0,Female,0,20.41,131.92,One year,DSL,Bank transfer,No,3,No,Yes,Yes
CUST05747,69.0,Male,9,21.12,394.45,Two year,DSL,Credit card,Yes,1,Yes,No,No
CUST05748,46.0,Female,3,61.66,2755.45,Two year,DSL,Bank transfer,No,3,Yes,No,No
CUST05749,32.0,Male,8,35.53,796.58,Month-to-month,No,Credit card,No,2,No,No,No
CUST05750,60.0,Male,9,86.45,10188.8,Two year,Fiber optic,Electronic check,Yes,3,No,Yes,Yes
CUST05751,56.0,Female,0,20.41,131.92,One year,DSL,Bank transfer,No,3,No,Yes,Yes
CUST05752,69.0,Male,9,21.12,394.45,Two year,DSL,Credit card,Yes,1,Yes,No,No
CUST05753,46.0,Female,3,61.66,2755.45,Two year,DSL,Bank transfer,No,3,Yes,No,No
CUST05754,32.0,Male,8,35.53,796.58,Month-to-month,No,Credit card,No,2,No,No,No
CUST05755,60.0,Male,9,86.45,10188.8,Two year,Fiber optic,Electronic check,Yes,3,No,Yes,Yes
CUST05756,56.0,Female,0,20.41,131.92,One year,DSL,Bank transfer,No,3,No,Yes,Yes
CUST05757,69.0,Male,9,21.12,394.45,Two year,DSL,Credit card,Yes,1,Yes,No,No
CUST05758,46.0,Female,3,61.66,2755.45,Two year,DSL,Bank transfer,No,3,Yes,No,No
CUST05759,32.0,Male,8,35.53,796.58,Month-to-month,No,Credit card,No,2,No,No,No
CUST05760,60.0,Male,9,86.45,10188.8,Two year,Fiber optic,Electronic check,Yes,3,No,Yes,Yes
CUST05761,56.0,Female,0,20.41,131.92,One year,DSL,Bank transfer,No,3,No,Yes,Yes
CUST05762,69.0,Male,9,21.12,394.45,Two year,DSL,Credit card,Yes,1,Yes,No,No
CUST05763,46.0,Female,3,61.66,2755.45,Two year,DSL,Bank transfer,No,3,Yes,No,No
CUST05764,32.0,Male,8,35.53,796.58,Month-to-month,No,Credit card,No,2,No,No,No
CUST05765,60.0,Male,9,86.45,10188.8,Two year,Fiber optic,Electronic check,Yes,3,No,Yes,Yes
CUST05766,56.0,Female,0,20.41,131.92,One year,DSL,Bank transfer,No,3,No,Yes,Yes
CUST05767,69.0,Male,9,21.12,394.45,Two year,DSL,Credit card,Yes,1,Yes,No,No
CUST05768,46.0,Female,3,61.66,2755.45,Two year,DSL,Bank transfer,No,3,Yes,No,No
CUST05769,32.0,Male,8,35.53,796.58,Month-to-month,No,Credit card,No,2,No,No,No
CUST05770,60.0,Male,9,86.45,10188.8,Two year,Fiber optic,Electronic check,Yes,3,No,Yes,Yes
CUST05771,56.0,Female,0,20.41,131.92,One year,DSL,Bank transfer,No,3,No,Yes,Yes
CUST05772,69.0,Male,9,21.12,394.45,Two year,DSL,Credit card,Yes,1,Yes,No,No
CUST05773,46.0,Female,3,61.66,2755.45,Two year,DSL,Bank transfer,No,3,Yes,No,No
CUST05774,32.0,Male,8,35.53,796.58,Month-to-month,No,Credit card,No,2,No,No,No
CUST05775,60.0,Male,9,86.45,10188.8,Two year,Fiber optic,Electronic check,Yes,3,No,Yes,Yes
CUST05776,56.0,Female,0,20.41,131.92,One year,DSL,Bank transfer,No,3,No,Yes,Yes
CUST05777,69.0,Male,9,21.12,394.45,Two year,DSL,Credit card,Yes,1,Yes,No,No
CUST05778,46.0,Female,3,61.66,2755.45,Two year,DSL,Bank transfer,No,3,Yes,No,No
CUST05779,32.0,Male,8,35.53,796.58,Month-to-month,No,Credit card,No,2,No,No,No
CUST05780,60.0,Male,9,86.45,10188.8,Two year,Fiber optic,Electronic check,Yes,3,No,Yes,Yes
CUST05781,56.0,Female,0,20.41,131.92,One year,DSL,Bank transfer,No,3,No,Yes,Yes
CUST05782,69.0,Male,9,21.12,394.45,Two year,DSL,Credit card,Yes,1,Yes,No,No
CUST05783,46.0,Female,3,61.66,2755.45,Two year,DSL,Bank transfer,No,3,Yes,No,No
CUST05784,32.0,Male,8,35.53,796.58,Month-to-month,No,Credit card,No,2,No,No,No
CUST05785,60.0,Male,9,86.45,10188.8,Two year,Fiber optic,Electronic check,Yes,3,No,Yes,Yes
CUST05786,56.0,Female,0,20.41,131.92,One year,DSL,Bank transfer,No,3,No,Yes,Yes
CUST05787,69.0,Male,9,21.12,394.45,Two year,DSL,Credit card,Yes,1,Yes,No,No
CUST05788,46.0,Female,3,61.66,2755.45,Two year,DSL,Bank transfer,No,3,Yes,No,No
CUST05789,32.0,Male,8,35.53,796.58,Month-to-month,No,Credit card,No,2,No,No,No
CUST05790,60.0,Male,9,86.45,10188.8,Two year,Fiber optic,Electronic check,Yes,3,No,Yes,Yes
CUST05791,56.0,Female,0,20.41,131.92,One year,DSL,Bank transfer,No,3,No,Yes,Yes
CUST05792,69.0,Male,9,21.12,394.45,Two year,DSL,Credit card,Yes,1,Yes,No,No
CUST05793,46.0,Female,3,61.66,2755.45,Two year,DSL,Bank transfer,No,3,Yes,No,No
CUST05794,32.0,Male,8,35.53,796.58,Month-to-month,No,Credit card,No,2,No,No,No
CUST05795,60.0,Male,9,86.45,10188.8,Two year,Fiber optic,Electronic check,Yes,3,No,Yes,Yes
CUST05796,56.0,Female,0,20.41,131.92,One year,DSL,Bank transfer,No,3,No,Yes,Yes
CUST05797,69.0,Male,9,21.12,394.45,Two year,DSL,Credit card,Yes,1,Yes,No,No
CUST05798,46.0,Female,3,61.66,2755.45,Two year,DSL,Bank transfer,No,3,Yes,No,No
CUST05799,32.0,Male,8,35.53,796.58,Month-to-month,No,Credit card,No,2,No,No,No
CUST05800,60.0,Male,9,86.45,10188.8,Two year,Fiber optic,Electronic check,Yes,3,No,Yes,Yes
CUST05801,56.0,Female,0,20.41,131.92,One year,DSL,Bank transfer,No,3,No,Yes,Yes
CUST05802,69.0,Male,9,21.12,394.45,Two year,DSL,Credit card,Yes,1,Yes,No,No
CUST05803,46.0,Female,3,61.66,2755.45,Two year,DSL,Bank transfer,No,3,Yes,No,No
CUST05804,32.0,Male,8,35.53,796.58,Month-to-month,No,Credit card,No,2,No,No,No
CUST05805,60.0,Male,9,86.45,10188.8,Two year,Fiber optic,Electronic check,Yes,3,No,Yes,Yes
CUST05806,56.0,Female,0,20.41,131.92,One year,DSL,Bank transfer,No,3,No,Yes,Yes
CUST05807,69.0,Male,9,21.12,394.45,Two year,DSL,Credit card,Yes,1,Yes,No,No
CUST05808,46.0,Female,3,61.66,2755.45,Two year,DSL,Bank transfer,No,3,Yes,No,No
CUST05809,32.0,Male,8,35.53,796.58,Month-to-month,No,Credit card,No,2,No,No,No
CUST05810,60.0,Male,9,86.45,10188.8,Two year,Fiber optic,Electronic check,Yes,3,No,Yes,Yes
CUST05811,56.0,Female,0,20.41,131.92,One year,DSL,Bank transfer,No,3,No,Yes,Yes
CUST05812,69.0,Male,9,21.12,394.45,Two year,DSL,Credit card,Yes,1,Yes,No,No
CUST05813,46.0,Female,3,61.66,2755.45,Two year,DSL,Bank transfer,No,3,Yes,No,No
CUST05814,32.0,Male,8,35.53,796.58,Month-to-month,No,Credit card,No,2,No,No,No
CUST05815,60.0,Male,9,86.45,10188.8,Two year,Fiber optic,Electronic check,Yes,3,No,Yes,Yes
CUST05816,56.0,Female,0,20.41,131.92,One year,DSL,Bank transfer,No,3,No,Yes,Yes
CUST05817,69.0,Male,9,21.12,394.45,Two year,DSL,Credit card,Yes,1,Yes,No,No
CUST05818,46.0,Female,3,61.66,2755.45,Two year,DSL,Bank transfer,No,3,Yes,No,No
CUST05819,32.0,Male,8,35.53,796.58,Month-to-month,No,Credit card,No,2,No,No,No
CUST05820,60.0,Male,9,86.45,10188.8,Two year,Fiber optic,Electronic check,Yes,3,No,Yes,Yes
CUST05821,56.0,Female,0,20.41,131.92,One year,DSL,Bank transfer,No,3,No,Yes,Yes
CUST05822,69.0,Male,9,21.12,394.45,Two year,DSL,Credit card,Yes,1,Yes,No,No
CUST05823,46.0,Female,3,61.66,2755.45,Two year,DSL,Bank transfer,No,3,Yes,No,No
CUST05824,32.0,Male,8,35.53,796.58,Month-to-month,No,Credit card,No,2,No,No,No
CUST05825,60.0,Male,9,86.45,10188.8,Two year,Fiber optic,Electronic check,Yes,3,No,Yes,Yes
CUST05826,56.0,Female,0,20.41,131.92,One year,DSL,Bank transfer,No,3,No,Yes,Yes
CUST05827,69.0,Male,9,21.12,394.45,Two year,DSL,Credit card,Yes,1,Yes,No,No
CUST05828,46.0,Female,3,61.66,2755.45,Two year,DSL,Bank transfer,No,3,Yes,No,No
CUST05829,32.0,Male,8,35.53,796.58,Month-to-month,No,Credit card,No,2,No,No,No
CUST05830,60.0,Male,9,86.45,10188.8,Two year,Fiber optic,Electronic check,Yes,3,No,Yes,Yes
CUST05831,56.0,Female,0,20.41,131.92,One year,DSL,Bank transfer,No,3,No,Yes,Yes
CUST05832,69.0,Male,9,21.12,394.45,Two year,DSL,Credit card,Yes,1,Yes,No,No
CUST05833,46.0,Female,3,61.66,2755.45,Two year,DSL,Bank transfer,No,3,Yes,No,No
CUST05834,32.0,Male,8,35.53,796.58,Month-to-month,No,Credit card,No,2,No,No,No
CUST05835,60.0,Male,9,86.45,10188.8,Two year,Fiber optic,Electronic check,Yes,3,No,Yes,Yes
CUST05836,56.0,Female,0,20.41,131.92,One year,DSL,Bank transfer,No,3,No,Yes,Yes
CUST05837,69.0,Male,9,21.12,394.45,Two year,DSL,Credit card,Yes,1,Yes,No,No
CUST05838,46.0,Female,3,61.66,2755.45,Two year,DSL,Bank transfer,No,3,Yes,No,No
CUST05839,32.0,Male,8,35.53,796.58,Month-to-month,No,Credit card,No,2,No,No,No
CUST05840,60.0,Male,9,86.45,10188.8,Two year,Fiber optic,Electronic check,Yes,3,No,Yes,Yes
CUST05841,56.0,Female,0,20.41,131.92,One year,DSL,Bank transfer,No,3,No,Yes,Yes
CUST05842,69.0,Male,9,21.12,394.45,Two year,DSL,Credit card,Yes,1,Yes,No,No
CUST05843,46.0,Female,3,61.66,2755.45,Two year,DSL,Bank transfer,No,3,Yes,No,No
CUST05844,32.0,Male,8,35.53,796.58,Month-to-month,No,Credit card,No,2,No,No,No
CUST05845,60.0,Male,9,86.45,10188.8,Two year,Fiber optic,Electronic check,Yes,3,No,Yes,Yes
CUST05846,56.0,Female,0,20.41,131.92,One year,DSL,Bank transfer,No,3,No,Yes,Yes
CUST05847,69.0,Male,9,21.12,394.45,Two year,DSL,Credit card,Yes,1,Yes,No,No
CUST05848,46.0,Female,3,61.66,2755.45,Two year,DSL,Bank transfer,No,3,Yes,No,No
CUST05849,32.0,Male,8,35.53,796.58,Month-to-month,No,Credit card,No,2,No,No,No
CUST05850,60.0,Male,9,86.45,10188.8,Two year,Fiber optic,Electronic check,Yes,3,No,Yes,Yes
CUST05851,56.0,Female,0,20.41,131.92,One year,DSL,Bank transfer,No,3,No,Yes,Yes
CUST05852,69.0,Male,9,21.12,394.45,Two year,DSL,Credit card,Yes,1,Yes,No,No
CUST05853,46.0,Female,3,61.66,2755.45,Two year,DSL,Bank transfer,No,3,Yes,No,No
CUST05854,32.0,Male,8,35.53,796.58,Month-to-month,No,Credit card,No,2,No,No,No
CUST05855,60.0,Male,9,86.45,10188.8,Two year,Fiber optic,Electronic check,Yes,3,No,Yes,Yes
CUST05856,56.0,Female,0,20.41,131.92,One year,DSL,Bank transfer,No,3,No,Yes,Yes
CUST05857,69.0,Male,9,21.12,394.45,Two year,DSL,Credit card,Yes,1,Yes,No,No
CUST05858,46.0,Female,3,61.66,2755.45,Two year,DSL,Bank transfer,No,3,Yes,No,No
CUST05859,32.0,Male,8,35.53,796.58,Month-to-month,No,Credit card,No,2,No,No,No
CUST05860,60.0,Male,9,86.45,10188.8,Two year,Fiber optic,Electronic check,Yes,3,No,Yes,Yes
CUST05861,56.0,Female,0,20.41,131.92,One year,DSL,Bank transfer,No,3,No,Yes,Yes
CUST05862,69.0,Male,9,21.12,394.45,Two year,DSL,Credit card,Yes,1,Yes,No,No
CUST05863,46.0,Female,3,61.66,2755.45,Two year,DSL,Bank transfer,No,3,Yes,No,No
CUST05864,32.0,Male,8,35.53,796.58,Month-to-month,No,Credit card,No,2,No,No,No
CUST05865,60.0,Male,9,86.45,10188.8,Two year,Fiber optic,Electronic check,Yes,3,No,Yes,Yes
CUST05866,56.0,Female,0,20.41,131.92,One year,DSL,Bank transfer,No,3,No,Yes,Yes
CUST05867,69.0,Male,9,21.12,394.45,Two year,DSL,Credit card,Yes,1,Yes,No,No
CUST05868,46.0,Female,3,61.66,2755.45,Two year,DSL,Bank transfer,No,3,Yes,No,No
CUST05869,32.0,Male,8,35.53,796.58,Month-to-month,No,Credit card,No,2,No,No,No
CUST05870,60.0,Male,9,86.45,10188.8,Two year,Fiber optic,Electronic check,Yes,3,No,Yes,Yes
CUST05871,56.0,Female,0,20.41,131.92,One year,DSL,Bank transfer,No,3,No,Yes,Yes
CUST05872,69.0,Male,9,21.12,394.45,Two year,DSL,Credit card,Yes,1,Yes,No,No
CUST05873,46.0,Female,3,61.66,2755.45,Two year,DSL,Bank transfer,No,3,Yes,No,No
CUST05874,32.0,Male,8,35.53,796.58,Month-to-month,No,Credit card,No,2,No,No,No
CUST05875,60.0,Male,9,86.45,10188.8,Two year,Fiber optic,Electronic check,Yes,3,No,Yes,Yes
CUST05876,56.0,Female,0,20.41,131.92,One year,DSL,Bank transfer,No,3,No,Yes,Yes
CUST05877,69.0,Male,9,21.12,394.45,Two year,DSL,Credit card,Yes,1,Yes,No,No
CUST05878,46.0,Female,3,61.66,2755.45,Two year,DSL,Bank transfer,No,3,Yes,No,No
CUST05879,32.0,Male,8,35.53,796.58,Month-to-month,No,Credit card,No,2,No,No,No
CUST05880,60.0,Male,9,86.45,10188.8,Two year,Fiber optic,Electronic check,Yes,3,No,Yes,Yes
CUST05881,56.0,Female,0,20.41,131.92,One year,DSL,Bank transfer,No,3,No,Yes,Yes
CUST05882,69.0,Male,9,21.12,394.45,Two year,DSL,Credit card,Yes,1,Yes,No,No
CUST05883,46.0,Female,3,61.66,2755.45,Two year,DSL,Bank transfer,No,3,Yes,No,No
CUST05884,32.0,Male,8,35.53,796.58,Month-to-month,No,Credit card,No,2,No,No,No
CUST05885,60.0,Male,9,86.45,10188.8,Two year,Fiber optic,Electronic check,Yes,3,No,Yes,Yes
CUST05886,56.0,Female,0,20.41,131.92,One year,DSL,Bank transfer,No,3,No,Yes,Yes
CUST05887,69.0,Male,9,21.12,394.45,Two year,DSL,Credit card,Yes,1,Yes,No,No
CUST05888,46.0,Female,3,61.66,2755.45,Two year,DSL,Bank transfer,No,3,Yes,No,No
CUST05889,32.0,Male,8,35.53,796.58,Month-to-month,No,Credit card,No,2,No,No,No
CUST05890,60.0,Male,9,86.45,10188.8,Two year,Fiber optic,Electronic check,Yes,3,No,Yes,Yes
CUST05891,56.0,Female,0,20.41,131.92,One year,DSL,Bank transfer,No,3,No,Yes,Yes
CUST05892,69.0,Male,9,21.12,394.45,Two year,DSL,Credit card,Yes,1,Yes,No,No
CUST05893,46.0,Female,3,61.66,2755.45,Two year,DSL,Bank transfer,No,3,Yes,No,No
CUST05894,32.0,Male,8,35.53,796.58,Month-to-month,No,Credit card,No,2,No,No,No
CUST05895,60.0,Male,9,86.45,10188.8,Two year,Fiber optic,Electronic check,Yes,3,No,Yes,Yes
CUST05896,56.0,Female,0,20.41,131.92,One year,DSL,Bank transfer,No,3,No,Yes,Yes
CUST05897,69.0,Male,9,21.12,394.45,Two year,DSL,Credit card,Yes,1,Yes,No,No
CUST05898,46.0,Female,3,61.66,2755.45,Two year,DSL,Bank transfer,No,3,Yes,No,No
CUST05899,32.0,Male,8,35.53,796.58,Month-to-month,No,Credit card,No,2,No,No,No
CUST05900,60.0,Male,9,86.45,10188.8,Two year,Fiber optic,Electronic check,Yes,3,No,Yes,Yes
CUST05901,56.0,Female,0,20.41,131.92,One year,DSL,Bank transfer,No,3,No,Yes,Yes
CUST05902,69.0,Male,9,21.12,394.45,Two year,DSL,Credit card,Yes,1,Yes,No,No
CUST05903,46.0,Female,3,61.66,2755.45,Two year,DSL,Bank transfer,No,3,Yes,No,No
CUST05904,32.0,Male,8,35.53,796.58,Month-to-month,No,Credit card,No,2,No,No,No
CUST05905,60.0,Male,9,86.45,10188.8,Two year,Fiber optic,Electronic check,Yes,3,No,Yes,Yes
CUST05906,56.0,Female,0,20.41,131.92,One year,DSL,Bank transfer,No,3,No,Yes,Yes
CUST05907,69.0,Male,9,21.12,394.45,Two year,DSL,Credit card,Yes,1,Yes,No,No
CUST05908,46.0,Female,3,61.66,2755.45,Two year,DSL,Bank transfer,No,3,Yes,No,No
CUST05909,32.0,Male,8,35.53,796.58,Month-to-month,No,Credit card,No,2,No,No,No
CUST05910,60.0,Male,9,86.45,10188.8,Two year,Fiber optic,Electronic check,Yes,3,No,Yes,Yes
CUST05911,56.0,Female,0,20.41,131.92,One year,DSL,Bank transfer,No,3,No,Yes,Yes
CUST05912,69.0,Male,9,21.12,394.45,Two year,DSL,Credit card,Yes,1,Yes,No,No
CUST05913,46.0,Female,3,61.66,2755.45,Two year,DSL,Bank transfer,No,3,Yes,No,No
CUST05914,32.0,Male,8,35.53,796.58,Month-to-month,No,Credit card,No,2,No,No,No
CUST05915,60.0,Male,9,86.45,10188.8,Two year,Fiber optic,Electronic check,Yes,3,No,Yes,Yes
CUST05916,56.0,Female,0,20.41,131.92,One year,DSL,Bank transfer,No,3,No,Yes,Yes
CUST05917,69.0,Male,9,21.12,394.45,Two year,DSL,Credit card,Yes,1,Yes,No,No
CUST05918,46.0,Female,3,61.66,2755.45,Two year,DSL,Bank transfer,No,3,Yes,No,No
CUST05919,32.0,Male,8,35.53,796.58,Month-to-month,No,Credit card,No,2,No,No,No
CUST05920,60.0,Male,9,86.45,10188.8,Two year,Fiber optic,Electronic check,Yes,3,No,Yes,Yes
CUST05921,56.0,Female,0,20.41,131.92,One year,DSL,Bank transfer,No,3,No,Yes,Yes
CUST05922,69.0,Male,9,21.12,394.45,Two year,DSL,Credit card,Yes,1,Yes,No,No
CUST05923,46.0,Female,3,61.66,2755.45,Two year,DSL,Bank transfer,No,3,Yes,No,No
CUST05924,32.0,Male,8,35.53,796.58,Month-to-month,No,Credit card,No,2,No,No,No
CUST05925,60.0,Male,9,86.45,10188.8,Two year,Fiber optic,Electronic check,Yes,3,No,Yes,Yes
CUST05926,56.0,Female,0,20.41,131.92,One year,DSL,Bank transfer,No,3,No,Yes,Yes
CUST05927,69.0,Male,9,21.12,394.45,Two year,DSL,Credit card,Yes,1,Yes,No,No
CUST05928,46.0,Female,3,61.66,2755.45,Two year,DSL,Bank transfer,No,3,Yes,No,No
CUST05929,32.0,Male,8,35.53,796.58,Month-to-month,No,Credit card,No,2,No,No,No
CUST05930,60.0,Male,9,86.45,10188.8,Two year,Fiber optic,Electronic check,Yes,3,No,Yes,Yes
CUST05931,56.0,Female,0,20.41,131.92,One year,DSL,Bank transfer,No,3,No,Yes,Yes
CUST05932,69.0,Male,9,21.12,394.45,Two year,DSL,Credit card,Yes,1,Yes,No,No
CUST05933,46.0,Female,3,61.66,2755.45,Two year,DSL,Bank transfer,No,3,Yes,No,No
CUST05934,32.0,Male,8,35.53,796.58,Month-to-month,No,Credit card,No,2,No,No,No
CUST05935,60.0,Male,9,86.45,10188.8,Two year,Fiber optic,Electronic check,Yes,3,No,Yes,Yes
CUST05936,56.0,Female,0,20.41,131.92,One year,DSL,Bank transfer,No,3,No,Yes,Yes
CUST05937,69.0,Male,9,21.12,394.45,Two year,DSL,Credit card,Yes,1,Yes,No,No
CUST05938,46.0,Female,3,61.66,2755.45,Two year,DSL,Bank transfer,No,3,Yes,No,No
CUST05939,32.0,Male,8,35.53,796.58,Month-to-month,No,Credit card,No,2,No,No,No
CUST05940,60.0,Male,9,86.45,10188.8,Two year,Fiber optic,Electronic check,Yes,3,No,Yes,Yes
CUST05941,56.0,Female,0,20.41,131.92,One year,DSL,Bank transfer,No,3,No,Yes,Yes
CUST05942,69.0,Male,9,21.12,394.45,Two year,DSL,Credit card,Yes,1,Yes,No,No
CUST05943,46.0,Female,3,61.66,2755.45,Two year,DSL,Bank transfer,No,3,Yes,No,No
CUST05944,32.0,Male,8,35.53,796.58,Month-to-month,No,Credit card,No,2,No,No,No
CUST05945,60.0,Male,9,86.45,10188.8,Two year,Fiber optic,Electronic check,Yes,3,No,Yes,Yes
CUST05946,56.0,Female,0,20.41,131.92,One year,DSL,Bank transfer,No,3,No,Yes,Yes
CUST05947,69.0,Male,9,21.12,394.45,Two year,DSL,Credit card,Yes,1,Yes,No,No
CUST05948,46.0,Female,3,61.66,2755.45,Two year,DSL,Bank transfer,No,3,Yes,No,No
CUST05949,32.0,Male,8,35.53,796.58,Month-to-month,No,Credit card,No,2,No,No,No
CUST05950,60.0,Male,9,86.45,10188.8,Two year,Fiber optic,Electronic check,Yes,3,No,Yes,Yes
CUST05951,56.0,Female,0,20.41,131.92,One year,DSL,Bank transfer,No,3,No,Yes,Yes
CUST05952,69.0,Male,9,21.12,394.45,Two year,DSL,Credit card,Yes,1,Yes,No,No
CUST05953,46.0,Female,3,61.66,2755.45,Two year,DSL,Bank transfer,No,3,Yes,No,No
CUST05954,32.0,Male,8,35.53,796.58,Month-to-month,No,Credit card,No,2,No,No,No
CUST05955,60.0,Male,9,86.45,10188.8,Two year,Fiber optic,Electronic check,Yes,3,No,Yes,Yes
CUST05956,56.0,Female,0,20.41,131.92,One year,DSL,Bank transfer,No,3,No,Yes,Yes
CUST05957,69.0,Male,9,21.12,394.45,Two year,DSL,Credit card,Yes,1,Yes,No,No
CUST05958,46.0,Female,3,61.66,2755.45,Two year,DSL,Bank transfer,No,3,Yes,No,No
CUST05959,32.0,Male,8,35.53,796.58,Month-to-month,No,Credit card,No,2,No,No,No
CUST05960,60.0,Male,9,86.45,10188.8,Two year,Fiber optic,Electronic check,Yes,3,No,Yes,Yes
CUST05961,56.0,Female,0,20.41,131.92,One year,DSL,Bank transfer,No,3,No,Yes,Yes
CUST05962,69.0,Male,9,21.12,394.45,Two year,DSL,Credit card,Yes,1,Yes,No,No
CUST05963,46.0,Female,3,61.66,2755.45,Two year,DSL,Bank transfer,No,3,Yes,No,No
CUST05964,32.0,Male,8,35.53,796.58,Month-to-month,No,Credit card,No,2,No,No,No
CUST05965,60.0,Male,9,86.45,10188.8,Two year,Fiber optic,Electronic check,Yes,3,No,Yes,Yes
CUST05966,56.0,Female,0,20.41,131.92,One year,DSL,Bank transfer,No,3,No,Yes,Yes
CUST05967,69.0,Male,9,21.12,394.45,Two year,DSL,Credit card,Yes,1,Yes,No,No
CUST05968,46.0,Female,3,61.66,2755.45,Two year,DSL,Bank transfer,No,3,Yes,No,No
CUST05969,32.0,Male,8,35.53,796.58,Month-to-month,No,Credit card,No,2,No,No,No
CUST05970,60.0,Male,9,86.45,10188.8,Two year,Fiber optic,Electronic check,Yes,3,No,Yes,Yes
CUST05971,56.0,Female,0,20.41,131.92,One year,DSL,Bank transfer,No,3,No,Yes,Yes
CUST05972,69.0,Male,9,21.12,394.45,Two year,DSL,Credit card,Yes,1,Yes,No,No
CUST05973,46.0,Female,3,61.66,2755.45,Two year,DSL,Bank transfer,No,3,Yes,No,No
CUST05974,32.0,Male,8,35.53,796.58,Month-to-month,No,Credit card,No,2,No,No,No
CUST05975,60.0,Male,9,86.45,10188.8,Two year,Fiber optic,Electronic check,Yes,3,No,Yes,Yes
CUST05976,56.0,Female,0,20.41,131.92,One year,DSL,Bank transfer,No,3,No,Yes,Yes
CUST05977,69.0,Male,9,21.12,394.45,Two year,DSL,Credit card,Yes,1,Yes,No,No
CUST05978,46.0,Female,3,61.66,2755.45,Two year,DSL,Bank transfer,No,3,Yes,No,No
CUST05979,32.0,Male,8,35.53,796.58,Month-to-month,No,Credit card,No,2,No,No,No
CUST05980,60.0,Male,9,86.45,10188.8,Two year,Fiber optic,Electronic check,Yes,3,No,Yes,Yes
CUST05981,56.0,Female,0,20.41,131.92,One year,DSL,Bank transfer,No,3,No,Yes,Yes
CUST05982,69.0,Male,9,21.12,394.45,Two year,DSL,Credit card,Yes,1,Yes,No,No
CUST05983,46.0,Female,3,61.66,2755.45,Two year,DSL,Bank transfer,No,3,Yes,No,No
CUST05984,32.0,Male,8,35.53,796.58,Month-to-month,No,Credit card,No,2,No,No,No
CUST05985,60.0,Male,9,86.45,10188.8,Two year,Fiber optic,Electronic check,Yes,3,No,Yes,Yes
CUST05986,56.0,Female,0,20.41,131.92,One year,DSL,Bank transfer,No,3,No,Yes,Yes
CUST05987,69.0,Male,9,21.12,394.45,Two year,DSL,Credit card,Yes,1,Yes,No,No
CUST05988,46.0,Female,3,61.66,2755.45,Two year,DSL,Bank transfer,No,3,Yes,No,No
CUST05989,32.0,Male,8,35.53,796.58,Month-to-month,No,Credit card,No,2,No,No,No
CUST05990,60.0,Male,9,86.45,10188.8,Two year,Fiber optic,Electronic check,Yes,3,No,Yes,Yes
CUST05991,56.0,Female,0,20.41,131.92,One year,DSL,Bank transfer,No,3,No,Yes,Yes
CUST05992,69.0,Male,9,21.12,394.45,Two year,DSL,Credit card,Yes,1,Yes,No,No
CUST05993,46.0,Female,3,61.66,2755.45,Two year,DSL,Bank transfer,No,3,Yes,No,No
CUST05994,32.0,Male,8,35.53,796.58,Month-to-month,No,Credit card,No,2,No,No,No
CUST05995,60.0,Male,9,86.45,10188.8,Two year,Fiber optic,Electronic check,Yes,3,No,Yes,Yes
CUST05996,56.0,Female,0,20.41,131.92,One year,DSL,Bank transfer,No,3,No,Yes,Yes
CUST05997,69.0,Male,9,21.12,394.45,Two year,DSL,Credit card,Yes,1,Yes,No,No
CUST05998,46.0,Female,3,61.66,2755.45,Two year,DSL,Bank transfer,No,3,Yes,No,No
CUST05999,32.0,Male,8,35.53,796.58,Month-to-month,No,Credit card,No,2,No,No,No
CUST06000,60.0,Male,9,86.45,10188.8,Two year,Fiber optic,Electronic check,Yes,3,No,Yes,Yes
